HF_HOME is set to /projects/bdrx/azhang14/huggingface_cache
======================================
Running: Model=deepseek-ai/DeepSeek-R1-Distill-Qwen-1.5B, Temp=0, Top_P=0.7
======================================
INFO 12-04 02:48:37 [__init__.py:244] Automatically detected platform cuda.
Loading model...
INFO 12-04 02:50:39 [__init__.py:244] Automatically detected platform cuda.
Model loaded successfully.
[0.0] [0.7]
<class 'list'> <class 'list'>
Running evaluation for task: custom|aime24|0|0, temperature: 0.0, top_p: 0.7, num_seeds: 16

---> Starting run: seed=0 (1/16)
Skipping run, results found in /projects/bdrx/azhang14/SoberReasoningPlus/results/temp_0/deepseek-ai-DeepSeek-R1-Distill-Qwen-1.5B-bfloat16-34816/0-0.0-0.7-aime24-1-128-131072-32768

---> Starting run: seed=1 (2/16)
Skipping run, results found in /projects/bdrx/azhang14/SoberReasoningPlus/results/temp_0/deepseek-ai-DeepSeek-R1-Distill-Qwen-1.5B-bfloat16-34816/1-0.0-0.7-aime24-1-128-131072-32768

---> Starting run: seed=2 (3/16)
Skipping run, results found in /projects/bdrx/azhang14/SoberReasoningPlus/results/temp_0/deepseek-ai-DeepSeek-R1-Distill-Qwen-1.5B-bfloat16-34816/2-0.0-0.7-aime24-1-128-131072-32768

---> Starting run: seed=3 (4/16)
Skipping run, results found in /projects/bdrx/azhang14/SoberReasoningPlus/results/temp_0/deepseek-ai-DeepSeek-R1-Distill-Qwen-1.5B-bfloat16-34816/3-0.0-0.7-aime24-1-128-131072-32768

---> Starting run: seed=4 (5/16)
Skipping run, results found in /projects/bdrx/azhang14/SoberReasoningPlus/results/temp_0/deepseek-ai-DeepSeek-R1-Distill-Qwen-1.5B-bfloat16-34816/4-0.0-0.7-aime24-1-128-131072-32768

---> Starting run: seed=5 (6/16)
Skipping run, results found in /projects/bdrx/azhang14/SoberReasoningPlus/results/temp_0/deepseek-ai-DeepSeek-R1-Distill-Qwen-1.5B-bfloat16-34816/5-0.0-0.7-aime24-1-128-131072-32768

---> Starting run: seed=6 (7/16)
Skipping run, results found in /projects/bdrx/azhang14/SoberReasoningPlus/results/temp_0/deepseek-ai-DeepSeek-R1-Distill-Qwen-1.5B-bfloat16-34816/6-0.0-0.7-aime24-1-128-131072-32768

---> Starting run: seed=7 (8/16)
Skipping run, results found in /projects/bdrx/azhang14/SoberReasoningPlus/results/temp_0/deepseek-ai-DeepSeek-R1-Distill-Qwen-1.5B-bfloat16-34816/7-0.0-0.7-aime24-1-128-131072-32768

---> Starting run: seed=8 (9/16)
Skipping run, results found in /projects/bdrx/azhang14/SoberReasoningPlus/results/temp_0/deepseek-ai-DeepSeek-R1-Distill-Qwen-1.5B-bfloat16-34816/8-0.0-0.7-aime24-1-128-131072-32768

---> Starting run: seed=9 (10/16)
Skipping run, results found in /projects/bdrx/azhang14/SoberReasoningPlus/results/temp_0/deepseek-ai-DeepSeek-R1-Distill-Qwen-1.5B-bfloat16-34816/9-0.0-0.7-aime24-1-128-131072-32768

---> Starting run: seed=10 (11/16)
Skipping run, results found in /projects/bdrx/azhang14/SoberReasoningPlus/results/temp_0/deepseek-ai-DeepSeek-R1-Distill-Qwen-1.5B-bfloat16-34816/10-0.0-0.7-aime24-1-128-131072-32768

---> Starting run: seed=11 (12/16)
Skipping run, results found in /projects/bdrx/azhang14/SoberReasoningPlus/results/temp_0/deepseek-ai-DeepSeek-R1-Distill-Qwen-1.5B-bfloat16-34816/11-0.0-0.7-aime24-1-128-131072-32768

---> Starting run: seed=12 (13/16)
Skipping run, results found in /projects/bdrx/azhang14/SoberReasoningPlus/results/temp_0/deepseek-ai-DeepSeek-R1-Distill-Qwen-1.5B-bfloat16-34816/12-0.0-0.7-aime24-1-128-131072-32768

---> Starting run: seed=13 (14/16)
Skipping run, results found in /projects/bdrx/azhang14/SoberReasoningPlus/results/temp_0/deepseek-ai-DeepSeek-R1-Distill-Qwen-1.5B-bfloat16-34816/13-0.0-0.7-aime24-1-128-131072-32768

---> Starting run: seed=14 (15/16)
Skipping run, results found in /projects/bdrx/azhang14/SoberReasoningPlus/results/temp_0/deepseek-ai-DeepSeek-R1-Distill-Qwen-1.5B-bfloat16-34816/14-0.0-0.7-aime24-1-128-131072-32768

---> Starting run: seed=15 (16/16)
Skipping run, results found in /projects/bdrx/azhang14/SoberReasoningPlus/results/temp_0/deepseek-ai-DeepSeek-R1-Distill-Qwen-1.5B-bfloat16-34816/15-0.0-0.7-aime24-1-128-131072-32768
Running evaluation for task: custom|aime25|0|0, temperature: 0.0, top_p: 0.7, num_seeds: 16

---> Starting run: seed=0 (1/16)
Skipping run, results found in /projects/bdrx/azhang14/SoberReasoningPlus/results/temp_0/deepseek-ai-DeepSeek-R1-Distill-Qwen-1.5B-bfloat16-34816/0-0.0-0.7-aime25-1-128-131072-32768

---> Starting run: seed=1 (2/16)
Skipping run, results found in /projects/bdrx/azhang14/SoberReasoningPlus/results/temp_0/deepseek-ai-DeepSeek-R1-Distill-Qwen-1.5B-bfloat16-34816/1-0.0-0.7-aime25-1-128-131072-32768

---> Starting run: seed=2 (3/16)
Skipping run, results found in /projects/bdrx/azhang14/SoberReasoningPlus/results/temp_0/deepseek-ai-DeepSeek-R1-Distill-Qwen-1.5B-bfloat16-34816/2-0.0-0.7-aime25-1-128-131072-32768

---> Starting run: seed=3 (4/16)
Skipping run, results found in /projects/bdrx/azhang14/SoberReasoningPlus/results/temp_0/deepseek-ai-DeepSeek-R1-Distill-Qwen-1.5B-bfloat16-34816/3-0.0-0.7-aime25-1-128-131072-32768

---> Starting run: seed=4 (5/16)
Skipping run, results found in /projects/bdrx/azhang14/SoberReasoningPlus/results/temp_0/deepseek-ai-DeepSeek-R1-Distill-Qwen-1.5B-bfloat16-34816/4-0.0-0.7-aime25-1-128-131072-32768

---> Starting run: seed=5 (6/16)
Skipping run, results found in /projects/bdrx/azhang14/SoberReasoningPlus/results/temp_0/deepseek-ai-DeepSeek-R1-Distill-Qwen-1.5B-bfloat16-34816/5-0.0-0.7-aime25-1-128-131072-32768

---> Starting run: seed=6 (7/16)
Skipping run, results found in /projects/bdrx/azhang14/SoberReasoningPlus/results/temp_0/deepseek-ai-DeepSeek-R1-Distill-Qwen-1.5B-bfloat16-34816/6-0.0-0.7-aime25-1-128-131072-32768

---> Starting run: seed=7 (8/16)
Skipping run, results found in /projects/bdrx/azhang14/SoberReasoningPlus/results/temp_0/deepseek-ai-DeepSeek-R1-Distill-Qwen-1.5B-bfloat16-34816/7-0.0-0.7-aime25-1-128-131072-32768

---> Starting run: seed=8 (9/16)
Skipping run, results found in /projects/bdrx/azhang14/SoberReasoningPlus/results/temp_0/deepseek-ai-DeepSeek-R1-Distill-Qwen-1.5B-bfloat16-34816/8-0.0-0.7-aime25-1-128-131072-32768

---> Starting run: seed=9 (10/16)
Skipping run, results found in /projects/bdrx/azhang14/SoberReasoningPlus/results/temp_0/deepseek-ai-DeepSeek-R1-Distill-Qwen-1.5B-bfloat16-34816/9-0.0-0.7-aime25-1-128-131072-32768

---> Starting run: seed=10 (11/16)
Skipping run, results found in /projects/bdrx/azhang14/SoberReasoningPlus/results/temp_0/deepseek-ai-DeepSeek-R1-Distill-Qwen-1.5B-bfloat16-34816/10-0.0-0.7-aime25-1-128-131072-32768

---> Starting run: seed=11 (12/16)
Skipping run, results found in /projects/bdrx/azhang14/SoberReasoningPlus/results/temp_0/deepseek-ai-DeepSeek-R1-Distill-Qwen-1.5B-bfloat16-34816/11-0.0-0.7-aime25-1-128-131072-32768

---> Starting run: seed=12 (13/16)
Skipping run, results found in /projects/bdrx/azhang14/SoberReasoningPlus/results/temp_0/deepseek-ai-DeepSeek-R1-Distill-Qwen-1.5B-bfloat16-34816/12-0.0-0.7-aime25-1-128-131072-32768

---> Starting run: seed=13 (14/16)
Skipping run, results found in /projects/bdrx/azhang14/SoberReasoningPlus/results/temp_0/deepseek-ai-DeepSeek-R1-Distill-Qwen-1.5B-bfloat16-34816/13-0.0-0.7-aime25-1-128-131072-32768

---> Starting run: seed=14 (15/16)
Skipping run, results found in /projects/bdrx/azhang14/SoberReasoningPlus/results/temp_0/deepseek-ai-DeepSeek-R1-Distill-Qwen-1.5B-bfloat16-34816/14-0.0-0.7-aime25-1-128-131072-32768

---> Starting run: seed=15 (16/16)
Skipping run, results found in /projects/bdrx/azhang14/SoberReasoningPlus/results/temp_0/deepseek-ai-DeepSeek-R1-Distill-Qwen-1.5B-bfloat16-34816/15-0.0-0.7-aime25-1-128-131072-32768
Running evaluation for task: custom|amc23|0|0, temperature: 0.0, top_p: 0.7, num_seeds: 16

---> Starting run: seed=0 (1/16)
Skipping run, results found in /projects/bdrx/azhang14/SoberReasoningPlus/results/temp_0/deepseek-ai-DeepSeek-R1-Distill-Qwen-1.5B-bfloat16-34816/0-0.0-0.7-amc23-1-128-131072-32768

---> Starting run: seed=1 (2/16)
Skipping run, results found in /projects/bdrx/azhang14/SoberReasoningPlus/results/temp_0/deepseek-ai-DeepSeek-R1-Distill-Qwen-1.5B-bfloat16-34816/1-0.0-0.7-amc23-1-128-131072-32768

---> Starting run: seed=2 (3/16)
Skipping run, results found in /projects/bdrx/azhang14/SoberReasoningPlus/results/temp_0/deepseek-ai-DeepSeek-R1-Distill-Qwen-1.5B-bfloat16-34816/2-0.0-0.7-amc23-1-128-131072-32768

---> Starting run: seed=3 (4/16)
Skipping run, results found in /projects/bdrx/azhang14/SoberReasoningPlus/results/temp_0/deepseek-ai-DeepSeek-R1-Distill-Qwen-1.5B-bfloat16-34816/3-0.0-0.7-amc23-1-128-131072-32768

---> Starting run: seed=4 (5/16)
Skipping run, results found in /projects/bdrx/azhang14/SoberReasoningPlus/results/temp_0/deepseek-ai-DeepSeek-R1-Distill-Qwen-1.5B-bfloat16-34816/4-0.0-0.7-amc23-1-128-131072-32768

---> Starting run: seed=5 (6/16)
Skipping run, results found in /projects/bdrx/azhang14/SoberReasoningPlus/results/temp_0/deepseek-ai-DeepSeek-R1-Distill-Qwen-1.5B-bfloat16-34816/5-0.0-0.7-amc23-1-128-131072-32768

---> Starting run: seed=6 (7/16)
Skipping run, results found in /projects/bdrx/azhang14/SoberReasoningPlus/results/temp_0/deepseek-ai-DeepSeek-R1-Distill-Qwen-1.5B-bfloat16-34816/6-0.0-0.7-amc23-1-128-131072-32768

---> Starting run: seed=7 (8/16)
Skipping run, results found in /projects/bdrx/azhang14/SoberReasoningPlus/results/temp_0/deepseek-ai-DeepSeek-R1-Distill-Qwen-1.5B-bfloat16-34816/7-0.0-0.7-amc23-1-128-131072-32768

---> Starting run: seed=8 (9/16)
Skipping run, results found in /projects/bdrx/azhang14/SoberReasoningPlus/results/temp_0/deepseek-ai-DeepSeek-R1-Distill-Qwen-1.5B-bfloat16-34816/8-0.0-0.7-amc23-1-128-131072-32768

---> Starting run: seed=9 (10/16)
Skipping run, results found in /projects/bdrx/azhang14/SoberReasoningPlus/results/temp_0/deepseek-ai-DeepSeek-R1-Distill-Qwen-1.5B-bfloat16-34816/9-0.0-0.7-amc23-1-128-131072-32768

---> Starting run: seed=10 (11/16)
Skipping run, results found in /projects/bdrx/azhang14/SoberReasoningPlus/results/temp_0/deepseek-ai-DeepSeek-R1-Distill-Qwen-1.5B-bfloat16-34816/10-0.0-0.7-amc23-1-128-131072-32768

---> Starting run: seed=11 (12/16)
Skipping run, results found in /projects/bdrx/azhang14/SoberReasoningPlus/results/temp_0/deepseek-ai-DeepSeek-R1-Distill-Qwen-1.5B-bfloat16-34816/11-0.0-0.7-amc23-1-128-131072-32768

---> Starting run: seed=12 (13/16)
Skipping run, results found in /projects/bdrx/azhang14/SoberReasoningPlus/results/temp_0/deepseek-ai-DeepSeek-R1-Distill-Qwen-1.5B-bfloat16-34816/12-0.0-0.7-amc23-1-128-131072-32768

---> Starting run: seed=13 (14/16)
Skipping run, results found in /projects/bdrx/azhang14/SoberReasoningPlus/results/temp_0/deepseek-ai-DeepSeek-R1-Distill-Qwen-1.5B-bfloat16-34816/13-0.0-0.7-amc23-1-128-131072-32768

---> Starting run: seed=14 (15/16)
Skipping run, results found in /projects/bdrx/azhang14/SoberReasoningPlus/results/temp_0/deepseek-ai-DeepSeek-R1-Distill-Qwen-1.5B-bfloat16-34816/14-0.0-0.7-amc23-1-128-131072-32768

---> Starting run: seed=15 (16/16)
Skipping run, results found in /projects/bdrx/azhang14/SoberReasoningPlus/results/temp_0/deepseek-ai-DeepSeek-R1-Distill-Qwen-1.5B-bfloat16-34816/15-0.0-0.7-amc23-1-128-131072-32768
Running evaluation for task: custom|math_500|0|0, temperature: 0.0, top_p: 0.7, num_seeds: 3

---> Starting run: seed=0 (1/3)
Skipping run, results found in /projects/bdrx/azhang14/SoberReasoningPlus/results/temp_0/deepseek-ai-DeepSeek-R1-Distill-Qwen-1.5B-bfloat16-34816/0-0.0-0.7-math_500-1-128-131072-32768

---> Starting run: seed=1 (2/3)
Skipping run, results found in /projects/bdrx/azhang14/SoberReasoningPlus/results/temp_0/deepseek-ai-DeepSeek-R1-Distill-Qwen-1.5B-bfloat16-34816/1-0.0-0.7-math_500-1-128-131072-32768

---> Starting run: seed=2 (3/3)
Skipping run, results found in /projects/bdrx/azhang14/SoberReasoningPlus/results/temp_0/deepseek-ai-DeepSeek-R1-Distill-Qwen-1.5B-bfloat16-34816/2-0.0-0.7-math_500-1-128-131072-32768
Running evaluation for task: custom|minerva|0|0, temperature: 0.0, top_p: 0.7, num_seeds: 3

---> Starting run: seed=0 (1/3)
Skipping run, results found in /projects/bdrx/azhang14/SoberReasoningPlus/results/temp_0/deepseek-ai-DeepSeek-R1-Distill-Qwen-1.5B-bfloat16-34816/0-0.0-0.7-minerva-1-128-131072-32768

---> Starting run: seed=1 (2/3)
Skipping run, results found in /projects/bdrx/azhang14/SoberReasoningPlus/results/temp_0/deepseek-ai-DeepSeek-R1-Distill-Qwen-1.5B-bfloat16-34816/1-0.0-0.7-minerva-1-128-131072-32768

---> Starting run: seed=2 (3/3)
Skipping run, results found in /projects/bdrx/azhang14/SoberReasoningPlus/results/temp_0/deepseek-ai-DeepSeek-R1-Distill-Qwen-1.5B-bfloat16-34816/2-0.0-0.7-minerva-1-128-131072-32768
Running evaluation for task: custom|olympiadbench|0|0, temperature: 0.0, top_p: 0.7, num_seeds: 3

---> Starting run: seed=0 (1/3)
Incomplete run found in /projects/bdrx/azhang14/SoberReasoningPlus/results/temp_0/deepseek-ai-DeepSeek-R1-Distill-Qwen-1.5B-bfloat16-34816/0-0.0-0.7-olympiadbench-1-128-131072-32768. Deleting and re-running.
Results will be saved
EvaluationTracker initialized with output directory
PipelineParameters set
Pipeline initialized
Error running model with Temp=0, Top_P=0.7
======================================
Running: Model=deepseek-ai/DeepSeek-R1-Distill-Qwen-1.5B, Temp=0, Top_P=0.8
======================================
INFO 12-04 03:28:33 [__init__.py:244] Automatically detected platform cuda.
Loading model...
INFO 12-04 03:30:42 [__init__.py:244] Automatically detected platform cuda.
Model loaded successfully.
[0.0] [0.8]
<class 'list'> <class 'list'>
Running evaluation for task: custom|aime24|0|0, temperature: 0.0, top_p: 0.8, num_seeds: 16

---> Starting run: seed=0 (1/16)
Skipping run, results found in /projects/bdrx/azhang14/SoberReasoningPlus/results/temp_0/deepseek-ai-DeepSeek-R1-Distill-Qwen-1.5B-bfloat16-34816/0-0.0-0.8-aime24-1-128-131072-32768

---> Starting run: seed=1 (2/16)
Skipping run, results found in /projects/bdrx/azhang14/SoberReasoningPlus/results/temp_0/deepseek-ai-DeepSeek-R1-Distill-Qwen-1.5B-bfloat16-34816/1-0.0-0.8-aime24-1-128-131072-32768

---> Starting run: seed=2 (3/16)
Skipping run, results found in /projects/bdrx/azhang14/SoberReasoningPlus/results/temp_0/deepseek-ai-DeepSeek-R1-Distill-Qwen-1.5B-bfloat16-34816/2-0.0-0.8-aime24-1-128-131072-32768

---> Starting run: seed=3 (4/16)
Skipping run, results found in /projects/bdrx/azhang14/SoberReasoningPlus/results/temp_0/deepseek-ai-DeepSeek-R1-Distill-Qwen-1.5B-bfloat16-34816/3-0.0-0.8-aime24-1-128-131072-32768

---> Starting run: seed=4 (5/16)
Skipping run, results found in /projects/bdrx/azhang14/SoberReasoningPlus/results/temp_0/deepseek-ai-DeepSeek-R1-Distill-Qwen-1.5B-bfloat16-34816/4-0.0-0.8-aime24-1-128-131072-32768

---> Starting run: seed=5 (6/16)
Skipping run, results found in /projects/bdrx/azhang14/SoberReasoningPlus/results/temp_0/deepseek-ai-DeepSeek-R1-Distill-Qwen-1.5B-bfloat16-34816/5-0.0-0.8-aime24-1-128-131072-32768

---> Starting run: seed=6 (7/16)
Skipping run, results found in /projects/bdrx/azhang14/SoberReasoningPlus/results/temp_0/deepseek-ai-DeepSeek-R1-Distill-Qwen-1.5B-bfloat16-34816/6-0.0-0.8-aime24-1-128-131072-32768

---> Starting run: seed=7 (8/16)
Skipping run, results found in /projects/bdrx/azhang14/SoberReasoningPlus/results/temp_0/deepseek-ai-DeepSeek-R1-Distill-Qwen-1.5B-bfloat16-34816/7-0.0-0.8-aime24-1-128-131072-32768

---> Starting run: seed=8 (9/16)
Skipping run, results found in /projects/bdrx/azhang14/SoberReasoningPlus/results/temp_0/deepseek-ai-DeepSeek-R1-Distill-Qwen-1.5B-bfloat16-34816/8-0.0-0.8-aime24-1-128-131072-32768

---> Starting run: seed=9 (10/16)
Skipping run, results found in /projects/bdrx/azhang14/SoberReasoningPlus/results/temp_0/deepseek-ai-DeepSeek-R1-Distill-Qwen-1.5B-bfloat16-34816/9-0.0-0.8-aime24-1-128-131072-32768

---> Starting run: seed=10 (11/16)
Skipping run, results found in /projects/bdrx/azhang14/SoberReasoningPlus/results/temp_0/deepseek-ai-DeepSeek-R1-Distill-Qwen-1.5B-bfloat16-34816/10-0.0-0.8-aime24-1-128-131072-32768

---> Starting run: seed=11 (12/16)
Skipping run, results found in /projects/bdrx/azhang14/SoberReasoningPlus/results/temp_0/deepseek-ai-DeepSeek-R1-Distill-Qwen-1.5B-bfloat16-34816/11-0.0-0.8-aime24-1-128-131072-32768

---> Starting run: seed=12 (13/16)
Skipping run, results found in /projects/bdrx/azhang14/SoberReasoningPlus/results/temp_0/deepseek-ai-DeepSeek-R1-Distill-Qwen-1.5B-bfloat16-34816/12-0.0-0.8-aime24-1-128-131072-32768

---> Starting run: seed=13 (14/16)
Skipping run, results found in /projects/bdrx/azhang14/SoberReasoningPlus/results/temp_0/deepseek-ai-DeepSeek-R1-Distill-Qwen-1.5B-bfloat16-34816/13-0.0-0.8-aime24-1-128-131072-32768

---> Starting run: seed=14 (15/16)
Skipping run, results found in /projects/bdrx/azhang14/SoberReasoningPlus/results/temp_0/deepseek-ai-DeepSeek-R1-Distill-Qwen-1.5B-bfloat16-34816/14-0.0-0.8-aime24-1-128-131072-32768

---> Starting run: seed=15 (16/16)
Skipping run, results found in /projects/bdrx/azhang14/SoberReasoningPlus/results/temp_0/deepseek-ai-DeepSeek-R1-Distill-Qwen-1.5B-bfloat16-34816/15-0.0-0.8-aime24-1-128-131072-32768
Running evaluation for task: custom|aime25|0|0, temperature: 0.0, top_p: 0.8, num_seeds: 16

---> Starting run: seed=0 (1/16)
Skipping run, results found in /projects/bdrx/azhang14/SoberReasoningPlus/results/temp_0/deepseek-ai-DeepSeek-R1-Distill-Qwen-1.5B-bfloat16-34816/0-0.0-0.8-aime25-1-128-131072-32768

---> Starting run: seed=1 (2/16)
Skipping run, results found in /projects/bdrx/azhang14/SoberReasoningPlus/results/temp_0/deepseek-ai-DeepSeek-R1-Distill-Qwen-1.5B-bfloat16-34816/1-0.0-0.8-aime25-1-128-131072-32768

---> Starting run: seed=2 (3/16)
Skipping run, results found in /projects/bdrx/azhang14/SoberReasoningPlus/results/temp_0/deepseek-ai-DeepSeek-R1-Distill-Qwen-1.5B-bfloat16-34816/2-0.0-0.8-aime25-1-128-131072-32768

---> Starting run: seed=3 (4/16)
Skipping run, results found in /projects/bdrx/azhang14/SoberReasoningPlus/results/temp_0/deepseek-ai-DeepSeek-R1-Distill-Qwen-1.5B-bfloat16-34816/3-0.0-0.8-aime25-1-128-131072-32768

---> Starting run: seed=4 (5/16)
Skipping run, results found in /projects/bdrx/azhang14/SoberReasoningPlus/results/temp_0/deepseek-ai-DeepSeek-R1-Distill-Qwen-1.5B-bfloat16-34816/4-0.0-0.8-aime25-1-128-131072-32768

---> Starting run: seed=5 (6/16)
Skipping run, results found in /projects/bdrx/azhang14/SoberReasoningPlus/results/temp_0/deepseek-ai-DeepSeek-R1-Distill-Qwen-1.5B-bfloat16-34816/5-0.0-0.8-aime25-1-128-131072-32768

---> Starting run: seed=6 (7/16)
Skipping run, results found in /projects/bdrx/azhang14/SoberReasoningPlus/results/temp_0/deepseek-ai-DeepSeek-R1-Distill-Qwen-1.5B-bfloat16-34816/6-0.0-0.8-aime25-1-128-131072-32768

---> Starting run: seed=7 (8/16)
Skipping run, results found in /projects/bdrx/azhang14/SoberReasoningPlus/results/temp_0/deepseek-ai-DeepSeek-R1-Distill-Qwen-1.5B-bfloat16-34816/7-0.0-0.8-aime25-1-128-131072-32768

---> Starting run: seed=8 (9/16)
Skipping run, results found in /projects/bdrx/azhang14/SoberReasoningPlus/results/temp_0/deepseek-ai-DeepSeek-R1-Distill-Qwen-1.5B-bfloat16-34816/8-0.0-0.8-aime25-1-128-131072-32768

---> Starting run: seed=9 (10/16)
Skipping run, results found in /projects/bdrx/azhang14/SoberReasoningPlus/results/temp_0/deepseek-ai-DeepSeek-R1-Distill-Qwen-1.5B-bfloat16-34816/9-0.0-0.8-aime25-1-128-131072-32768

---> Starting run: seed=10 (11/16)
Skipping run, results found in /projects/bdrx/azhang14/SoberReasoningPlus/results/temp_0/deepseek-ai-DeepSeek-R1-Distill-Qwen-1.5B-bfloat16-34816/10-0.0-0.8-aime25-1-128-131072-32768

---> Starting run: seed=11 (12/16)
Skipping run, results found in /projects/bdrx/azhang14/SoberReasoningPlus/results/temp_0/deepseek-ai-DeepSeek-R1-Distill-Qwen-1.5B-bfloat16-34816/11-0.0-0.8-aime25-1-128-131072-32768

---> Starting run: seed=12 (13/16)
Skipping run, results found in /projects/bdrx/azhang14/SoberReasoningPlus/results/temp_0/deepseek-ai-DeepSeek-R1-Distill-Qwen-1.5B-bfloat16-34816/12-0.0-0.8-aime25-1-128-131072-32768

---> Starting run: seed=13 (14/16)
Skipping run, results found in /projects/bdrx/azhang14/SoberReasoningPlus/results/temp_0/deepseek-ai-DeepSeek-R1-Distill-Qwen-1.5B-bfloat16-34816/13-0.0-0.8-aime25-1-128-131072-32768

---> Starting run: seed=14 (15/16)
Skipping run, results found in /projects/bdrx/azhang14/SoberReasoningPlus/results/temp_0/deepseek-ai-DeepSeek-R1-Distill-Qwen-1.5B-bfloat16-34816/14-0.0-0.8-aime25-1-128-131072-32768

---> Starting run: seed=15 (16/16)
Skipping run, results found in /projects/bdrx/azhang14/SoberReasoningPlus/results/temp_0/deepseek-ai-DeepSeek-R1-Distill-Qwen-1.5B-bfloat16-34816/15-0.0-0.8-aime25-1-128-131072-32768
Running evaluation for task: custom|amc23|0|0, temperature: 0.0, top_p: 0.8, num_seeds: 16

---> Starting run: seed=0 (1/16)
Skipping run, results found in /projects/bdrx/azhang14/SoberReasoningPlus/results/temp_0/deepseek-ai-DeepSeek-R1-Distill-Qwen-1.5B-bfloat16-34816/0-0.0-0.8-amc23-1-128-131072-32768

---> Starting run: seed=1 (2/16)
Skipping run, results found in /projects/bdrx/azhang14/SoberReasoningPlus/results/temp_0/deepseek-ai-DeepSeek-R1-Distill-Qwen-1.5B-bfloat16-34816/1-0.0-0.8-amc23-1-128-131072-32768

---> Starting run: seed=2 (3/16)
Skipping run, results found in /projects/bdrx/azhang14/SoberReasoningPlus/results/temp_0/deepseek-ai-DeepSeek-R1-Distill-Qwen-1.5B-bfloat16-34816/2-0.0-0.8-amc23-1-128-131072-32768

---> Starting run: seed=3 (4/16)
Skipping run, results found in /projects/bdrx/azhang14/SoberReasoningPlus/results/temp_0/deepseek-ai-DeepSeek-R1-Distill-Qwen-1.5B-bfloat16-34816/3-0.0-0.8-amc23-1-128-131072-32768

---> Starting run: seed=4 (5/16)
Skipping run, results found in /projects/bdrx/azhang14/SoberReasoningPlus/results/temp_0/deepseek-ai-DeepSeek-R1-Distill-Qwen-1.5B-bfloat16-34816/4-0.0-0.8-amc23-1-128-131072-32768

---> Starting run: seed=5 (6/16)
Skipping run, results found in /projects/bdrx/azhang14/SoberReasoningPlus/results/temp_0/deepseek-ai-DeepSeek-R1-Distill-Qwen-1.5B-bfloat16-34816/5-0.0-0.8-amc23-1-128-131072-32768

---> Starting run: seed=6 (7/16)
Skipping run, results found in /projects/bdrx/azhang14/SoberReasoningPlus/results/temp_0/deepseek-ai-DeepSeek-R1-Distill-Qwen-1.5B-bfloat16-34816/6-0.0-0.8-amc23-1-128-131072-32768

---> Starting run: seed=7 (8/16)
Skipping run, results found in /projects/bdrx/azhang14/SoberReasoningPlus/results/temp_0/deepseek-ai-DeepSeek-R1-Distill-Qwen-1.5B-bfloat16-34816/7-0.0-0.8-amc23-1-128-131072-32768

---> Starting run: seed=8 (9/16)
Skipping run, results found in /projects/bdrx/azhang14/SoberReasoningPlus/results/temp_0/deepseek-ai-DeepSeek-R1-Distill-Qwen-1.5B-bfloat16-34816/8-0.0-0.8-amc23-1-128-131072-32768

---> Starting run: seed=9 (10/16)
Skipping run, results found in /projects/bdrx/azhang14/SoberReasoningPlus/results/temp_0/deepseek-ai-DeepSeek-R1-Distill-Qwen-1.5B-bfloat16-34816/9-0.0-0.8-amc23-1-128-131072-32768

---> Starting run: seed=10 (11/16)
Skipping run, results found in /projects/bdrx/azhang14/SoberReasoningPlus/results/temp_0/deepseek-ai-DeepSeek-R1-Distill-Qwen-1.5B-bfloat16-34816/10-0.0-0.8-amc23-1-128-131072-32768

---> Starting run: seed=11 (12/16)
Skipping run, results found in /projects/bdrx/azhang14/SoberReasoningPlus/results/temp_0/deepseek-ai-DeepSeek-R1-Distill-Qwen-1.5B-bfloat16-34816/11-0.0-0.8-amc23-1-128-131072-32768

---> Starting run: seed=12 (13/16)
Skipping run, results found in /projects/bdrx/azhang14/SoberReasoningPlus/results/temp_0/deepseek-ai-DeepSeek-R1-Distill-Qwen-1.5B-bfloat16-34816/12-0.0-0.8-amc23-1-128-131072-32768

---> Starting run: seed=13 (14/16)
Skipping run, results found in /projects/bdrx/azhang14/SoberReasoningPlus/results/temp_0/deepseek-ai-DeepSeek-R1-Distill-Qwen-1.5B-bfloat16-34816/13-0.0-0.8-amc23-1-128-131072-32768

---> Starting run: seed=14 (15/16)
Skipping run, results found in /projects/bdrx/azhang14/SoberReasoningPlus/results/temp_0/deepseek-ai-DeepSeek-R1-Distill-Qwen-1.5B-bfloat16-34816/14-0.0-0.8-amc23-1-128-131072-32768

---> Starting run: seed=15 (16/16)
Skipping run, results found in /projects/bdrx/azhang14/SoberReasoningPlus/results/temp_0/deepseek-ai-DeepSeek-R1-Distill-Qwen-1.5B-bfloat16-34816/15-0.0-0.8-amc23-1-128-131072-32768
Running evaluation for task: custom|math_500|0|0, temperature: 0.0, top_p: 0.8, num_seeds: 3

---> Starting run: seed=0 (1/3)
Incomplete run found in /projects/bdrx/azhang14/SoberReasoningPlus/results/temp_0/deepseek-ai-DeepSeek-R1-Distill-Qwen-1.5B-bfloat16-34816/0-0.0-0.8-math_500-1-128-131072-32768. Deleting and re-running.
Results will be saved
EvaluationTracker initialized with output directory
PipelineParameters set
Pipeline initialized
Error running model with Temp=0, Top_P=0.8
======================================
Running: Model=deepseek-ai/DeepSeek-R1-Distill-Qwen-1.5B, Temp=0, Top_P=0.9
======================================
INFO 12-04 04:05:44 [__init__.py:244] Automatically detected platform cuda.
Loading model...
INFO 12-04 04:08:20 [__init__.py:244] Automatically detected platform cuda.
Model loaded successfully.
[0.0] [0.9]
<class 'list'> <class 'list'>
Running evaluation for task: custom|aime24|0|0, temperature: 0.0, top_p: 0.9, num_seeds: 16

---> Starting run: seed=0 (1/16)
Skipping run, results found in /projects/bdrx/azhang14/SoberReasoningPlus/results/temp_0/deepseek-ai-DeepSeek-R1-Distill-Qwen-1.5B-bfloat16-34816/0-0.0-0.9-aime24-1-128-131072-32768

---> Starting run: seed=1 (2/16)
Skipping run, results found in /projects/bdrx/azhang14/SoberReasoningPlus/results/temp_0/deepseek-ai-DeepSeek-R1-Distill-Qwen-1.5B-bfloat16-34816/1-0.0-0.9-aime24-1-128-131072-32768

---> Starting run: seed=2 (3/16)
Skipping run, results found in /projects/bdrx/azhang14/SoberReasoningPlus/results/temp_0/deepseek-ai-DeepSeek-R1-Distill-Qwen-1.5B-bfloat16-34816/2-0.0-0.9-aime24-1-128-131072-32768

---> Starting run: seed=3 (4/16)
Skipping run, results found in /projects/bdrx/azhang14/SoberReasoningPlus/results/temp_0/deepseek-ai-DeepSeek-R1-Distill-Qwen-1.5B-bfloat16-34816/3-0.0-0.9-aime24-1-128-131072-32768

---> Starting run: seed=4 (5/16)
Skipping run, results found in /projects/bdrx/azhang14/SoberReasoningPlus/results/temp_0/deepseek-ai-DeepSeek-R1-Distill-Qwen-1.5B-bfloat16-34816/4-0.0-0.9-aime24-1-128-131072-32768

---> Starting run: seed=5 (6/16)
Skipping run, results found in /projects/bdrx/azhang14/SoberReasoningPlus/results/temp_0/deepseek-ai-DeepSeek-R1-Distill-Qwen-1.5B-bfloat16-34816/5-0.0-0.9-aime24-1-128-131072-32768

---> Starting run: seed=6 (7/16)
Skipping run, results found in /projects/bdrx/azhang14/SoberReasoningPlus/results/temp_0/deepseek-ai-DeepSeek-R1-Distill-Qwen-1.5B-bfloat16-34816/6-0.0-0.9-aime24-1-128-131072-32768

---> Starting run: seed=7 (8/16)
Skipping run, results found in /projects/bdrx/azhang14/SoberReasoningPlus/results/temp_0/deepseek-ai-DeepSeek-R1-Distill-Qwen-1.5B-bfloat16-34816/7-0.0-0.9-aime24-1-128-131072-32768

---> Starting run: seed=8 (9/16)
Skipping run, results found in /projects/bdrx/azhang14/SoberReasoningPlus/results/temp_0/deepseek-ai-DeepSeek-R1-Distill-Qwen-1.5B-bfloat16-34816/8-0.0-0.9-aime24-1-128-131072-32768

---> Starting run: seed=9 (10/16)
Skipping run, results found in /projects/bdrx/azhang14/SoberReasoningPlus/results/temp_0/deepseek-ai-DeepSeek-R1-Distill-Qwen-1.5B-bfloat16-34816/9-0.0-0.9-aime24-1-128-131072-32768

---> Starting run: seed=10 (11/16)
Skipping run, results found in /projects/bdrx/azhang14/SoberReasoningPlus/results/temp_0/deepseek-ai-DeepSeek-R1-Distill-Qwen-1.5B-bfloat16-34816/10-0.0-0.9-aime24-1-128-131072-32768

---> Starting run: seed=11 (12/16)
Skipping run, results found in /projects/bdrx/azhang14/SoberReasoningPlus/results/temp_0/deepseek-ai-DeepSeek-R1-Distill-Qwen-1.5B-bfloat16-34816/11-0.0-0.9-aime24-1-128-131072-32768

---> Starting run: seed=12 (13/16)
Skipping run, results found in /projects/bdrx/azhang14/SoberReasoningPlus/results/temp_0/deepseek-ai-DeepSeek-R1-Distill-Qwen-1.5B-bfloat16-34816/12-0.0-0.9-aime24-1-128-131072-32768

---> Starting run: seed=13 (14/16)
Skipping run, results found in /projects/bdrx/azhang14/SoberReasoningPlus/results/temp_0/deepseek-ai-DeepSeek-R1-Distill-Qwen-1.5B-bfloat16-34816/13-0.0-0.9-aime24-1-128-131072-32768

---> Starting run: seed=14 (15/16)
Skipping run, results found in /projects/bdrx/azhang14/SoberReasoningPlus/results/temp_0/deepseek-ai-DeepSeek-R1-Distill-Qwen-1.5B-bfloat16-34816/14-0.0-0.9-aime24-1-128-131072-32768

---> Starting run: seed=15 (16/16)
Skipping run, results found in /projects/bdrx/azhang14/SoberReasoningPlus/results/temp_0/deepseek-ai-DeepSeek-R1-Distill-Qwen-1.5B-bfloat16-34816/15-0.0-0.9-aime24-1-128-131072-32768
Running evaluation for task: custom|aime25|0|0, temperature: 0.0, top_p: 0.9, num_seeds: 16

---> Starting run: seed=0 (1/16)
Skipping run, results found in /projects/bdrx/azhang14/SoberReasoningPlus/results/temp_0/deepseek-ai-DeepSeek-R1-Distill-Qwen-1.5B-bfloat16-34816/0-0.0-0.9-aime25-1-128-131072-32768

---> Starting run: seed=1 (2/16)
Skipping run, results found in /projects/bdrx/azhang14/SoberReasoningPlus/results/temp_0/deepseek-ai-DeepSeek-R1-Distill-Qwen-1.5B-bfloat16-34816/1-0.0-0.9-aime25-1-128-131072-32768

---> Starting run: seed=2 (3/16)
Skipping run, results found in /projects/bdrx/azhang14/SoberReasoningPlus/results/temp_0/deepseek-ai-DeepSeek-R1-Distill-Qwen-1.5B-bfloat16-34816/2-0.0-0.9-aime25-1-128-131072-32768

---> Starting run: seed=3 (4/16)
Skipping run, results found in /projects/bdrx/azhang14/SoberReasoningPlus/results/temp_0/deepseek-ai-DeepSeek-R1-Distill-Qwen-1.5B-bfloat16-34816/3-0.0-0.9-aime25-1-128-131072-32768

---> Starting run: seed=4 (5/16)
Skipping run, results found in /projects/bdrx/azhang14/SoberReasoningPlus/results/temp_0/deepseek-ai-DeepSeek-R1-Distill-Qwen-1.5B-bfloat16-34816/4-0.0-0.9-aime25-1-128-131072-32768

---> Starting run: seed=5 (6/16)
Skipping run, results found in /projects/bdrx/azhang14/SoberReasoningPlus/results/temp_0/deepseek-ai-DeepSeek-R1-Distill-Qwen-1.5B-bfloat16-34816/5-0.0-0.9-aime25-1-128-131072-32768

---> Starting run: seed=6 (7/16)
Skipping run, results found in /projects/bdrx/azhang14/SoberReasoningPlus/results/temp_0/deepseek-ai-DeepSeek-R1-Distill-Qwen-1.5B-bfloat16-34816/6-0.0-0.9-aime25-1-128-131072-32768

---> Starting run: seed=7 (8/16)
Skipping run, results found in /projects/bdrx/azhang14/SoberReasoningPlus/results/temp_0/deepseek-ai-DeepSeek-R1-Distill-Qwen-1.5B-bfloat16-34816/7-0.0-0.9-aime25-1-128-131072-32768

---> Starting run: seed=8 (9/16)
Skipping run, results found in /projects/bdrx/azhang14/SoberReasoningPlus/results/temp_0/deepseek-ai-DeepSeek-R1-Distill-Qwen-1.5B-bfloat16-34816/8-0.0-0.9-aime25-1-128-131072-32768

---> Starting run: seed=9 (10/16)
Skipping run, results found in /projects/bdrx/azhang14/SoberReasoningPlus/results/temp_0/deepseek-ai-DeepSeek-R1-Distill-Qwen-1.5B-bfloat16-34816/9-0.0-0.9-aime25-1-128-131072-32768

---> Starting run: seed=10 (11/16)
Skipping run, results found in /projects/bdrx/azhang14/SoberReasoningPlus/results/temp_0/deepseek-ai-DeepSeek-R1-Distill-Qwen-1.5B-bfloat16-34816/10-0.0-0.9-aime25-1-128-131072-32768

---> Starting run: seed=11 (12/16)
Skipping run, results found in /projects/bdrx/azhang14/SoberReasoningPlus/results/temp_0/deepseek-ai-DeepSeek-R1-Distill-Qwen-1.5B-bfloat16-34816/11-0.0-0.9-aime25-1-128-131072-32768

---> Starting run: seed=12 (13/16)
Skipping run, results found in /projects/bdrx/azhang14/SoberReasoningPlus/results/temp_0/deepseek-ai-DeepSeek-R1-Distill-Qwen-1.5B-bfloat16-34816/12-0.0-0.9-aime25-1-128-131072-32768

---> Starting run: seed=13 (14/16)
Skipping run, results found in /projects/bdrx/azhang14/SoberReasoningPlus/results/temp_0/deepseek-ai-DeepSeek-R1-Distill-Qwen-1.5B-bfloat16-34816/13-0.0-0.9-aime25-1-128-131072-32768

---> Starting run: seed=14 (15/16)
Skipping run, results found in /projects/bdrx/azhang14/SoberReasoningPlus/results/temp_0/deepseek-ai-DeepSeek-R1-Distill-Qwen-1.5B-bfloat16-34816/14-0.0-0.9-aime25-1-128-131072-32768

---> Starting run: seed=15 (16/16)
Skipping run, results found in /projects/bdrx/azhang14/SoberReasoningPlus/results/temp_0/deepseek-ai-DeepSeek-R1-Distill-Qwen-1.5B-bfloat16-34816/15-0.0-0.9-aime25-1-128-131072-32768
Running evaluation for task: custom|amc23|0|0, temperature: 0.0, top_p: 0.9, num_seeds: 16

---> Starting run: seed=0 (1/16)
Skipping run, results found in /projects/bdrx/azhang14/SoberReasoningPlus/results/temp_0/deepseek-ai-DeepSeek-R1-Distill-Qwen-1.5B-bfloat16-34816/0-0.0-0.9-amc23-1-128-131072-32768

---> Starting run: seed=1 (2/16)
Skipping run, results found in /projects/bdrx/azhang14/SoberReasoningPlus/results/temp_0/deepseek-ai-DeepSeek-R1-Distill-Qwen-1.5B-bfloat16-34816/1-0.0-0.9-amc23-1-128-131072-32768

---> Starting run: seed=2 (3/16)
Skipping run, results found in /projects/bdrx/azhang14/SoberReasoningPlus/results/temp_0/deepseek-ai-DeepSeek-R1-Distill-Qwen-1.5B-bfloat16-34816/2-0.0-0.9-amc23-1-128-131072-32768

---> Starting run: seed=3 (4/16)
Skipping run, results found in /projects/bdrx/azhang14/SoberReasoningPlus/results/temp_0/deepseek-ai-DeepSeek-R1-Distill-Qwen-1.5B-bfloat16-34816/3-0.0-0.9-amc23-1-128-131072-32768

---> Starting run: seed=4 (5/16)
Skipping run, results found in /projects/bdrx/azhang14/SoberReasoningPlus/results/temp_0/deepseek-ai-DeepSeek-R1-Distill-Qwen-1.5B-bfloat16-34816/4-0.0-0.9-amc23-1-128-131072-32768

---> Starting run: seed=5 (6/16)
Skipping run, results found in /projects/bdrx/azhang14/SoberReasoningPlus/results/temp_0/deepseek-ai-DeepSeek-R1-Distill-Qwen-1.5B-bfloat16-34816/5-0.0-0.9-amc23-1-128-131072-32768

---> Starting run: seed=6 (7/16)
Skipping run, results found in /projects/bdrx/azhang14/SoberReasoningPlus/results/temp_0/deepseek-ai-DeepSeek-R1-Distill-Qwen-1.5B-bfloat16-34816/6-0.0-0.9-amc23-1-128-131072-32768

---> Starting run: seed=7 (8/16)
Skipping run, results found in /projects/bdrx/azhang14/SoberReasoningPlus/results/temp_0/deepseek-ai-DeepSeek-R1-Distill-Qwen-1.5B-bfloat16-34816/7-0.0-0.9-amc23-1-128-131072-32768

---> Starting run: seed=8 (9/16)
Skipping run, results found in /projects/bdrx/azhang14/SoberReasoningPlus/results/temp_0/deepseek-ai-DeepSeek-R1-Distill-Qwen-1.5B-bfloat16-34816/8-0.0-0.9-amc23-1-128-131072-32768

---> Starting run: seed=9 (10/16)
Skipping run, results found in /projects/bdrx/azhang14/SoberReasoningPlus/results/temp_0/deepseek-ai-DeepSeek-R1-Distill-Qwen-1.5B-bfloat16-34816/9-0.0-0.9-amc23-1-128-131072-32768

---> Starting run: seed=10 (11/16)
Skipping run, results found in /projects/bdrx/azhang14/SoberReasoningPlus/results/temp_0/deepseek-ai-DeepSeek-R1-Distill-Qwen-1.5B-bfloat16-34816/10-0.0-0.9-amc23-1-128-131072-32768

---> Starting run: seed=11 (12/16)
Skipping run, results found in /projects/bdrx/azhang14/SoberReasoningPlus/results/temp_0/deepseek-ai-DeepSeek-R1-Distill-Qwen-1.5B-bfloat16-34816/11-0.0-0.9-amc23-1-128-131072-32768

---> Starting run: seed=12 (13/16)
Skipping run, results found in /projects/bdrx/azhang14/SoberReasoningPlus/results/temp_0/deepseek-ai-DeepSeek-R1-Distill-Qwen-1.5B-bfloat16-34816/12-0.0-0.9-amc23-1-128-131072-32768

---> Starting run: seed=13 (14/16)
Skipping run, results found in /projects/bdrx/azhang14/SoberReasoningPlus/results/temp_0/deepseek-ai-DeepSeek-R1-Distill-Qwen-1.5B-bfloat16-34816/13-0.0-0.9-amc23-1-128-131072-32768

---> Starting run: seed=14 (15/16)
Skipping run, results found in /projects/bdrx/azhang14/SoberReasoningPlus/results/temp_0/deepseek-ai-DeepSeek-R1-Distill-Qwen-1.5B-bfloat16-34816/14-0.0-0.9-amc23-1-128-131072-32768

---> Starting run: seed=15 (16/16)
Skipping run, results found in /projects/bdrx/azhang14/SoberReasoningPlus/results/temp_0/deepseek-ai-DeepSeek-R1-Distill-Qwen-1.5B-bfloat16-34816/15-0.0-0.9-amc23-1-128-131072-32768
Running evaluation for task: custom|math_500|0|0, temperature: 0.0, top_p: 0.9, num_seeds: 3

---> Starting run: seed=0 (1/3)
Incomplete run found in /projects/bdrx/azhang14/SoberReasoningPlus/results/temp_0/deepseek-ai-DeepSeek-R1-Distill-Qwen-1.5B-bfloat16-34816/0-0.0-0.9-math_500-1-128-131072-32768. Deleting and re-running.
Results will be saved
EvaluationTracker initialized with output directory
PipelineParameters set
Pipeline initialized
Error running model with Temp=0, Top_P=0.9
======================================
Running: Model=deepseek-ai/DeepSeek-R1-Distill-Qwen-1.5B, Temp=0, Top_P=0.95
======================================
INFO 12-04 04:43:42 [__init__.py:244] Automatically detected platform cuda.
Loading model...
INFO 12-04 04:46:07 [__init__.py:244] Automatically detected platform cuda.
Model loaded successfully.
[0.0] [0.95]
<class 'list'> <class 'list'>
Running evaluation for task: custom|aime24|0|0, temperature: 0.0, top_p: 0.95, num_seeds: 16

---> Starting run: seed=0 (1/16)
Skipping run, results found in /projects/bdrx/azhang14/SoberReasoningPlus/results/temp_0/deepseek-ai-DeepSeek-R1-Distill-Qwen-1.5B-bfloat16-34816/0-0.0-0.95-aime24-1-128-131072-32768

---> Starting run: seed=1 (2/16)
Skipping run, results found in /projects/bdrx/azhang14/SoberReasoningPlus/results/temp_0/deepseek-ai-DeepSeek-R1-Distill-Qwen-1.5B-bfloat16-34816/1-0.0-0.95-aime24-1-128-131072-32768

---> Starting run: seed=2 (3/16)
Skipping run, results found in /projects/bdrx/azhang14/SoberReasoningPlus/results/temp_0/deepseek-ai-DeepSeek-R1-Distill-Qwen-1.5B-bfloat16-34816/2-0.0-0.95-aime24-1-128-131072-32768

---> Starting run: seed=3 (4/16)
Skipping run, results found in /projects/bdrx/azhang14/SoberReasoningPlus/results/temp_0/deepseek-ai-DeepSeek-R1-Distill-Qwen-1.5B-bfloat16-34816/3-0.0-0.95-aime24-1-128-131072-32768

---> Starting run: seed=4 (5/16)
Skipping run, results found in /projects/bdrx/azhang14/SoberReasoningPlus/results/temp_0/deepseek-ai-DeepSeek-R1-Distill-Qwen-1.5B-bfloat16-34816/4-0.0-0.95-aime24-1-128-131072-32768

---> Starting run: seed=5 (6/16)
Skipping run, results found in /projects/bdrx/azhang14/SoberReasoningPlus/results/temp_0/deepseek-ai-DeepSeek-R1-Distill-Qwen-1.5B-bfloat16-34816/5-0.0-0.95-aime24-1-128-131072-32768

---> Starting run: seed=6 (7/16)
Skipping run, results found in /projects/bdrx/azhang14/SoberReasoningPlus/results/temp_0/deepseek-ai-DeepSeek-R1-Distill-Qwen-1.5B-bfloat16-34816/6-0.0-0.95-aime24-1-128-131072-32768

---> Starting run: seed=7 (8/16)
Skipping run, results found in /projects/bdrx/azhang14/SoberReasoningPlus/results/temp_0/deepseek-ai-DeepSeek-R1-Distill-Qwen-1.5B-bfloat16-34816/7-0.0-0.95-aime24-1-128-131072-32768

---> Starting run: seed=8 (9/16)
Skipping run, results found in /projects/bdrx/azhang14/SoberReasoningPlus/results/temp_0/deepseek-ai-DeepSeek-R1-Distill-Qwen-1.5B-bfloat16-34816/8-0.0-0.95-aime24-1-128-131072-32768

---> Starting run: seed=9 (10/16)
Skipping run, results found in /projects/bdrx/azhang14/SoberReasoningPlus/results/temp_0/deepseek-ai-DeepSeek-R1-Distill-Qwen-1.5B-bfloat16-34816/9-0.0-0.95-aime24-1-128-131072-32768

---> Starting run: seed=10 (11/16)
Skipping run, results found in /projects/bdrx/azhang14/SoberReasoningPlus/results/temp_0/deepseek-ai-DeepSeek-R1-Distill-Qwen-1.5B-bfloat16-34816/10-0.0-0.95-aime24-1-128-131072-32768

---> Starting run: seed=11 (12/16)
Skipping run, results found in /projects/bdrx/azhang14/SoberReasoningPlus/results/temp_0/deepseek-ai-DeepSeek-R1-Distill-Qwen-1.5B-bfloat16-34816/11-0.0-0.95-aime24-1-128-131072-32768

---> Starting run: seed=12 (13/16)
Skipping run, results found in /projects/bdrx/azhang14/SoberReasoningPlus/results/temp_0/deepseek-ai-DeepSeek-R1-Distill-Qwen-1.5B-bfloat16-34816/12-0.0-0.95-aime24-1-128-131072-32768

---> Starting run: seed=13 (14/16)
Skipping run, results found in /projects/bdrx/azhang14/SoberReasoningPlus/results/temp_0/deepseek-ai-DeepSeek-R1-Distill-Qwen-1.5B-bfloat16-34816/13-0.0-0.95-aime24-1-128-131072-32768

---> Starting run: seed=14 (15/16)
Skipping run, results found in /projects/bdrx/azhang14/SoberReasoningPlus/results/temp_0/deepseek-ai-DeepSeek-R1-Distill-Qwen-1.5B-bfloat16-34816/14-0.0-0.95-aime24-1-128-131072-32768

---> Starting run: seed=15 (16/16)
Skipping run, results found in /projects/bdrx/azhang14/SoberReasoningPlus/results/temp_0/deepseek-ai-DeepSeek-R1-Distill-Qwen-1.5B-bfloat16-34816/15-0.0-0.95-aime24-1-128-131072-32768
Running evaluation for task: custom|aime25|0|0, temperature: 0.0, top_p: 0.95, num_seeds: 16

---> Starting run: seed=0 (1/16)
Skipping run, results found in /projects/bdrx/azhang14/SoberReasoningPlus/results/temp_0/deepseek-ai-DeepSeek-R1-Distill-Qwen-1.5B-bfloat16-34816/0-0.0-0.95-aime25-1-128-131072-32768

---> Starting run: seed=1 (2/16)
Skipping run, results found in /projects/bdrx/azhang14/SoberReasoningPlus/results/temp_0/deepseek-ai-DeepSeek-R1-Distill-Qwen-1.5B-bfloat16-34816/1-0.0-0.95-aime25-1-128-131072-32768

---> Starting run: seed=2 (3/16)
Skipping run, results found in /projects/bdrx/azhang14/SoberReasoningPlus/results/temp_0/deepseek-ai-DeepSeek-R1-Distill-Qwen-1.5B-bfloat16-34816/2-0.0-0.95-aime25-1-128-131072-32768

---> Starting run: seed=3 (4/16)
Skipping run, results found in /projects/bdrx/azhang14/SoberReasoningPlus/results/temp_0/deepseek-ai-DeepSeek-R1-Distill-Qwen-1.5B-bfloat16-34816/3-0.0-0.95-aime25-1-128-131072-32768

---> Starting run: seed=4 (5/16)
Skipping run, results found in /projects/bdrx/azhang14/SoberReasoningPlus/results/temp_0/deepseek-ai-DeepSeek-R1-Distill-Qwen-1.5B-bfloat16-34816/4-0.0-0.95-aime25-1-128-131072-32768

---> Starting run: seed=5 (6/16)
Skipping run, results found in /projects/bdrx/azhang14/SoberReasoningPlus/results/temp_0/deepseek-ai-DeepSeek-R1-Distill-Qwen-1.5B-bfloat16-34816/5-0.0-0.95-aime25-1-128-131072-32768

---> Starting run: seed=6 (7/16)
Skipping run, results found in /projects/bdrx/azhang14/SoberReasoningPlus/results/temp_0/deepseek-ai-DeepSeek-R1-Distill-Qwen-1.5B-bfloat16-34816/6-0.0-0.95-aime25-1-128-131072-32768

---> Starting run: seed=7 (8/16)
Skipping run, results found in /projects/bdrx/azhang14/SoberReasoningPlus/results/temp_0/deepseek-ai-DeepSeek-R1-Distill-Qwen-1.5B-bfloat16-34816/7-0.0-0.95-aime25-1-128-131072-32768

---> Starting run: seed=8 (9/16)
Skipping run, results found in /projects/bdrx/azhang14/SoberReasoningPlus/results/temp_0/deepseek-ai-DeepSeek-R1-Distill-Qwen-1.5B-bfloat16-34816/8-0.0-0.95-aime25-1-128-131072-32768

---> Starting run: seed=9 (10/16)
Skipping run, results found in /projects/bdrx/azhang14/SoberReasoningPlus/results/temp_0/deepseek-ai-DeepSeek-R1-Distill-Qwen-1.5B-bfloat16-34816/9-0.0-0.95-aime25-1-128-131072-32768

---> Starting run: seed=10 (11/16)
Skipping run, results found in /projects/bdrx/azhang14/SoberReasoningPlus/results/temp_0/deepseek-ai-DeepSeek-R1-Distill-Qwen-1.5B-bfloat16-34816/10-0.0-0.95-aime25-1-128-131072-32768

---> Starting run: seed=11 (12/16)
Skipping run, results found in /projects/bdrx/azhang14/SoberReasoningPlus/results/temp_0/deepseek-ai-DeepSeek-R1-Distill-Qwen-1.5B-bfloat16-34816/11-0.0-0.95-aime25-1-128-131072-32768

---> Starting run: seed=12 (13/16)
Skipping run, results found in /projects/bdrx/azhang14/SoberReasoningPlus/results/temp_0/deepseek-ai-DeepSeek-R1-Distill-Qwen-1.5B-bfloat16-34816/12-0.0-0.95-aime25-1-128-131072-32768

---> Starting run: seed=13 (14/16)
Skipping run, results found in /projects/bdrx/azhang14/SoberReasoningPlus/results/temp_0/deepseek-ai-DeepSeek-R1-Distill-Qwen-1.5B-bfloat16-34816/13-0.0-0.95-aime25-1-128-131072-32768

---> Starting run: seed=14 (15/16)
Skipping run, results found in /projects/bdrx/azhang14/SoberReasoningPlus/results/temp_0/deepseek-ai-DeepSeek-R1-Distill-Qwen-1.5B-bfloat16-34816/14-0.0-0.95-aime25-1-128-131072-32768

---> Starting run: seed=15 (16/16)
Skipping run, results found in /projects/bdrx/azhang14/SoberReasoningPlus/results/temp_0/deepseek-ai-DeepSeek-R1-Distill-Qwen-1.5B-bfloat16-34816/15-0.0-0.95-aime25-1-128-131072-32768
Running evaluation for task: custom|amc23|0|0, temperature: 0.0, top_p: 0.95, num_seeds: 16

---> Starting run: seed=0 (1/16)
Skipping run, results found in /projects/bdrx/azhang14/SoberReasoningPlus/results/temp_0/deepseek-ai-DeepSeek-R1-Distill-Qwen-1.5B-bfloat16-34816/0-0.0-0.95-amc23-1-128-131072-32768

---> Starting run: seed=1 (2/16)
Skipping run, results found in /projects/bdrx/azhang14/SoberReasoningPlus/results/temp_0/deepseek-ai-DeepSeek-R1-Distill-Qwen-1.5B-bfloat16-34816/1-0.0-0.95-amc23-1-128-131072-32768

---> Starting run: seed=2 (3/16)
Skipping run, results found in /projects/bdrx/azhang14/SoberReasoningPlus/results/temp_0/deepseek-ai-DeepSeek-R1-Distill-Qwen-1.5B-bfloat16-34816/2-0.0-0.95-amc23-1-128-131072-32768

---> Starting run: seed=3 (4/16)
Skipping run, results found in /projects/bdrx/azhang14/SoberReasoningPlus/results/temp_0/deepseek-ai-DeepSeek-R1-Distill-Qwen-1.5B-bfloat16-34816/3-0.0-0.95-amc23-1-128-131072-32768

---> Starting run: seed=4 (5/16)
Skipping run, results found in /projects/bdrx/azhang14/SoberReasoningPlus/results/temp_0/deepseek-ai-DeepSeek-R1-Distill-Qwen-1.5B-bfloat16-34816/4-0.0-0.95-amc23-1-128-131072-32768

---> Starting run: seed=5 (6/16)
Skipping run, results found in /projects/bdrx/azhang14/SoberReasoningPlus/results/temp_0/deepseek-ai-DeepSeek-R1-Distill-Qwen-1.5B-bfloat16-34816/5-0.0-0.95-amc23-1-128-131072-32768

---> Starting run: seed=6 (7/16)
Skipping run, results found in /projects/bdrx/azhang14/SoberReasoningPlus/results/temp_0/deepseek-ai-DeepSeek-R1-Distill-Qwen-1.5B-bfloat16-34816/6-0.0-0.95-amc23-1-128-131072-32768

---> Starting run: seed=7 (8/16)
Skipping run, results found in /projects/bdrx/azhang14/SoberReasoningPlus/results/temp_0/deepseek-ai-DeepSeek-R1-Distill-Qwen-1.5B-bfloat16-34816/7-0.0-0.95-amc23-1-128-131072-32768

---> Starting run: seed=8 (9/16)
Skipping run, results found in /projects/bdrx/azhang14/SoberReasoningPlus/results/temp_0/deepseek-ai-DeepSeek-R1-Distill-Qwen-1.5B-bfloat16-34816/8-0.0-0.95-amc23-1-128-131072-32768

---> Starting run: seed=9 (10/16)
Skipping run, results found in /projects/bdrx/azhang14/SoberReasoningPlus/results/temp_0/deepseek-ai-DeepSeek-R1-Distill-Qwen-1.5B-bfloat16-34816/9-0.0-0.95-amc23-1-128-131072-32768

---> Starting run: seed=10 (11/16)
Skipping run, results found in /projects/bdrx/azhang14/SoberReasoningPlus/results/temp_0/deepseek-ai-DeepSeek-R1-Distill-Qwen-1.5B-bfloat16-34816/10-0.0-0.95-amc23-1-128-131072-32768

---> Starting run: seed=11 (12/16)
Skipping run, results found in /projects/bdrx/azhang14/SoberReasoningPlus/results/temp_0/deepseek-ai-DeepSeek-R1-Distill-Qwen-1.5B-bfloat16-34816/11-0.0-0.95-amc23-1-128-131072-32768

---> Starting run: seed=12 (13/16)
Skipping run, results found in /projects/bdrx/azhang14/SoberReasoningPlus/results/temp_0/deepseek-ai-DeepSeek-R1-Distill-Qwen-1.5B-bfloat16-34816/12-0.0-0.95-amc23-1-128-131072-32768

---> Starting run: seed=13 (14/16)
Skipping run, results found in /projects/bdrx/azhang14/SoberReasoningPlus/results/temp_0/deepseek-ai-DeepSeek-R1-Distill-Qwen-1.5B-bfloat16-34816/13-0.0-0.95-amc23-1-128-131072-32768

---> Starting run: seed=14 (15/16)
Skipping run, results found in /projects/bdrx/azhang14/SoberReasoningPlus/results/temp_0/deepseek-ai-DeepSeek-R1-Distill-Qwen-1.5B-bfloat16-34816/14-0.0-0.95-amc23-1-128-131072-32768

---> Starting run: seed=15 (16/16)
Skipping run, results found in /projects/bdrx/azhang14/SoberReasoningPlus/results/temp_0/deepseek-ai-DeepSeek-R1-Distill-Qwen-1.5B-bfloat16-34816/15-0.0-0.95-amc23-1-128-131072-32768
Running evaluation for task: custom|math_500|0|0, temperature: 0.0, top_p: 0.95, num_seeds: 3

---> Starting run: seed=0 (1/3)
Incomplete run found in /projects/bdrx/azhang14/SoberReasoningPlus/results/temp_0/deepseek-ai-DeepSeek-R1-Distill-Qwen-1.5B-bfloat16-34816/0-0.0-0.95-math_500-1-128-131072-32768. Deleting and re-running.
Results will be saved
EvaluationTracker initialized with output directory
PipelineParameters set
Pipeline initialized
Error running model with Temp=0, Top_P=0.95
======================================
Running: Model=deepseek-ai/DeepSeek-R1-Distill-Qwen-1.5B, Temp=0, Top_P=1.0
======================================
INFO 12-04 05:20:59 [__init__.py:244] Automatically detected platform cuda.
Loading model...
INFO 12-04 05:23:47 [__init__.py:244] Automatically detected platform cuda.
Model loaded successfully.
[0.0] [1.0]
<class 'list'> <class 'list'>
Running evaluation for task: custom|aime24|0|0, temperature: 0.0, top_p: 1.0, num_seeds: 16

---> Starting run: seed=0 (1/16)
Skipping run, results found in /projects/bdrx/azhang14/SoberReasoningPlus/results/temp_0/deepseek-ai-DeepSeek-R1-Distill-Qwen-1.5B-bfloat16-34816/0-0.0-1.0-aime24-1-128-131072-32768

---> Starting run: seed=1 (2/16)
Skipping run, results found in /projects/bdrx/azhang14/SoberReasoningPlus/results/temp_0/deepseek-ai-DeepSeek-R1-Distill-Qwen-1.5B-bfloat16-34816/1-0.0-1.0-aime24-1-128-131072-32768

---> Starting run: seed=2 (3/16)
Skipping run, results found in /projects/bdrx/azhang14/SoberReasoningPlus/results/temp_0/deepseek-ai-DeepSeek-R1-Distill-Qwen-1.5B-bfloat16-34816/2-0.0-1.0-aime24-1-128-131072-32768

---> Starting run: seed=3 (4/16)
Skipping run, results found in /projects/bdrx/azhang14/SoberReasoningPlus/results/temp_0/deepseek-ai-DeepSeek-R1-Distill-Qwen-1.5B-bfloat16-34816/3-0.0-1.0-aime24-1-128-131072-32768

---> Starting run: seed=4 (5/16)
Skipping run, results found in /projects/bdrx/azhang14/SoberReasoningPlus/results/temp_0/deepseek-ai-DeepSeek-R1-Distill-Qwen-1.5B-bfloat16-34816/4-0.0-1.0-aime24-1-128-131072-32768

---> Starting run: seed=5 (6/16)
Skipping run, results found in /projects/bdrx/azhang14/SoberReasoningPlus/results/temp_0/deepseek-ai-DeepSeek-R1-Distill-Qwen-1.5B-bfloat16-34816/5-0.0-1.0-aime24-1-128-131072-32768

---> Starting run: seed=6 (7/16)
Skipping run, results found in /projects/bdrx/azhang14/SoberReasoningPlus/results/temp_0/deepseek-ai-DeepSeek-R1-Distill-Qwen-1.5B-bfloat16-34816/6-0.0-1.0-aime24-1-128-131072-32768

---> Starting run: seed=7 (8/16)
Skipping run, results found in /projects/bdrx/azhang14/SoberReasoningPlus/results/temp_0/deepseek-ai-DeepSeek-R1-Distill-Qwen-1.5B-bfloat16-34816/7-0.0-1.0-aime24-1-128-131072-32768

---> Starting run: seed=8 (9/16)
Skipping run, results found in /projects/bdrx/azhang14/SoberReasoningPlus/results/temp_0/deepseek-ai-DeepSeek-R1-Distill-Qwen-1.5B-bfloat16-34816/8-0.0-1.0-aime24-1-128-131072-32768

---> Starting run: seed=9 (10/16)
Skipping run, results found in /projects/bdrx/azhang14/SoberReasoningPlus/results/temp_0/deepseek-ai-DeepSeek-R1-Distill-Qwen-1.5B-bfloat16-34816/9-0.0-1.0-aime24-1-128-131072-32768

---> Starting run: seed=10 (11/16)
Skipping run, results found in /projects/bdrx/azhang14/SoberReasoningPlus/results/temp_0/deepseek-ai-DeepSeek-R1-Distill-Qwen-1.5B-bfloat16-34816/10-0.0-1.0-aime24-1-128-131072-32768

---> Starting run: seed=11 (12/16)
Skipping run, results found in /projects/bdrx/azhang14/SoberReasoningPlus/results/temp_0/deepseek-ai-DeepSeek-R1-Distill-Qwen-1.5B-bfloat16-34816/11-0.0-1.0-aime24-1-128-131072-32768

---> Starting run: seed=12 (13/16)
Skipping run, results found in /projects/bdrx/azhang14/SoberReasoningPlus/results/temp_0/deepseek-ai-DeepSeek-R1-Distill-Qwen-1.5B-bfloat16-34816/12-0.0-1.0-aime24-1-128-131072-32768

---> Starting run: seed=13 (14/16)
Skipping run, results found in /projects/bdrx/azhang14/SoberReasoningPlus/results/temp_0/deepseek-ai-DeepSeek-R1-Distill-Qwen-1.5B-bfloat16-34816/13-0.0-1.0-aime24-1-128-131072-32768

---> Starting run: seed=14 (15/16)
Skipping run, results found in /projects/bdrx/azhang14/SoberReasoningPlus/results/temp_0/deepseek-ai-DeepSeek-R1-Distill-Qwen-1.5B-bfloat16-34816/14-0.0-1.0-aime24-1-128-131072-32768

---> Starting run: seed=15 (16/16)
Skipping run, results found in /projects/bdrx/azhang14/SoberReasoningPlus/results/temp_0/deepseek-ai-DeepSeek-R1-Distill-Qwen-1.5B-bfloat16-34816/15-0.0-1.0-aime24-1-128-131072-32768
Running evaluation for task: custom|aime25|0|0, temperature: 0.0, top_p: 1.0, num_seeds: 16

---> Starting run: seed=0 (1/16)
Skipping run, results found in /projects/bdrx/azhang14/SoberReasoningPlus/results/temp_0/deepseek-ai-DeepSeek-R1-Distill-Qwen-1.5B-bfloat16-34816/0-0.0-1.0-aime25-1-128-131072-32768

---> Starting run: seed=1 (2/16)
Skipping run, results found in /projects/bdrx/azhang14/SoberReasoningPlus/results/temp_0/deepseek-ai-DeepSeek-R1-Distill-Qwen-1.5B-bfloat16-34816/1-0.0-1.0-aime25-1-128-131072-32768

---> Starting run: seed=2 (3/16)
Skipping run, results found in /projects/bdrx/azhang14/SoberReasoningPlus/results/temp_0/deepseek-ai-DeepSeek-R1-Distill-Qwen-1.5B-bfloat16-34816/2-0.0-1.0-aime25-1-128-131072-32768

---> Starting run: seed=3 (4/16)
Skipping run, results found in /projects/bdrx/azhang14/SoberReasoningPlus/results/temp_0/deepseek-ai-DeepSeek-R1-Distill-Qwen-1.5B-bfloat16-34816/3-0.0-1.0-aime25-1-128-131072-32768

---> Starting run: seed=4 (5/16)
Skipping run, results found in /projects/bdrx/azhang14/SoberReasoningPlus/results/temp_0/deepseek-ai-DeepSeek-R1-Distill-Qwen-1.5B-bfloat16-34816/4-0.0-1.0-aime25-1-128-131072-32768

---> Starting run: seed=5 (6/16)
Skipping run, results found in /projects/bdrx/azhang14/SoberReasoningPlus/results/temp_0/deepseek-ai-DeepSeek-R1-Distill-Qwen-1.5B-bfloat16-34816/5-0.0-1.0-aime25-1-128-131072-32768

---> Starting run: seed=6 (7/16)
Skipping run, results found in /projects/bdrx/azhang14/SoberReasoningPlus/results/temp_0/deepseek-ai-DeepSeek-R1-Distill-Qwen-1.5B-bfloat16-34816/6-0.0-1.0-aime25-1-128-131072-32768

---> Starting run: seed=7 (8/16)
Skipping run, results found in /projects/bdrx/azhang14/SoberReasoningPlus/results/temp_0/deepseek-ai-DeepSeek-R1-Distill-Qwen-1.5B-bfloat16-34816/7-0.0-1.0-aime25-1-128-131072-32768

---> Starting run: seed=8 (9/16)
Skipping run, results found in /projects/bdrx/azhang14/SoberReasoningPlus/results/temp_0/deepseek-ai-DeepSeek-R1-Distill-Qwen-1.5B-bfloat16-34816/8-0.0-1.0-aime25-1-128-131072-32768

---> Starting run: seed=9 (10/16)
Skipping run, results found in /projects/bdrx/azhang14/SoberReasoningPlus/results/temp_0/deepseek-ai-DeepSeek-R1-Distill-Qwen-1.5B-bfloat16-34816/9-0.0-1.0-aime25-1-128-131072-32768

---> Starting run: seed=10 (11/16)
Skipping run, results found in /projects/bdrx/azhang14/SoberReasoningPlus/results/temp_0/deepseek-ai-DeepSeek-R1-Distill-Qwen-1.5B-bfloat16-34816/10-0.0-1.0-aime25-1-128-131072-32768

---> Starting run: seed=11 (12/16)
Skipping run, results found in /projects/bdrx/azhang14/SoberReasoningPlus/results/temp_0/deepseek-ai-DeepSeek-R1-Distill-Qwen-1.5B-bfloat16-34816/11-0.0-1.0-aime25-1-128-131072-32768

---> Starting run: seed=12 (13/16)
Skipping run, results found in /projects/bdrx/azhang14/SoberReasoningPlus/results/temp_0/deepseek-ai-DeepSeek-R1-Distill-Qwen-1.5B-bfloat16-34816/12-0.0-1.0-aime25-1-128-131072-32768

---> Starting run: seed=13 (14/16)
Skipping run, results found in /projects/bdrx/azhang14/SoberReasoningPlus/results/temp_0/deepseek-ai-DeepSeek-R1-Distill-Qwen-1.5B-bfloat16-34816/13-0.0-1.0-aime25-1-128-131072-32768

---> Starting run: seed=14 (15/16)
Skipping run, results found in /projects/bdrx/azhang14/SoberReasoningPlus/results/temp_0/deepseek-ai-DeepSeek-R1-Distill-Qwen-1.5B-bfloat16-34816/14-0.0-1.0-aime25-1-128-131072-32768

---> Starting run: seed=15 (16/16)
Skipping run, results found in /projects/bdrx/azhang14/SoberReasoningPlus/results/temp_0/deepseek-ai-DeepSeek-R1-Distill-Qwen-1.5B-bfloat16-34816/15-0.0-1.0-aime25-1-128-131072-32768
Running evaluation for task: custom|amc23|0|0, temperature: 0.0, top_p: 1.0, num_seeds: 16

---> Starting run: seed=0 (1/16)
Skipping run, results found in /projects/bdrx/azhang14/SoberReasoningPlus/results/temp_0/deepseek-ai-DeepSeek-R1-Distill-Qwen-1.5B-bfloat16-34816/0-0.0-1.0-amc23-1-128-131072-32768

---> Starting run: seed=1 (2/16)
Skipping run, results found in /projects/bdrx/azhang14/SoberReasoningPlus/results/temp_0/deepseek-ai-DeepSeek-R1-Distill-Qwen-1.5B-bfloat16-34816/1-0.0-1.0-amc23-1-128-131072-32768

---> Starting run: seed=2 (3/16)
Skipping run, results found in /projects/bdrx/azhang14/SoberReasoningPlus/results/temp_0/deepseek-ai-DeepSeek-R1-Distill-Qwen-1.5B-bfloat16-34816/2-0.0-1.0-amc23-1-128-131072-32768

---> Starting run: seed=3 (4/16)
Skipping run, results found in /projects/bdrx/azhang14/SoberReasoningPlus/results/temp_0/deepseek-ai-DeepSeek-R1-Distill-Qwen-1.5B-bfloat16-34816/3-0.0-1.0-amc23-1-128-131072-32768

---> Starting run: seed=4 (5/16)
Skipping run, results found in /projects/bdrx/azhang14/SoberReasoningPlus/results/temp_0/deepseek-ai-DeepSeek-R1-Distill-Qwen-1.5B-bfloat16-34816/4-0.0-1.0-amc23-1-128-131072-32768

---> Starting run: seed=5 (6/16)
Skipping run, results found in /projects/bdrx/azhang14/SoberReasoningPlus/results/temp_0/deepseek-ai-DeepSeek-R1-Distill-Qwen-1.5B-bfloat16-34816/5-0.0-1.0-amc23-1-128-131072-32768

---> Starting run: seed=6 (7/16)
Skipping run, results found in /projects/bdrx/azhang14/SoberReasoningPlus/results/temp_0/deepseek-ai-DeepSeek-R1-Distill-Qwen-1.5B-bfloat16-34816/6-0.0-1.0-amc23-1-128-131072-32768

---> Starting run: seed=7 (8/16)
Skipping run, results found in /projects/bdrx/azhang14/SoberReasoningPlus/results/temp_0/deepseek-ai-DeepSeek-R1-Distill-Qwen-1.5B-bfloat16-34816/7-0.0-1.0-amc23-1-128-131072-32768

---> Starting run: seed=8 (9/16)
Skipping run, results found in /projects/bdrx/azhang14/SoberReasoningPlus/results/temp_0/deepseek-ai-DeepSeek-R1-Distill-Qwen-1.5B-bfloat16-34816/8-0.0-1.0-amc23-1-128-131072-32768

---> Starting run: seed=9 (10/16)
Skipping run, results found in /projects/bdrx/azhang14/SoberReasoningPlus/results/temp_0/deepseek-ai-DeepSeek-R1-Distill-Qwen-1.5B-bfloat16-34816/9-0.0-1.0-amc23-1-128-131072-32768

---> Starting run: seed=10 (11/16)
Skipping run, results found in /projects/bdrx/azhang14/SoberReasoningPlus/results/temp_0/deepseek-ai-DeepSeek-R1-Distill-Qwen-1.5B-bfloat16-34816/10-0.0-1.0-amc23-1-128-131072-32768

---> Starting run: seed=11 (12/16)
Skipping run, results found in /projects/bdrx/azhang14/SoberReasoningPlus/results/temp_0/deepseek-ai-DeepSeek-R1-Distill-Qwen-1.5B-bfloat16-34816/11-0.0-1.0-amc23-1-128-131072-32768

---> Starting run: seed=12 (13/16)
Skipping run, results found in /projects/bdrx/azhang14/SoberReasoningPlus/results/temp_0/deepseek-ai-DeepSeek-R1-Distill-Qwen-1.5B-bfloat16-34816/12-0.0-1.0-amc23-1-128-131072-32768

---> Starting run: seed=13 (14/16)
Skipping run, results found in /projects/bdrx/azhang14/SoberReasoningPlus/results/temp_0/deepseek-ai-DeepSeek-R1-Distill-Qwen-1.5B-bfloat16-34816/13-0.0-1.0-amc23-1-128-131072-32768

---> Starting run: seed=14 (15/16)
Skipping run, results found in /projects/bdrx/azhang14/SoberReasoningPlus/results/temp_0/deepseek-ai-DeepSeek-R1-Distill-Qwen-1.5B-bfloat16-34816/14-0.0-1.0-amc23-1-128-131072-32768

---> Starting run: seed=15 (16/16)
Skipping run, results found in /projects/bdrx/azhang14/SoberReasoningPlus/results/temp_0/deepseek-ai-DeepSeek-R1-Distill-Qwen-1.5B-bfloat16-34816/15-0.0-1.0-amc23-1-128-131072-32768
Running evaluation for task: custom|math_500|0|0, temperature: 0.0, top_p: 1.0, num_seeds: 3

---> Starting run: seed=0 (1/3)
Incomplete run found in /projects/bdrx/azhang14/SoberReasoningPlus/results/temp_0/deepseek-ai-DeepSeek-R1-Distill-Qwen-1.5B-bfloat16-34816/0-0.0-1.0-math_500-1-128-131072-32768. Deleting and re-running.
Results will be saved
EvaluationTracker initialized with output directory
PipelineParameters set
Pipeline initialized
Error running model with Temp=0, Top_P=1.0
======================================
Running: Model=deepseek-ai/DeepSeek-R1-Distill-Qwen-1.5B, Temp=0.2, Top_P=0.7
======================================
INFO 12-04 06:00:44 [__init__.py:244] Automatically detected platform cuda.
Loading model...
INFO 12-04 06:04:11 [__init__.py:244] Automatically detected platform cuda.
Model loaded successfully.
[0.2] [0.7]
<class 'list'> <class 'list'>
Running evaluation for task: custom|aime24|0|0, temperature: 0.2, top_p: 0.7, num_seeds: 16

---> Starting run: seed=0 (1/16)
Skipping run, results found in /projects/bdrx/azhang14/SoberReasoningPlus/results/temp_0.2/deepseek-ai-DeepSeek-R1-Distill-Qwen-1.5B-bfloat16-34816/0-0.2-0.7-aime24-1-128-131072-32768

---> Starting run: seed=1 (2/16)
Skipping run, results found in /projects/bdrx/azhang14/SoberReasoningPlus/results/temp_0.2/deepseek-ai-DeepSeek-R1-Distill-Qwen-1.5B-bfloat16-34816/1-0.2-0.7-aime24-1-128-131072-32768

---> Starting run: seed=2 (3/16)
Skipping run, results found in /projects/bdrx/azhang14/SoberReasoningPlus/results/temp_0.2/deepseek-ai-DeepSeek-R1-Distill-Qwen-1.5B-bfloat16-34816/2-0.2-0.7-aime24-1-128-131072-32768

---> Starting run: seed=3 (4/16)
Skipping run, results found in /projects/bdrx/azhang14/SoberReasoningPlus/results/temp_0.2/deepseek-ai-DeepSeek-R1-Distill-Qwen-1.5B-bfloat16-34816/3-0.2-0.7-aime24-1-128-131072-32768

---> Starting run: seed=4 (5/16)
Skipping run, results found in /projects/bdrx/azhang14/SoberReasoningPlus/results/temp_0.2/deepseek-ai-DeepSeek-R1-Distill-Qwen-1.5B-bfloat16-34816/4-0.2-0.7-aime24-1-128-131072-32768

---> Starting run: seed=5 (6/16)
Skipping run, results found in /projects/bdrx/azhang14/SoberReasoningPlus/results/temp_0.2/deepseek-ai-DeepSeek-R1-Distill-Qwen-1.5B-bfloat16-34816/5-0.2-0.7-aime24-1-128-131072-32768

---> Starting run: seed=6 (7/16)
Skipping run, results found in /projects/bdrx/azhang14/SoberReasoningPlus/results/temp_0.2/deepseek-ai-DeepSeek-R1-Distill-Qwen-1.5B-bfloat16-34816/6-0.2-0.7-aime24-1-128-131072-32768

---> Starting run: seed=7 (8/16)
Skipping run, results found in /projects/bdrx/azhang14/SoberReasoningPlus/results/temp_0.2/deepseek-ai-DeepSeek-R1-Distill-Qwen-1.5B-bfloat16-34816/7-0.2-0.7-aime24-1-128-131072-32768

---> Starting run: seed=8 (9/16)
Skipping run, results found in /projects/bdrx/azhang14/SoberReasoningPlus/results/temp_0.2/deepseek-ai-DeepSeek-R1-Distill-Qwen-1.5B-bfloat16-34816/8-0.2-0.7-aime24-1-128-131072-32768

---> Starting run: seed=9 (10/16)
Skipping run, results found in /projects/bdrx/azhang14/SoberReasoningPlus/results/temp_0.2/deepseek-ai-DeepSeek-R1-Distill-Qwen-1.5B-bfloat16-34816/9-0.2-0.7-aime24-1-128-131072-32768

---> Starting run: seed=10 (11/16)
Skipping run, results found in /projects/bdrx/azhang14/SoberReasoningPlus/results/temp_0.2/deepseek-ai-DeepSeek-R1-Distill-Qwen-1.5B-bfloat16-34816/10-0.2-0.7-aime24-1-128-131072-32768

---> Starting run: seed=11 (12/16)
Skipping run, results found in /projects/bdrx/azhang14/SoberReasoningPlus/results/temp_0.2/deepseek-ai-DeepSeek-R1-Distill-Qwen-1.5B-bfloat16-34816/11-0.2-0.7-aime24-1-128-131072-32768

---> Starting run: seed=12 (13/16)
Skipping run, results found in /projects/bdrx/azhang14/SoberReasoningPlus/results/temp_0.2/deepseek-ai-DeepSeek-R1-Distill-Qwen-1.5B-bfloat16-34816/12-0.2-0.7-aime24-1-128-131072-32768

---> Starting run: seed=13 (14/16)
Skipping run, results found in /projects/bdrx/azhang14/SoberReasoningPlus/results/temp_0.2/deepseek-ai-DeepSeek-R1-Distill-Qwen-1.5B-bfloat16-34816/13-0.2-0.7-aime24-1-128-131072-32768

---> Starting run: seed=14 (15/16)
Skipping run, results found in /projects/bdrx/azhang14/SoberReasoningPlus/results/temp_0.2/deepseek-ai-DeepSeek-R1-Distill-Qwen-1.5B-bfloat16-34816/14-0.2-0.7-aime24-1-128-131072-32768

---> Starting run: seed=15 (16/16)
Skipping run, results found in /projects/bdrx/azhang14/SoberReasoningPlus/results/temp_0.2/deepseek-ai-DeepSeek-R1-Distill-Qwen-1.5B-bfloat16-34816/15-0.2-0.7-aime24-1-128-131072-32768
Running evaluation for task: custom|aime25|0|0, temperature: 0.2, top_p: 0.7, num_seeds: 16

---> Starting run: seed=0 (1/16)
Skipping run, results found in /projects/bdrx/azhang14/SoberReasoningPlus/results/temp_0.2/deepseek-ai-DeepSeek-R1-Distill-Qwen-1.5B-bfloat16-34816/0-0.2-0.7-aime25-1-128-131072-32768

---> Starting run: seed=1 (2/16)
Skipping run, results found in /projects/bdrx/azhang14/SoberReasoningPlus/results/temp_0.2/deepseek-ai-DeepSeek-R1-Distill-Qwen-1.5B-bfloat16-34816/1-0.2-0.7-aime25-1-128-131072-32768

---> Starting run: seed=2 (3/16)
Skipping run, results found in /projects/bdrx/azhang14/SoberReasoningPlus/results/temp_0.2/deepseek-ai-DeepSeek-R1-Distill-Qwen-1.5B-bfloat16-34816/2-0.2-0.7-aime25-1-128-131072-32768

---> Starting run: seed=3 (4/16)
Skipping run, results found in /projects/bdrx/azhang14/SoberReasoningPlus/results/temp_0.2/deepseek-ai-DeepSeek-R1-Distill-Qwen-1.5B-bfloat16-34816/3-0.2-0.7-aime25-1-128-131072-32768

---> Starting run: seed=4 (5/16)
Skipping run, results found in /projects/bdrx/azhang14/SoberReasoningPlus/results/temp_0.2/deepseek-ai-DeepSeek-R1-Distill-Qwen-1.5B-bfloat16-34816/4-0.2-0.7-aime25-1-128-131072-32768

---> Starting run: seed=5 (6/16)
Skipping run, results found in /projects/bdrx/azhang14/SoberReasoningPlus/results/temp_0.2/deepseek-ai-DeepSeek-R1-Distill-Qwen-1.5B-bfloat16-34816/5-0.2-0.7-aime25-1-128-131072-32768

---> Starting run: seed=6 (7/16)
Skipping run, results found in /projects/bdrx/azhang14/SoberReasoningPlus/results/temp_0.2/deepseek-ai-DeepSeek-R1-Distill-Qwen-1.5B-bfloat16-34816/6-0.2-0.7-aime25-1-128-131072-32768

---> Starting run: seed=7 (8/16)
Skipping run, results found in /projects/bdrx/azhang14/SoberReasoningPlus/results/temp_0.2/deepseek-ai-DeepSeek-R1-Distill-Qwen-1.5B-bfloat16-34816/7-0.2-0.7-aime25-1-128-131072-32768

---> Starting run: seed=8 (9/16)
Skipping run, results found in /projects/bdrx/azhang14/SoberReasoningPlus/results/temp_0.2/deepseek-ai-DeepSeek-R1-Distill-Qwen-1.5B-bfloat16-34816/8-0.2-0.7-aime25-1-128-131072-32768

---> Starting run: seed=9 (10/16)
Skipping run, results found in /projects/bdrx/azhang14/SoberReasoningPlus/results/temp_0.2/deepseek-ai-DeepSeek-R1-Distill-Qwen-1.5B-bfloat16-34816/9-0.2-0.7-aime25-1-128-131072-32768

---> Starting run: seed=10 (11/16)
Skipping run, results found in /projects/bdrx/azhang14/SoberReasoningPlus/results/temp_0.2/deepseek-ai-DeepSeek-R1-Distill-Qwen-1.5B-bfloat16-34816/10-0.2-0.7-aime25-1-128-131072-32768

---> Starting run: seed=11 (12/16)
Skipping run, results found in /projects/bdrx/azhang14/SoberReasoningPlus/results/temp_0.2/deepseek-ai-DeepSeek-R1-Distill-Qwen-1.5B-bfloat16-34816/11-0.2-0.7-aime25-1-128-131072-32768

---> Starting run: seed=12 (13/16)
Skipping run, results found in /projects/bdrx/azhang14/SoberReasoningPlus/results/temp_0.2/deepseek-ai-DeepSeek-R1-Distill-Qwen-1.5B-bfloat16-34816/12-0.2-0.7-aime25-1-128-131072-32768

---> Starting run: seed=13 (14/16)
Skipping run, results found in /projects/bdrx/azhang14/SoberReasoningPlus/results/temp_0.2/deepseek-ai-DeepSeek-R1-Distill-Qwen-1.5B-bfloat16-34816/13-0.2-0.7-aime25-1-128-131072-32768

---> Starting run: seed=14 (15/16)
Skipping run, results found in /projects/bdrx/azhang14/SoberReasoningPlus/results/temp_0.2/deepseek-ai-DeepSeek-R1-Distill-Qwen-1.5B-bfloat16-34816/14-0.2-0.7-aime25-1-128-131072-32768

---> Starting run: seed=15 (16/16)
Skipping run, results found in /projects/bdrx/azhang14/SoberReasoningPlus/results/temp_0.2/deepseek-ai-DeepSeek-R1-Distill-Qwen-1.5B-bfloat16-34816/15-0.2-0.7-aime25-1-128-131072-32768
Running evaluation for task: custom|amc23|0|0, temperature: 0.2, top_p: 0.7, num_seeds: 16

---> Starting run: seed=0 (1/16)
Skipping run, results found in /projects/bdrx/azhang14/SoberReasoningPlus/results/temp_0.2/deepseek-ai-DeepSeek-R1-Distill-Qwen-1.5B-bfloat16-34816/0-0.2-0.7-amc23-1-128-131072-32768

---> Starting run: seed=1 (2/16)
Skipping run, results found in /projects/bdrx/azhang14/SoberReasoningPlus/results/temp_0.2/deepseek-ai-DeepSeek-R1-Distill-Qwen-1.5B-bfloat16-34816/1-0.2-0.7-amc23-1-128-131072-32768

---> Starting run: seed=2 (3/16)
Skipping run, results found in /projects/bdrx/azhang14/SoberReasoningPlus/results/temp_0.2/deepseek-ai-DeepSeek-R1-Distill-Qwen-1.5B-bfloat16-34816/2-0.2-0.7-amc23-1-128-131072-32768

---> Starting run: seed=3 (4/16)
Skipping run, results found in /projects/bdrx/azhang14/SoberReasoningPlus/results/temp_0.2/deepseek-ai-DeepSeek-R1-Distill-Qwen-1.5B-bfloat16-34816/3-0.2-0.7-amc23-1-128-131072-32768

---> Starting run: seed=4 (5/16)
Skipping run, results found in /projects/bdrx/azhang14/SoberReasoningPlus/results/temp_0.2/deepseek-ai-DeepSeek-R1-Distill-Qwen-1.5B-bfloat16-34816/4-0.2-0.7-amc23-1-128-131072-32768

---> Starting run: seed=5 (6/16)
Skipping run, results found in /projects/bdrx/azhang14/SoberReasoningPlus/results/temp_0.2/deepseek-ai-DeepSeek-R1-Distill-Qwen-1.5B-bfloat16-34816/5-0.2-0.7-amc23-1-128-131072-32768

---> Starting run: seed=6 (7/16)
Skipping run, results found in /projects/bdrx/azhang14/SoberReasoningPlus/results/temp_0.2/deepseek-ai-DeepSeek-R1-Distill-Qwen-1.5B-bfloat16-34816/6-0.2-0.7-amc23-1-128-131072-32768

---> Starting run: seed=7 (8/16)
Skipping run, results found in /projects/bdrx/azhang14/SoberReasoningPlus/results/temp_0.2/deepseek-ai-DeepSeek-R1-Distill-Qwen-1.5B-bfloat16-34816/7-0.2-0.7-amc23-1-128-131072-32768

---> Starting run: seed=8 (9/16)
Skipping run, results found in /projects/bdrx/azhang14/SoberReasoningPlus/results/temp_0.2/deepseek-ai-DeepSeek-R1-Distill-Qwen-1.5B-bfloat16-34816/8-0.2-0.7-amc23-1-128-131072-32768

---> Starting run: seed=9 (10/16)
Skipping run, results found in /projects/bdrx/azhang14/SoberReasoningPlus/results/temp_0.2/deepseek-ai-DeepSeek-R1-Distill-Qwen-1.5B-bfloat16-34816/9-0.2-0.7-amc23-1-128-131072-32768

---> Starting run: seed=10 (11/16)
Skipping run, results found in /projects/bdrx/azhang14/SoberReasoningPlus/results/temp_0.2/deepseek-ai-DeepSeek-R1-Distill-Qwen-1.5B-bfloat16-34816/10-0.2-0.7-amc23-1-128-131072-32768

---> Starting run: seed=11 (12/16)
Skipping run, results found in /projects/bdrx/azhang14/SoberReasoningPlus/results/temp_0.2/deepseek-ai-DeepSeek-R1-Distill-Qwen-1.5B-bfloat16-34816/11-0.2-0.7-amc23-1-128-131072-32768

---> Starting run: seed=12 (13/16)
Skipping run, results found in /projects/bdrx/azhang14/SoberReasoningPlus/results/temp_0.2/deepseek-ai-DeepSeek-R1-Distill-Qwen-1.5B-bfloat16-34816/12-0.2-0.7-amc23-1-128-131072-32768

---> Starting run: seed=13 (14/16)
Skipping run, results found in /projects/bdrx/azhang14/SoberReasoningPlus/results/temp_0.2/deepseek-ai-DeepSeek-R1-Distill-Qwen-1.5B-bfloat16-34816/13-0.2-0.7-amc23-1-128-131072-32768

---> Starting run: seed=14 (15/16)
Skipping run, results found in /projects/bdrx/azhang14/SoberReasoningPlus/results/temp_0.2/deepseek-ai-DeepSeek-R1-Distill-Qwen-1.5B-bfloat16-34816/14-0.2-0.7-amc23-1-128-131072-32768

---> Starting run: seed=15 (16/16)
Skipping run, results found in /projects/bdrx/azhang14/SoberReasoningPlus/results/temp_0.2/deepseek-ai-DeepSeek-R1-Distill-Qwen-1.5B-bfloat16-34816/15-0.2-0.7-amc23-1-128-131072-32768
Running evaluation for task: custom|math_500|0|0, temperature: 0.2, top_p: 0.7, num_seeds: 3

---> Starting run: seed=0 (1/3)
Incomplete run found in /projects/bdrx/azhang14/SoberReasoningPlus/results/temp_0.2/deepseek-ai-DeepSeek-R1-Distill-Qwen-1.5B-bfloat16-34816/0-0.2-0.7-math_500-1-128-131072-32768. Deleting and re-running.
Results will be saved
EvaluationTracker initialized with output directory
PipelineParameters set
Pipeline initialized
Error running model with Temp=0.2, Top_P=0.7
======================================
Running: Model=deepseek-ai/DeepSeek-R1-Distill-Qwen-1.5B, Temp=0.2, Top_P=0.8
======================================
INFO 12-04 06:43:42 [__init__.py:244] Automatically detected platform cuda.
Loading model...
INFO 12-04 06:45:46 [__init__.py:244] Automatically detected platform cuda.
Model loaded successfully.
[0.2] [0.8]
<class 'list'> <class 'list'>
Running evaluation for task: custom|aime24|0|0, temperature: 0.2, top_p: 0.8, num_seeds: 16

---> Starting run: seed=0 (1/16)
Skipping run, results found in /projects/bdrx/azhang14/SoberReasoningPlus/results/temp_0.2/deepseek-ai-DeepSeek-R1-Distill-Qwen-1.5B-bfloat16-34816/0-0.2-0.8-aime24-1-128-131072-32768

---> Starting run: seed=1 (2/16)
Skipping run, results found in /projects/bdrx/azhang14/SoberReasoningPlus/results/temp_0.2/deepseek-ai-DeepSeek-R1-Distill-Qwen-1.5B-bfloat16-34816/1-0.2-0.8-aime24-1-128-131072-32768

---> Starting run: seed=2 (3/16)
Skipping run, results found in /projects/bdrx/azhang14/SoberReasoningPlus/results/temp_0.2/deepseek-ai-DeepSeek-R1-Distill-Qwen-1.5B-bfloat16-34816/2-0.2-0.8-aime24-1-128-131072-32768

---> Starting run: seed=3 (4/16)
Skipping run, results found in /projects/bdrx/azhang14/SoberReasoningPlus/results/temp_0.2/deepseek-ai-DeepSeek-R1-Distill-Qwen-1.5B-bfloat16-34816/3-0.2-0.8-aime24-1-128-131072-32768

---> Starting run: seed=4 (5/16)
Skipping run, results found in /projects/bdrx/azhang14/SoberReasoningPlus/results/temp_0.2/deepseek-ai-DeepSeek-R1-Distill-Qwen-1.5B-bfloat16-34816/4-0.2-0.8-aime24-1-128-131072-32768

---> Starting run: seed=5 (6/16)
Skipping run, results found in /projects/bdrx/azhang14/SoberReasoningPlus/results/temp_0.2/deepseek-ai-DeepSeek-R1-Distill-Qwen-1.5B-bfloat16-34816/5-0.2-0.8-aime24-1-128-131072-32768

---> Starting run: seed=6 (7/16)
Skipping run, results found in /projects/bdrx/azhang14/SoberReasoningPlus/results/temp_0.2/deepseek-ai-DeepSeek-R1-Distill-Qwen-1.5B-bfloat16-34816/6-0.2-0.8-aime24-1-128-131072-32768

---> Starting run: seed=7 (8/16)
Skipping run, results found in /projects/bdrx/azhang14/SoberReasoningPlus/results/temp_0.2/deepseek-ai-DeepSeek-R1-Distill-Qwen-1.5B-bfloat16-34816/7-0.2-0.8-aime24-1-128-131072-32768

---> Starting run: seed=8 (9/16)
Skipping run, results found in /projects/bdrx/azhang14/SoberReasoningPlus/results/temp_0.2/deepseek-ai-DeepSeek-R1-Distill-Qwen-1.5B-bfloat16-34816/8-0.2-0.8-aime24-1-128-131072-32768

---> Starting run: seed=9 (10/16)
Skipping run, results found in /projects/bdrx/azhang14/SoberReasoningPlus/results/temp_0.2/deepseek-ai-DeepSeek-R1-Distill-Qwen-1.5B-bfloat16-34816/9-0.2-0.8-aime24-1-128-131072-32768

---> Starting run: seed=10 (11/16)
Skipping run, results found in /projects/bdrx/azhang14/SoberReasoningPlus/results/temp_0.2/deepseek-ai-DeepSeek-R1-Distill-Qwen-1.5B-bfloat16-34816/10-0.2-0.8-aime24-1-128-131072-32768

---> Starting run: seed=11 (12/16)
Skipping run, results found in /projects/bdrx/azhang14/SoberReasoningPlus/results/temp_0.2/deepseek-ai-DeepSeek-R1-Distill-Qwen-1.5B-bfloat16-34816/11-0.2-0.8-aime24-1-128-131072-32768

---> Starting run: seed=12 (13/16)
Skipping run, results found in /projects/bdrx/azhang14/SoberReasoningPlus/results/temp_0.2/deepseek-ai-DeepSeek-R1-Distill-Qwen-1.5B-bfloat16-34816/12-0.2-0.8-aime24-1-128-131072-32768

---> Starting run: seed=13 (14/16)
Skipping run, results found in /projects/bdrx/azhang14/SoberReasoningPlus/results/temp_0.2/deepseek-ai-DeepSeek-R1-Distill-Qwen-1.5B-bfloat16-34816/13-0.2-0.8-aime24-1-128-131072-32768

---> Starting run: seed=14 (15/16)
Skipping run, results found in /projects/bdrx/azhang14/SoberReasoningPlus/results/temp_0.2/deepseek-ai-DeepSeek-R1-Distill-Qwen-1.5B-bfloat16-34816/14-0.2-0.8-aime24-1-128-131072-32768

---> Starting run: seed=15 (16/16)
Skipping run, results found in /projects/bdrx/azhang14/SoberReasoningPlus/results/temp_0.2/deepseek-ai-DeepSeek-R1-Distill-Qwen-1.5B-bfloat16-34816/15-0.2-0.8-aime24-1-128-131072-32768
Running evaluation for task: custom|aime25|0|0, temperature: 0.2, top_p: 0.8, num_seeds: 16

---> Starting run: seed=0 (1/16)
Skipping run, results found in /projects/bdrx/azhang14/SoberReasoningPlus/results/temp_0.2/deepseek-ai-DeepSeek-R1-Distill-Qwen-1.5B-bfloat16-34816/0-0.2-0.8-aime25-1-128-131072-32768

---> Starting run: seed=1 (2/16)
Skipping run, results found in /projects/bdrx/azhang14/SoberReasoningPlus/results/temp_0.2/deepseek-ai-DeepSeek-R1-Distill-Qwen-1.5B-bfloat16-34816/1-0.2-0.8-aime25-1-128-131072-32768

---> Starting run: seed=2 (3/16)
Skipping run, results found in /projects/bdrx/azhang14/SoberReasoningPlus/results/temp_0.2/deepseek-ai-DeepSeek-R1-Distill-Qwen-1.5B-bfloat16-34816/2-0.2-0.8-aime25-1-128-131072-32768

---> Starting run: seed=3 (4/16)
Skipping run, results found in /projects/bdrx/azhang14/SoberReasoningPlus/results/temp_0.2/deepseek-ai-DeepSeek-R1-Distill-Qwen-1.5B-bfloat16-34816/3-0.2-0.8-aime25-1-128-131072-32768

---> Starting run: seed=4 (5/16)
Skipping run, results found in /projects/bdrx/azhang14/SoberReasoningPlus/results/temp_0.2/deepseek-ai-DeepSeek-R1-Distill-Qwen-1.5B-bfloat16-34816/4-0.2-0.8-aime25-1-128-131072-32768

---> Starting run: seed=5 (6/16)
Skipping run, results found in /projects/bdrx/azhang14/SoberReasoningPlus/results/temp_0.2/deepseek-ai-DeepSeek-R1-Distill-Qwen-1.5B-bfloat16-34816/5-0.2-0.8-aime25-1-128-131072-32768

---> Starting run: seed=6 (7/16)
Skipping run, results found in /projects/bdrx/azhang14/SoberReasoningPlus/results/temp_0.2/deepseek-ai-DeepSeek-R1-Distill-Qwen-1.5B-bfloat16-34816/6-0.2-0.8-aime25-1-128-131072-32768

---> Starting run: seed=7 (8/16)
Skipping run, results found in /projects/bdrx/azhang14/SoberReasoningPlus/results/temp_0.2/deepseek-ai-DeepSeek-R1-Distill-Qwen-1.5B-bfloat16-34816/7-0.2-0.8-aime25-1-128-131072-32768

---> Starting run: seed=8 (9/16)
Skipping run, results found in /projects/bdrx/azhang14/SoberReasoningPlus/results/temp_0.2/deepseek-ai-DeepSeek-R1-Distill-Qwen-1.5B-bfloat16-34816/8-0.2-0.8-aime25-1-128-131072-32768

---> Starting run: seed=9 (10/16)
Skipping run, results found in /projects/bdrx/azhang14/SoberReasoningPlus/results/temp_0.2/deepseek-ai-DeepSeek-R1-Distill-Qwen-1.5B-bfloat16-34816/9-0.2-0.8-aime25-1-128-131072-32768

---> Starting run: seed=10 (11/16)
Skipping run, results found in /projects/bdrx/azhang14/SoberReasoningPlus/results/temp_0.2/deepseek-ai-DeepSeek-R1-Distill-Qwen-1.5B-bfloat16-34816/10-0.2-0.8-aime25-1-128-131072-32768

---> Starting run: seed=11 (12/16)
Skipping run, results found in /projects/bdrx/azhang14/SoberReasoningPlus/results/temp_0.2/deepseek-ai-DeepSeek-R1-Distill-Qwen-1.5B-bfloat16-34816/11-0.2-0.8-aime25-1-128-131072-32768

---> Starting run: seed=12 (13/16)
Skipping run, results found in /projects/bdrx/azhang14/SoberReasoningPlus/results/temp_0.2/deepseek-ai-DeepSeek-R1-Distill-Qwen-1.5B-bfloat16-34816/12-0.2-0.8-aime25-1-128-131072-32768

---> Starting run: seed=13 (14/16)
Skipping run, results found in /projects/bdrx/azhang14/SoberReasoningPlus/results/temp_0.2/deepseek-ai-DeepSeek-R1-Distill-Qwen-1.5B-bfloat16-34816/13-0.2-0.8-aime25-1-128-131072-32768

---> Starting run: seed=14 (15/16)
Skipping run, results found in /projects/bdrx/azhang14/SoberReasoningPlus/results/temp_0.2/deepseek-ai-DeepSeek-R1-Distill-Qwen-1.5B-bfloat16-34816/14-0.2-0.8-aime25-1-128-131072-32768

---> Starting run: seed=15 (16/16)
Skipping run, results found in /projects/bdrx/azhang14/SoberReasoningPlus/results/temp_0.2/deepseek-ai-DeepSeek-R1-Distill-Qwen-1.5B-bfloat16-34816/15-0.2-0.8-aime25-1-128-131072-32768
Running evaluation for task: custom|amc23|0|0, temperature: 0.2, top_p: 0.8, num_seeds: 16

---> Starting run: seed=0 (1/16)
Skipping run, results found in /projects/bdrx/azhang14/SoberReasoningPlus/results/temp_0.2/deepseek-ai-DeepSeek-R1-Distill-Qwen-1.5B-bfloat16-34816/0-0.2-0.8-amc23-1-128-131072-32768

---> Starting run: seed=1 (2/16)
Skipping run, results found in /projects/bdrx/azhang14/SoberReasoningPlus/results/temp_0.2/deepseek-ai-DeepSeek-R1-Distill-Qwen-1.5B-bfloat16-34816/1-0.2-0.8-amc23-1-128-131072-32768

---> Starting run: seed=2 (3/16)
Skipping run, results found in /projects/bdrx/azhang14/SoberReasoningPlus/results/temp_0.2/deepseek-ai-DeepSeek-R1-Distill-Qwen-1.5B-bfloat16-34816/2-0.2-0.8-amc23-1-128-131072-32768

---> Starting run: seed=3 (4/16)
Skipping run, results found in /projects/bdrx/azhang14/SoberReasoningPlus/results/temp_0.2/deepseek-ai-DeepSeek-R1-Distill-Qwen-1.5B-bfloat16-34816/3-0.2-0.8-amc23-1-128-131072-32768

---> Starting run: seed=4 (5/16)
Skipping run, results found in /projects/bdrx/azhang14/SoberReasoningPlus/results/temp_0.2/deepseek-ai-DeepSeek-R1-Distill-Qwen-1.5B-bfloat16-34816/4-0.2-0.8-amc23-1-128-131072-32768

---> Starting run: seed=5 (6/16)
Skipping run, results found in /projects/bdrx/azhang14/SoberReasoningPlus/results/temp_0.2/deepseek-ai-DeepSeek-R1-Distill-Qwen-1.5B-bfloat16-34816/5-0.2-0.8-amc23-1-128-131072-32768

---> Starting run: seed=6 (7/16)
Skipping run, results found in /projects/bdrx/azhang14/SoberReasoningPlus/results/temp_0.2/deepseek-ai-DeepSeek-R1-Distill-Qwen-1.5B-bfloat16-34816/6-0.2-0.8-amc23-1-128-131072-32768

---> Starting run: seed=7 (8/16)
Skipping run, results found in /projects/bdrx/azhang14/SoberReasoningPlus/results/temp_0.2/deepseek-ai-DeepSeek-R1-Distill-Qwen-1.5B-bfloat16-34816/7-0.2-0.8-amc23-1-128-131072-32768

---> Starting run: seed=8 (9/16)
Skipping run, results found in /projects/bdrx/azhang14/SoberReasoningPlus/results/temp_0.2/deepseek-ai-DeepSeek-R1-Distill-Qwen-1.5B-bfloat16-34816/8-0.2-0.8-amc23-1-128-131072-32768

---> Starting run: seed=9 (10/16)
Skipping run, results found in /projects/bdrx/azhang14/SoberReasoningPlus/results/temp_0.2/deepseek-ai-DeepSeek-R1-Distill-Qwen-1.5B-bfloat16-34816/9-0.2-0.8-amc23-1-128-131072-32768

---> Starting run: seed=10 (11/16)
Skipping run, results found in /projects/bdrx/azhang14/SoberReasoningPlus/results/temp_0.2/deepseek-ai-DeepSeek-R1-Distill-Qwen-1.5B-bfloat16-34816/10-0.2-0.8-amc23-1-128-131072-32768

---> Starting run: seed=11 (12/16)
Skipping run, results found in /projects/bdrx/azhang14/SoberReasoningPlus/results/temp_0.2/deepseek-ai-DeepSeek-R1-Distill-Qwen-1.5B-bfloat16-34816/11-0.2-0.8-amc23-1-128-131072-32768

---> Starting run: seed=12 (13/16)
Skipping run, results found in /projects/bdrx/azhang14/SoberReasoningPlus/results/temp_0.2/deepseek-ai-DeepSeek-R1-Distill-Qwen-1.5B-bfloat16-34816/12-0.2-0.8-amc23-1-128-131072-32768

---> Starting run: seed=13 (14/16)
Skipping run, results found in /projects/bdrx/azhang14/SoberReasoningPlus/results/temp_0.2/deepseek-ai-DeepSeek-R1-Distill-Qwen-1.5B-bfloat16-34816/13-0.2-0.8-amc23-1-128-131072-32768

---> Starting run: seed=14 (15/16)
Skipping run, results found in /projects/bdrx/azhang14/SoberReasoningPlus/results/temp_0.2/deepseek-ai-DeepSeek-R1-Distill-Qwen-1.5B-bfloat16-34816/14-0.2-0.8-amc23-1-128-131072-32768

---> Starting run: seed=15 (16/16)
Skipping run, results found in /projects/bdrx/azhang14/SoberReasoningPlus/results/temp_0.2/deepseek-ai-DeepSeek-R1-Distill-Qwen-1.5B-bfloat16-34816/15-0.2-0.8-amc23-1-128-131072-32768
Running evaluation for task: custom|math_500|0|0, temperature: 0.2, top_p: 0.8, num_seeds: 3

---> Starting run: seed=0 (1/3)
Incomplete run found in /projects/bdrx/azhang14/SoberReasoningPlus/results/temp_0.2/deepseek-ai-DeepSeek-R1-Distill-Qwen-1.5B-bfloat16-34816/0-0.2-0.8-math_500-1-128-131072-32768. Deleting and re-running.
Results will be saved
EvaluationTracker initialized with output directory
PipelineParameters set
Pipeline initialized
Error running model with Temp=0.2, Top_P=0.8
======================================
Running: Model=deepseek-ai/DeepSeek-R1-Distill-Qwen-1.5B, Temp=0.2, Top_P=0.9
======================================
INFO 12-04 07:23:16 [__init__.py:244] Automatically detected platform cuda.
Loading model...
INFO 12-04 07:24:41 [__init__.py:244] Automatically detected platform cuda.
Model loaded successfully.
[0.2] [0.9]
<class 'list'> <class 'list'>
Running evaluation for task: custom|aime24|0|0, temperature: 0.2, top_p: 0.9, num_seeds: 16

---> Starting run: seed=0 (1/16)
Skipping run, results found in /projects/bdrx/azhang14/SoberReasoningPlus/results/temp_0.2/deepseek-ai-DeepSeek-R1-Distill-Qwen-1.5B-bfloat16-34816/0-0.2-0.9-aime24-1-128-131072-32768

---> Starting run: seed=1 (2/16)
Skipping run, results found in /projects/bdrx/azhang14/SoberReasoningPlus/results/temp_0.2/deepseek-ai-DeepSeek-R1-Distill-Qwen-1.5B-bfloat16-34816/1-0.2-0.9-aime24-1-128-131072-32768

---> Starting run: seed=2 (3/16)
Skipping run, results found in /projects/bdrx/azhang14/SoberReasoningPlus/results/temp_0.2/deepseek-ai-DeepSeek-R1-Distill-Qwen-1.5B-bfloat16-34816/2-0.2-0.9-aime24-1-128-131072-32768

---> Starting run: seed=3 (4/16)
Skipping run, results found in /projects/bdrx/azhang14/SoberReasoningPlus/results/temp_0.2/deepseek-ai-DeepSeek-R1-Distill-Qwen-1.5B-bfloat16-34816/3-0.2-0.9-aime24-1-128-131072-32768

---> Starting run: seed=4 (5/16)
Skipping run, results found in /projects/bdrx/azhang14/SoberReasoningPlus/results/temp_0.2/deepseek-ai-DeepSeek-R1-Distill-Qwen-1.5B-bfloat16-34816/4-0.2-0.9-aime24-1-128-131072-32768

---> Starting run: seed=5 (6/16)
Skipping run, results found in /projects/bdrx/azhang14/SoberReasoningPlus/results/temp_0.2/deepseek-ai-DeepSeek-R1-Distill-Qwen-1.5B-bfloat16-34816/5-0.2-0.9-aime24-1-128-131072-32768

---> Starting run: seed=6 (7/16)
Skipping run, results found in /projects/bdrx/azhang14/SoberReasoningPlus/results/temp_0.2/deepseek-ai-DeepSeek-R1-Distill-Qwen-1.5B-bfloat16-34816/6-0.2-0.9-aime24-1-128-131072-32768

---> Starting run: seed=7 (8/16)
Skipping run, results found in /projects/bdrx/azhang14/SoberReasoningPlus/results/temp_0.2/deepseek-ai-DeepSeek-R1-Distill-Qwen-1.5B-bfloat16-34816/7-0.2-0.9-aime24-1-128-131072-32768

---> Starting run: seed=8 (9/16)
Skipping run, results found in /projects/bdrx/azhang14/SoberReasoningPlus/results/temp_0.2/deepseek-ai-DeepSeek-R1-Distill-Qwen-1.5B-bfloat16-34816/8-0.2-0.9-aime24-1-128-131072-32768

---> Starting run: seed=9 (10/16)
Skipping run, results found in /projects/bdrx/azhang14/SoberReasoningPlus/results/temp_0.2/deepseek-ai-DeepSeek-R1-Distill-Qwen-1.5B-bfloat16-34816/9-0.2-0.9-aime24-1-128-131072-32768

---> Starting run: seed=10 (11/16)
Skipping run, results found in /projects/bdrx/azhang14/SoberReasoningPlus/results/temp_0.2/deepseek-ai-DeepSeek-R1-Distill-Qwen-1.5B-bfloat16-34816/10-0.2-0.9-aime24-1-128-131072-32768

---> Starting run: seed=11 (12/16)
Skipping run, results found in /projects/bdrx/azhang14/SoberReasoningPlus/results/temp_0.2/deepseek-ai-DeepSeek-R1-Distill-Qwen-1.5B-bfloat16-34816/11-0.2-0.9-aime24-1-128-131072-32768

---> Starting run: seed=12 (13/16)
Skipping run, results found in /projects/bdrx/azhang14/SoberReasoningPlus/results/temp_0.2/deepseek-ai-DeepSeek-R1-Distill-Qwen-1.5B-bfloat16-34816/12-0.2-0.9-aime24-1-128-131072-32768

---> Starting run: seed=13 (14/16)
Skipping run, results found in /projects/bdrx/azhang14/SoberReasoningPlus/results/temp_0.2/deepseek-ai-DeepSeek-R1-Distill-Qwen-1.5B-bfloat16-34816/13-0.2-0.9-aime24-1-128-131072-32768

---> Starting run: seed=14 (15/16)
Skipping run, results found in /projects/bdrx/azhang14/SoberReasoningPlus/results/temp_0.2/deepseek-ai-DeepSeek-R1-Distill-Qwen-1.5B-bfloat16-34816/14-0.2-0.9-aime24-1-128-131072-32768

---> Starting run: seed=15 (16/16)
Skipping run, results found in /projects/bdrx/azhang14/SoberReasoningPlus/results/temp_0.2/deepseek-ai-DeepSeek-R1-Distill-Qwen-1.5B-bfloat16-34816/15-0.2-0.9-aime24-1-128-131072-32768
Running evaluation for task: custom|aime25|0|0, temperature: 0.2, top_p: 0.9, num_seeds: 16

---> Starting run: seed=0 (1/16)
Skipping run, results found in /projects/bdrx/azhang14/SoberReasoningPlus/results/temp_0.2/deepseek-ai-DeepSeek-R1-Distill-Qwen-1.5B-bfloat16-34816/0-0.2-0.9-aime25-1-128-131072-32768

---> Starting run: seed=1 (2/16)
Skipping run, results found in /projects/bdrx/azhang14/SoberReasoningPlus/results/temp_0.2/deepseek-ai-DeepSeek-R1-Distill-Qwen-1.5B-bfloat16-34816/1-0.2-0.9-aime25-1-128-131072-32768

---> Starting run: seed=2 (3/16)
Skipping run, results found in /projects/bdrx/azhang14/SoberReasoningPlus/results/temp_0.2/deepseek-ai-DeepSeek-R1-Distill-Qwen-1.5B-bfloat16-34816/2-0.2-0.9-aime25-1-128-131072-32768

---> Starting run: seed=3 (4/16)
Skipping run, results found in /projects/bdrx/azhang14/SoberReasoningPlus/results/temp_0.2/deepseek-ai-DeepSeek-R1-Distill-Qwen-1.5B-bfloat16-34816/3-0.2-0.9-aime25-1-128-131072-32768

---> Starting run: seed=4 (5/16)
Skipping run, results found in /projects/bdrx/azhang14/SoberReasoningPlus/results/temp_0.2/deepseek-ai-DeepSeek-R1-Distill-Qwen-1.5B-bfloat16-34816/4-0.2-0.9-aime25-1-128-131072-32768

---> Starting run: seed=5 (6/16)
Skipping run, results found in /projects/bdrx/azhang14/SoberReasoningPlus/results/temp_0.2/deepseek-ai-DeepSeek-R1-Distill-Qwen-1.5B-bfloat16-34816/5-0.2-0.9-aime25-1-128-131072-32768

---> Starting run: seed=6 (7/16)
Skipping run, results found in /projects/bdrx/azhang14/SoberReasoningPlus/results/temp_0.2/deepseek-ai-DeepSeek-R1-Distill-Qwen-1.5B-bfloat16-34816/6-0.2-0.9-aime25-1-128-131072-32768

---> Starting run: seed=7 (8/16)
Skipping run, results found in /projects/bdrx/azhang14/SoberReasoningPlus/results/temp_0.2/deepseek-ai-DeepSeek-R1-Distill-Qwen-1.5B-bfloat16-34816/7-0.2-0.9-aime25-1-128-131072-32768

---> Starting run: seed=8 (9/16)
Skipping run, results found in /projects/bdrx/azhang14/SoberReasoningPlus/results/temp_0.2/deepseek-ai-DeepSeek-R1-Distill-Qwen-1.5B-bfloat16-34816/8-0.2-0.9-aime25-1-128-131072-32768

---> Starting run: seed=9 (10/16)
Skipping run, results found in /projects/bdrx/azhang14/SoberReasoningPlus/results/temp_0.2/deepseek-ai-DeepSeek-R1-Distill-Qwen-1.5B-bfloat16-34816/9-0.2-0.9-aime25-1-128-131072-32768

---> Starting run: seed=10 (11/16)
Skipping run, results found in /projects/bdrx/azhang14/SoberReasoningPlus/results/temp_0.2/deepseek-ai-DeepSeek-R1-Distill-Qwen-1.5B-bfloat16-34816/10-0.2-0.9-aime25-1-128-131072-32768

---> Starting run: seed=11 (12/16)
Skipping run, results found in /projects/bdrx/azhang14/SoberReasoningPlus/results/temp_0.2/deepseek-ai-DeepSeek-R1-Distill-Qwen-1.5B-bfloat16-34816/11-0.2-0.9-aime25-1-128-131072-32768

---> Starting run: seed=12 (13/16)
Skipping run, results found in /projects/bdrx/azhang14/SoberReasoningPlus/results/temp_0.2/deepseek-ai-DeepSeek-R1-Distill-Qwen-1.5B-bfloat16-34816/12-0.2-0.9-aime25-1-128-131072-32768

---> Starting run: seed=13 (14/16)
Skipping run, results found in /projects/bdrx/azhang14/SoberReasoningPlus/results/temp_0.2/deepseek-ai-DeepSeek-R1-Distill-Qwen-1.5B-bfloat16-34816/13-0.2-0.9-aime25-1-128-131072-32768

---> Starting run: seed=14 (15/16)
Skipping run, results found in /projects/bdrx/azhang14/SoberReasoningPlus/results/temp_0.2/deepseek-ai-DeepSeek-R1-Distill-Qwen-1.5B-bfloat16-34816/14-0.2-0.9-aime25-1-128-131072-32768

---> Starting run: seed=15 (16/16)
Skipping run, results found in /projects/bdrx/azhang14/SoberReasoningPlus/results/temp_0.2/deepseek-ai-DeepSeek-R1-Distill-Qwen-1.5B-bfloat16-34816/15-0.2-0.9-aime25-1-128-131072-32768
Running evaluation for task: custom|amc23|0|0, temperature: 0.2, top_p: 0.9, num_seeds: 16

---> Starting run: seed=0 (1/16)
Skipping run, results found in /projects/bdrx/azhang14/SoberReasoningPlus/results/temp_0.2/deepseek-ai-DeepSeek-R1-Distill-Qwen-1.5B-bfloat16-34816/0-0.2-0.9-amc23-1-128-131072-32768

---> Starting run: seed=1 (2/16)
Skipping run, results found in /projects/bdrx/azhang14/SoberReasoningPlus/results/temp_0.2/deepseek-ai-DeepSeek-R1-Distill-Qwen-1.5B-bfloat16-34816/1-0.2-0.9-amc23-1-128-131072-32768

---> Starting run: seed=2 (3/16)
Skipping run, results found in /projects/bdrx/azhang14/SoberReasoningPlus/results/temp_0.2/deepseek-ai-DeepSeek-R1-Distill-Qwen-1.5B-bfloat16-34816/2-0.2-0.9-amc23-1-128-131072-32768

---> Starting run: seed=3 (4/16)
Skipping run, results found in /projects/bdrx/azhang14/SoberReasoningPlus/results/temp_0.2/deepseek-ai-DeepSeek-R1-Distill-Qwen-1.5B-bfloat16-34816/3-0.2-0.9-amc23-1-128-131072-32768

---> Starting run: seed=4 (5/16)
Skipping run, results found in /projects/bdrx/azhang14/SoberReasoningPlus/results/temp_0.2/deepseek-ai-DeepSeek-R1-Distill-Qwen-1.5B-bfloat16-34816/4-0.2-0.9-amc23-1-128-131072-32768

---> Starting run: seed=5 (6/16)
Skipping run, results found in /projects/bdrx/azhang14/SoberReasoningPlus/results/temp_0.2/deepseek-ai-DeepSeek-R1-Distill-Qwen-1.5B-bfloat16-34816/5-0.2-0.9-amc23-1-128-131072-32768

---> Starting run: seed=6 (7/16)
Skipping run, results found in /projects/bdrx/azhang14/SoberReasoningPlus/results/temp_0.2/deepseek-ai-DeepSeek-R1-Distill-Qwen-1.5B-bfloat16-34816/6-0.2-0.9-amc23-1-128-131072-32768

---> Starting run: seed=7 (8/16)
Skipping run, results found in /projects/bdrx/azhang14/SoberReasoningPlus/results/temp_0.2/deepseek-ai-DeepSeek-R1-Distill-Qwen-1.5B-bfloat16-34816/7-0.2-0.9-amc23-1-128-131072-32768

---> Starting run: seed=8 (9/16)
Skipping run, results found in /projects/bdrx/azhang14/SoberReasoningPlus/results/temp_0.2/deepseek-ai-DeepSeek-R1-Distill-Qwen-1.5B-bfloat16-34816/8-0.2-0.9-amc23-1-128-131072-32768

---> Starting run: seed=9 (10/16)
Skipping run, results found in /projects/bdrx/azhang14/SoberReasoningPlus/results/temp_0.2/deepseek-ai-DeepSeek-R1-Distill-Qwen-1.5B-bfloat16-34816/9-0.2-0.9-amc23-1-128-131072-32768

---> Starting run: seed=10 (11/16)
Skipping run, results found in /projects/bdrx/azhang14/SoberReasoningPlus/results/temp_0.2/deepseek-ai-DeepSeek-R1-Distill-Qwen-1.5B-bfloat16-34816/10-0.2-0.9-amc23-1-128-131072-32768

---> Starting run: seed=11 (12/16)
Skipping run, results found in /projects/bdrx/azhang14/SoberReasoningPlus/results/temp_0.2/deepseek-ai-DeepSeek-R1-Distill-Qwen-1.5B-bfloat16-34816/11-0.2-0.9-amc23-1-128-131072-32768

---> Starting run: seed=12 (13/16)
Skipping run, results found in /projects/bdrx/azhang14/SoberReasoningPlus/results/temp_0.2/deepseek-ai-DeepSeek-R1-Distill-Qwen-1.5B-bfloat16-34816/12-0.2-0.9-amc23-1-128-131072-32768

---> Starting run: seed=13 (14/16)
Skipping run, results found in /projects/bdrx/azhang14/SoberReasoningPlus/results/temp_0.2/deepseek-ai-DeepSeek-R1-Distill-Qwen-1.5B-bfloat16-34816/13-0.2-0.9-amc23-1-128-131072-32768

---> Starting run: seed=14 (15/16)
Skipping run, results found in /projects/bdrx/azhang14/SoberReasoningPlus/results/temp_0.2/deepseek-ai-DeepSeek-R1-Distill-Qwen-1.5B-bfloat16-34816/14-0.2-0.9-amc23-1-128-131072-32768

---> Starting run: seed=15 (16/16)
Skipping run, results found in /projects/bdrx/azhang14/SoberReasoningPlus/results/temp_0.2/deepseek-ai-DeepSeek-R1-Distill-Qwen-1.5B-bfloat16-34816/15-0.2-0.9-amc23-1-128-131072-32768
Running evaluation for task: custom|math_500|0|0, temperature: 0.2, top_p: 0.9, num_seeds: 3

---> Starting run: seed=0 (1/3)
Incomplete run found in /projects/bdrx/azhang14/SoberReasoningPlus/results/temp_0.2/deepseek-ai-DeepSeek-R1-Distill-Qwen-1.5B-bfloat16-34816/0-0.2-0.9-math_500-1-128-131072-32768. Deleting and re-running.
Results will be saved
EvaluationTracker initialized with output directory
PipelineParameters set
Pipeline initialized
Error running model with Temp=0.2, Top_P=0.9
======================================
Running: Model=deepseek-ai/DeepSeek-R1-Distill-Qwen-1.5B, Temp=0.2, Top_P=0.95
======================================
INFO 12-04 08:03:41 [__init__.py:244] Automatically detected platform cuda.
Loading model...
INFO 12-04 08:05:05 [__init__.py:244] Automatically detected platform cuda.
Model loaded successfully.
[0.2] [0.95]
<class 'list'> <class 'list'>
Running evaluation for task: custom|aime24|0|0, temperature: 0.2, top_p: 0.95, num_seeds: 16

---> Starting run: seed=0 (1/16)
Skipping run, results found in /projects/bdrx/azhang14/SoberReasoningPlus/results/temp_0.2/deepseek-ai-DeepSeek-R1-Distill-Qwen-1.5B-bfloat16-34816/0-0.2-0.95-aime24-1-128-131072-32768

---> Starting run: seed=1 (2/16)
Skipping run, results found in /projects/bdrx/azhang14/SoberReasoningPlus/results/temp_0.2/deepseek-ai-DeepSeek-R1-Distill-Qwen-1.5B-bfloat16-34816/1-0.2-0.95-aime24-1-128-131072-32768

---> Starting run: seed=2 (3/16)
Skipping run, results found in /projects/bdrx/azhang14/SoberReasoningPlus/results/temp_0.2/deepseek-ai-DeepSeek-R1-Distill-Qwen-1.5B-bfloat16-34816/2-0.2-0.95-aime24-1-128-131072-32768

---> Starting run: seed=3 (4/16)
Skipping run, results found in /projects/bdrx/azhang14/SoberReasoningPlus/results/temp_0.2/deepseek-ai-DeepSeek-R1-Distill-Qwen-1.5B-bfloat16-34816/3-0.2-0.95-aime24-1-128-131072-32768

---> Starting run: seed=4 (5/16)
Skipping run, results found in /projects/bdrx/azhang14/SoberReasoningPlus/results/temp_0.2/deepseek-ai-DeepSeek-R1-Distill-Qwen-1.5B-bfloat16-34816/4-0.2-0.95-aime24-1-128-131072-32768

---> Starting run: seed=5 (6/16)
Skipping run, results found in /projects/bdrx/azhang14/SoberReasoningPlus/results/temp_0.2/deepseek-ai-DeepSeek-R1-Distill-Qwen-1.5B-bfloat16-34816/5-0.2-0.95-aime24-1-128-131072-32768

---> Starting run: seed=6 (7/16)
Skipping run, results found in /projects/bdrx/azhang14/SoberReasoningPlus/results/temp_0.2/deepseek-ai-DeepSeek-R1-Distill-Qwen-1.5B-bfloat16-34816/6-0.2-0.95-aime24-1-128-131072-32768

---> Starting run: seed=7 (8/16)
Skipping run, results found in /projects/bdrx/azhang14/SoberReasoningPlus/results/temp_0.2/deepseek-ai-DeepSeek-R1-Distill-Qwen-1.5B-bfloat16-34816/7-0.2-0.95-aime24-1-128-131072-32768

---> Starting run: seed=8 (9/16)
Skipping run, results found in /projects/bdrx/azhang14/SoberReasoningPlus/results/temp_0.2/deepseek-ai-DeepSeek-R1-Distill-Qwen-1.5B-bfloat16-34816/8-0.2-0.95-aime24-1-128-131072-32768

---> Starting run: seed=9 (10/16)
Skipping run, results found in /projects/bdrx/azhang14/SoberReasoningPlus/results/temp_0.2/deepseek-ai-DeepSeek-R1-Distill-Qwen-1.5B-bfloat16-34816/9-0.2-0.95-aime24-1-128-131072-32768

---> Starting run: seed=10 (11/16)
Skipping run, results found in /projects/bdrx/azhang14/SoberReasoningPlus/results/temp_0.2/deepseek-ai-DeepSeek-R1-Distill-Qwen-1.5B-bfloat16-34816/10-0.2-0.95-aime24-1-128-131072-32768

---> Starting run: seed=11 (12/16)
Skipping run, results found in /projects/bdrx/azhang14/SoberReasoningPlus/results/temp_0.2/deepseek-ai-DeepSeek-R1-Distill-Qwen-1.5B-bfloat16-34816/11-0.2-0.95-aime24-1-128-131072-32768

---> Starting run: seed=12 (13/16)
Skipping run, results found in /projects/bdrx/azhang14/SoberReasoningPlus/results/temp_0.2/deepseek-ai-DeepSeek-R1-Distill-Qwen-1.5B-bfloat16-34816/12-0.2-0.95-aime24-1-128-131072-32768

---> Starting run: seed=13 (14/16)
Skipping run, results found in /projects/bdrx/azhang14/SoberReasoningPlus/results/temp_0.2/deepseek-ai-DeepSeek-R1-Distill-Qwen-1.5B-bfloat16-34816/13-0.2-0.95-aime24-1-128-131072-32768

---> Starting run: seed=14 (15/16)
Skipping run, results found in /projects/bdrx/azhang14/SoberReasoningPlus/results/temp_0.2/deepseek-ai-DeepSeek-R1-Distill-Qwen-1.5B-bfloat16-34816/14-0.2-0.95-aime24-1-128-131072-32768

---> Starting run: seed=15 (16/16)
Skipping run, results found in /projects/bdrx/azhang14/SoberReasoningPlus/results/temp_0.2/deepseek-ai-DeepSeek-R1-Distill-Qwen-1.5B-bfloat16-34816/15-0.2-0.95-aime24-1-128-131072-32768
Running evaluation for task: custom|aime25|0|0, temperature: 0.2, top_p: 0.95, num_seeds: 16

---> Starting run: seed=0 (1/16)
Skipping run, results found in /projects/bdrx/azhang14/SoberReasoningPlus/results/temp_0.2/deepseek-ai-DeepSeek-R1-Distill-Qwen-1.5B-bfloat16-34816/0-0.2-0.95-aime25-1-128-131072-32768

---> Starting run: seed=1 (2/16)
Skipping run, results found in /projects/bdrx/azhang14/SoberReasoningPlus/results/temp_0.2/deepseek-ai-DeepSeek-R1-Distill-Qwen-1.5B-bfloat16-34816/1-0.2-0.95-aime25-1-128-131072-32768

---> Starting run: seed=2 (3/16)
Skipping run, results found in /projects/bdrx/azhang14/SoberReasoningPlus/results/temp_0.2/deepseek-ai-DeepSeek-R1-Distill-Qwen-1.5B-bfloat16-34816/2-0.2-0.95-aime25-1-128-131072-32768

---> Starting run: seed=3 (4/16)
Skipping run, results found in /projects/bdrx/azhang14/SoberReasoningPlus/results/temp_0.2/deepseek-ai-DeepSeek-R1-Distill-Qwen-1.5B-bfloat16-34816/3-0.2-0.95-aime25-1-128-131072-32768

---> Starting run: seed=4 (5/16)
Skipping run, results found in /projects/bdrx/azhang14/SoberReasoningPlus/results/temp_0.2/deepseek-ai-DeepSeek-R1-Distill-Qwen-1.5B-bfloat16-34816/4-0.2-0.95-aime25-1-128-131072-32768

---> Starting run: seed=5 (6/16)
Skipping run, results found in /projects/bdrx/azhang14/SoberReasoningPlus/results/temp_0.2/deepseek-ai-DeepSeek-R1-Distill-Qwen-1.5B-bfloat16-34816/5-0.2-0.95-aime25-1-128-131072-32768

---> Starting run: seed=6 (7/16)
Skipping run, results found in /projects/bdrx/azhang14/SoberReasoningPlus/results/temp_0.2/deepseek-ai-DeepSeek-R1-Distill-Qwen-1.5B-bfloat16-34816/6-0.2-0.95-aime25-1-128-131072-32768

---> Starting run: seed=7 (8/16)
Skipping run, results found in /projects/bdrx/azhang14/SoberReasoningPlus/results/temp_0.2/deepseek-ai-DeepSeek-R1-Distill-Qwen-1.5B-bfloat16-34816/7-0.2-0.95-aime25-1-128-131072-32768

---> Starting run: seed=8 (9/16)
Skipping run, results found in /projects/bdrx/azhang14/SoberReasoningPlus/results/temp_0.2/deepseek-ai-DeepSeek-R1-Distill-Qwen-1.5B-bfloat16-34816/8-0.2-0.95-aime25-1-128-131072-32768

---> Starting run: seed=9 (10/16)
Skipping run, results found in /projects/bdrx/azhang14/SoberReasoningPlus/results/temp_0.2/deepseek-ai-DeepSeek-R1-Distill-Qwen-1.5B-bfloat16-34816/9-0.2-0.95-aime25-1-128-131072-32768

---> Starting run: seed=10 (11/16)
Skipping run, results found in /projects/bdrx/azhang14/SoberReasoningPlus/results/temp_0.2/deepseek-ai-DeepSeek-R1-Distill-Qwen-1.5B-bfloat16-34816/10-0.2-0.95-aime25-1-128-131072-32768

---> Starting run: seed=11 (12/16)
Skipping run, results found in /projects/bdrx/azhang14/SoberReasoningPlus/results/temp_0.2/deepseek-ai-DeepSeek-R1-Distill-Qwen-1.5B-bfloat16-34816/11-0.2-0.95-aime25-1-128-131072-32768

---> Starting run: seed=12 (13/16)
Skipping run, results found in /projects/bdrx/azhang14/SoberReasoningPlus/results/temp_0.2/deepseek-ai-DeepSeek-R1-Distill-Qwen-1.5B-bfloat16-34816/12-0.2-0.95-aime25-1-128-131072-32768

---> Starting run: seed=13 (14/16)
Skipping run, results found in /projects/bdrx/azhang14/SoberReasoningPlus/results/temp_0.2/deepseek-ai-DeepSeek-R1-Distill-Qwen-1.5B-bfloat16-34816/13-0.2-0.95-aime25-1-128-131072-32768

---> Starting run: seed=14 (15/16)
Skipping run, results found in /projects/bdrx/azhang14/SoberReasoningPlus/results/temp_0.2/deepseek-ai-DeepSeek-R1-Distill-Qwen-1.5B-bfloat16-34816/14-0.2-0.95-aime25-1-128-131072-32768

---> Starting run: seed=15 (16/16)
Skipping run, results found in /projects/bdrx/azhang14/SoberReasoningPlus/results/temp_0.2/deepseek-ai-DeepSeek-R1-Distill-Qwen-1.5B-bfloat16-34816/15-0.2-0.95-aime25-1-128-131072-32768
Running evaluation for task: custom|amc23|0|0, temperature: 0.2, top_p: 0.95, num_seeds: 16

---> Starting run: seed=0 (1/16)
Skipping run, results found in /projects/bdrx/azhang14/SoberReasoningPlus/results/temp_0.2/deepseek-ai-DeepSeek-R1-Distill-Qwen-1.5B-bfloat16-34816/0-0.2-0.95-amc23-1-128-131072-32768

---> Starting run: seed=1 (2/16)
Skipping run, results found in /projects/bdrx/azhang14/SoberReasoningPlus/results/temp_0.2/deepseek-ai-DeepSeek-R1-Distill-Qwen-1.5B-bfloat16-34816/1-0.2-0.95-amc23-1-128-131072-32768

---> Starting run: seed=2 (3/16)
Skipping run, results found in /projects/bdrx/azhang14/SoberReasoningPlus/results/temp_0.2/deepseek-ai-DeepSeek-R1-Distill-Qwen-1.5B-bfloat16-34816/2-0.2-0.95-amc23-1-128-131072-32768

---> Starting run: seed=3 (4/16)
Skipping run, results found in /projects/bdrx/azhang14/SoberReasoningPlus/results/temp_0.2/deepseek-ai-DeepSeek-R1-Distill-Qwen-1.5B-bfloat16-34816/3-0.2-0.95-amc23-1-128-131072-32768

---> Starting run: seed=4 (5/16)
Skipping run, results found in /projects/bdrx/azhang14/SoberReasoningPlus/results/temp_0.2/deepseek-ai-DeepSeek-R1-Distill-Qwen-1.5B-bfloat16-34816/4-0.2-0.95-amc23-1-128-131072-32768

---> Starting run: seed=5 (6/16)
Skipping run, results found in /projects/bdrx/azhang14/SoberReasoningPlus/results/temp_0.2/deepseek-ai-DeepSeek-R1-Distill-Qwen-1.5B-bfloat16-34816/5-0.2-0.95-amc23-1-128-131072-32768

---> Starting run: seed=6 (7/16)
Skipping run, results found in /projects/bdrx/azhang14/SoberReasoningPlus/results/temp_0.2/deepseek-ai-DeepSeek-R1-Distill-Qwen-1.5B-bfloat16-34816/6-0.2-0.95-amc23-1-128-131072-32768

---> Starting run: seed=7 (8/16)
Skipping run, results found in /projects/bdrx/azhang14/SoberReasoningPlus/results/temp_0.2/deepseek-ai-DeepSeek-R1-Distill-Qwen-1.5B-bfloat16-34816/7-0.2-0.95-amc23-1-128-131072-32768

---> Starting run: seed=8 (9/16)
Skipping run, results found in /projects/bdrx/azhang14/SoberReasoningPlus/results/temp_0.2/deepseek-ai-DeepSeek-R1-Distill-Qwen-1.5B-bfloat16-34816/8-0.2-0.95-amc23-1-128-131072-32768

---> Starting run: seed=9 (10/16)
Skipping run, results found in /projects/bdrx/azhang14/SoberReasoningPlus/results/temp_0.2/deepseek-ai-DeepSeek-R1-Distill-Qwen-1.5B-bfloat16-34816/9-0.2-0.95-amc23-1-128-131072-32768

---> Starting run: seed=10 (11/16)
Skipping run, results found in /projects/bdrx/azhang14/SoberReasoningPlus/results/temp_0.2/deepseek-ai-DeepSeek-R1-Distill-Qwen-1.5B-bfloat16-34816/10-0.2-0.95-amc23-1-128-131072-32768

---> Starting run: seed=11 (12/16)
Skipping run, results found in /projects/bdrx/azhang14/SoberReasoningPlus/results/temp_0.2/deepseek-ai-DeepSeek-R1-Distill-Qwen-1.5B-bfloat16-34816/11-0.2-0.95-amc23-1-128-131072-32768

---> Starting run: seed=12 (13/16)
Skipping run, results found in /projects/bdrx/azhang14/SoberReasoningPlus/results/temp_0.2/deepseek-ai-DeepSeek-R1-Distill-Qwen-1.5B-bfloat16-34816/12-0.2-0.95-amc23-1-128-131072-32768

---> Starting run: seed=13 (14/16)
Skipping run, results found in /projects/bdrx/azhang14/SoberReasoningPlus/results/temp_0.2/deepseek-ai-DeepSeek-R1-Distill-Qwen-1.5B-bfloat16-34816/13-0.2-0.95-amc23-1-128-131072-32768

---> Starting run: seed=14 (15/16)
Skipping run, results found in /projects/bdrx/azhang14/SoberReasoningPlus/results/temp_0.2/deepseek-ai-DeepSeek-R1-Distill-Qwen-1.5B-bfloat16-34816/14-0.2-0.95-amc23-1-128-131072-32768

---> Starting run: seed=15 (16/16)
Skipping run, results found in /projects/bdrx/azhang14/SoberReasoningPlus/results/temp_0.2/deepseek-ai-DeepSeek-R1-Distill-Qwen-1.5B-bfloat16-34816/15-0.2-0.95-amc23-1-128-131072-32768
Running evaluation for task: custom|math_500|0|0, temperature: 0.2, top_p: 0.95, num_seeds: 3

---> Starting run: seed=0 (1/3)
Incomplete run found in /projects/bdrx/azhang14/SoberReasoningPlus/results/temp_0.2/deepseek-ai-DeepSeek-R1-Distill-Qwen-1.5B-bfloat16-34816/0-0.2-0.95-math_500-1-128-131072-32768. Deleting and re-running.
Results will be saved
EvaluationTracker initialized with output directory
PipelineParameters set
Pipeline initialized
Error running model with Temp=0.2, Top_P=0.95
======================================
Running: Model=deepseek-ai/DeepSeek-R1-Distill-Qwen-1.5B, Temp=0.2, Top_P=1.0
======================================
INFO 12-04 08:43:46 [__init__.py:244] Automatically detected platform cuda.
Loading model...
INFO 12-04 08:45:08 [__init__.py:244] Automatically detected platform cuda.
Model loaded successfully.
[0.2] [1.0]
<class 'list'> <class 'list'>
Running evaluation for task: custom|aime24|0|0, temperature: 0.2, top_p: 1.0, num_seeds: 16

---> Starting run: seed=0 (1/16)
Skipping run, results found in /projects/bdrx/azhang14/SoberReasoningPlus/results/temp_0.2/deepseek-ai-DeepSeek-R1-Distill-Qwen-1.5B-bfloat16-34816/0-0.2-1.0-aime24-1-128-131072-32768

---> Starting run: seed=1 (2/16)
Skipping run, results found in /projects/bdrx/azhang14/SoberReasoningPlus/results/temp_0.2/deepseek-ai-DeepSeek-R1-Distill-Qwen-1.5B-bfloat16-34816/1-0.2-1.0-aime24-1-128-131072-32768

---> Starting run: seed=2 (3/16)
Skipping run, results found in /projects/bdrx/azhang14/SoberReasoningPlus/results/temp_0.2/deepseek-ai-DeepSeek-R1-Distill-Qwen-1.5B-bfloat16-34816/2-0.2-1.0-aime24-1-128-131072-32768

---> Starting run: seed=3 (4/16)
Skipping run, results found in /projects/bdrx/azhang14/SoberReasoningPlus/results/temp_0.2/deepseek-ai-DeepSeek-R1-Distill-Qwen-1.5B-bfloat16-34816/3-0.2-1.0-aime24-1-128-131072-32768

---> Starting run: seed=4 (5/16)
Skipping run, results found in /projects/bdrx/azhang14/SoberReasoningPlus/results/temp_0.2/deepseek-ai-DeepSeek-R1-Distill-Qwen-1.5B-bfloat16-34816/4-0.2-1.0-aime24-1-128-131072-32768

---> Starting run: seed=5 (6/16)
Skipping run, results found in /projects/bdrx/azhang14/SoberReasoningPlus/results/temp_0.2/deepseek-ai-DeepSeek-R1-Distill-Qwen-1.5B-bfloat16-34816/5-0.2-1.0-aime24-1-128-131072-32768

---> Starting run: seed=6 (7/16)
Skipping run, results found in /projects/bdrx/azhang14/SoberReasoningPlus/results/temp_0.2/deepseek-ai-DeepSeek-R1-Distill-Qwen-1.5B-bfloat16-34816/6-0.2-1.0-aime24-1-128-131072-32768

---> Starting run: seed=7 (8/16)
Skipping run, results found in /projects/bdrx/azhang14/SoberReasoningPlus/results/temp_0.2/deepseek-ai-DeepSeek-R1-Distill-Qwen-1.5B-bfloat16-34816/7-0.2-1.0-aime24-1-128-131072-32768

---> Starting run: seed=8 (9/16)
Skipping run, results found in /projects/bdrx/azhang14/SoberReasoningPlus/results/temp_0.2/deepseek-ai-DeepSeek-R1-Distill-Qwen-1.5B-bfloat16-34816/8-0.2-1.0-aime24-1-128-131072-32768

---> Starting run: seed=9 (10/16)
Skipping run, results found in /projects/bdrx/azhang14/SoberReasoningPlus/results/temp_0.2/deepseek-ai-DeepSeek-R1-Distill-Qwen-1.5B-bfloat16-34816/9-0.2-1.0-aime24-1-128-131072-32768

---> Starting run: seed=10 (11/16)
Skipping run, results found in /projects/bdrx/azhang14/SoberReasoningPlus/results/temp_0.2/deepseek-ai-DeepSeek-R1-Distill-Qwen-1.5B-bfloat16-34816/10-0.2-1.0-aime24-1-128-131072-32768

---> Starting run: seed=11 (12/16)
Skipping run, results found in /projects/bdrx/azhang14/SoberReasoningPlus/results/temp_0.2/deepseek-ai-DeepSeek-R1-Distill-Qwen-1.5B-bfloat16-34816/11-0.2-1.0-aime24-1-128-131072-32768

---> Starting run: seed=12 (13/16)
Skipping run, results found in /projects/bdrx/azhang14/SoberReasoningPlus/results/temp_0.2/deepseek-ai-DeepSeek-R1-Distill-Qwen-1.5B-bfloat16-34816/12-0.2-1.0-aime24-1-128-131072-32768

---> Starting run: seed=13 (14/16)
Skipping run, results found in /projects/bdrx/azhang14/SoberReasoningPlus/results/temp_0.2/deepseek-ai-DeepSeek-R1-Distill-Qwen-1.5B-bfloat16-34816/13-0.2-1.0-aime24-1-128-131072-32768

---> Starting run: seed=14 (15/16)
Skipping run, results found in /projects/bdrx/azhang14/SoberReasoningPlus/results/temp_0.2/deepseek-ai-DeepSeek-R1-Distill-Qwen-1.5B-bfloat16-34816/14-0.2-1.0-aime24-1-128-131072-32768

---> Starting run: seed=15 (16/16)
Skipping run, results found in /projects/bdrx/azhang14/SoberReasoningPlus/results/temp_0.2/deepseek-ai-DeepSeek-R1-Distill-Qwen-1.5B-bfloat16-34816/15-0.2-1.0-aime24-1-128-131072-32768
Running evaluation for task: custom|aime25|0|0, temperature: 0.2, top_p: 1.0, num_seeds: 16

---> Starting run: seed=0 (1/16)
Skipping run, results found in /projects/bdrx/azhang14/SoberReasoningPlus/results/temp_0.2/deepseek-ai-DeepSeek-R1-Distill-Qwen-1.5B-bfloat16-34816/0-0.2-1.0-aime25-1-128-131072-32768

---> Starting run: seed=1 (2/16)
Skipping run, results found in /projects/bdrx/azhang14/SoberReasoningPlus/results/temp_0.2/deepseek-ai-DeepSeek-R1-Distill-Qwen-1.5B-bfloat16-34816/1-0.2-1.0-aime25-1-128-131072-32768

---> Starting run: seed=2 (3/16)
Skipping run, results found in /projects/bdrx/azhang14/SoberReasoningPlus/results/temp_0.2/deepseek-ai-DeepSeek-R1-Distill-Qwen-1.5B-bfloat16-34816/2-0.2-1.0-aime25-1-128-131072-32768

---> Starting run: seed=3 (4/16)
Skipping run, results found in /projects/bdrx/azhang14/SoberReasoningPlus/results/temp_0.2/deepseek-ai-DeepSeek-R1-Distill-Qwen-1.5B-bfloat16-34816/3-0.2-1.0-aime25-1-128-131072-32768

---> Starting run: seed=4 (5/16)
Skipping run, results found in /projects/bdrx/azhang14/SoberReasoningPlus/results/temp_0.2/deepseek-ai-DeepSeek-R1-Distill-Qwen-1.5B-bfloat16-34816/4-0.2-1.0-aime25-1-128-131072-32768

---> Starting run: seed=5 (6/16)
Skipping run, results found in /projects/bdrx/azhang14/SoberReasoningPlus/results/temp_0.2/deepseek-ai-DeepSeek-R1-Distill-Qwen-1.5B-bfloat16-34816/5-0.2-1.0-aime25-1-128-131072-32768

---> Starting run: seed=6 (7/16)
Skipping run, results found in /projects/bdrx/azhang14/SoberReasoningPlus/results/temp_0.2/deepseek-ai-DeepSeek-R1-Distill-Qwen-1.5B-bfloat16-34816/6-0.2-1.0-aime25-1-128-131072-32768

---> Starting run: seed=7 (8/16)
Skipping run, results found in /projects/bdrx/azhang14/SoberReasoningPlus/results/temp_0.2/deepseek-ai-DeepSeek-R1-Distill-Qwen-1.5B-bfloat16-34816/7-0.2-1.0-aime25-1-128-131072-32768

---> Starting run: seed=8 (9/16)
Skipping run, results found in /projects/bdrx/azhang14/SoberReasoningPlus/results/temp_0.2/deepseek-ai-DeepSeek-R1-Distill-Qwen-1.5B-bfloat16-34816/8-0.2-1.0-aime25-1-128-131072-32768

---> Starting run: seed=9 (10/16)
Skipping run, results found in /projects/bdrx/azhang14/SoberReasoningPlus/results/temp_0.2/deepseek-ai-DeepSeek-R1-Distill-Qwen-1.5B-bfloat16-34816/9-0.2-1.0-aime25-1-128-131072-32768

---> Starting run: seed=10 (11/16)
Skipping run, results found in /projects/bdrx/azhang14/SoberReasoningPlus/results/temp_0.2/deepseek-ai-DeepSeek-R1-Distill-Qwen-1.5B-bfloat16-34816/10-0.2-1.0-aime25-1-128-131072-32768

---> Starting run: seed=11 (12/16)
Skipping run, results found in /projects/bdrx/azhang14/SoberReasoningPlus/results/temp_0.2/deepseek-ai-DeepSeek-R1-Distill-Qwen-1.5B-bfloat16-34816/11-0.2-1.0-aime25-1-128-131072-32768

---> Starting run: seed=12 (13/16)
Skipping run, results found in /projects/bdrx/azhang14/SoberReasoningPlus/results/temp_0.2/deepseek-ai-DeepSeek-R1-Distill-Qwen-1.5B-bfloat16-34816/12-0.2-1.0-aime25-1-128-131072-32768

---> Starting run: seed=13 (14/16)
Skipping run, results found in /projects/bdrx/azhang14/SoberReasoningPlus/results/temp_0.2/deepseek-ai-DeepSeek-R1-Distill-Qwen-1.5B-bfloat16-34816/13-0.2-1.0-aime25-1-128-131072-32768

---> Starting run: seed=14 (15/16)
Skipping run, results found in /projects/bdrx/azhang14/SoberReasoningPlus/results/temp_0.2/deepseek-ai-DeepSeek-R1-Distill-Qwen-1.5B-bfloat16-34816/14-0.2-1.0-aime25-1-128-131072-32768

---> Starting run: seed=15 (16/16)
Skipping run, results found in /projects/bdrx/azhang14/SoberReasoningPlus/results/temp_0.2/deepseek-ai-DeepSeek-R1-Distill-Qwen-1.5B-bfloat16-34816/15-0.2-1.0-aime25-1-128-131072-32768
Running evaluation for task: custom|amc23|0|0, temperature: 0.2, top_p: 1.0, num_seeds: 16

---> Starting run: seed=0 (1/16)
Skipping run, results found in /projects/bdrx/azhang14/SoberReasoningPlus/results/temp_0.2/deepseek-ai-DeepSeek-R1-Distill-Qwen-1.5B-bfloat16-34816/0-0.2-1.0-amc23-1-128-131072-32768

---> Starting run: seed=1 (2/16)
Skipping run, results found in /projects/bdrx/azhang14/SoberReasoningPlus/results/temp_0.2/deepseek-ai-DeepSeek-R1-Distill-Qwen-1.5B-bfloat16-34816/1-0.2-1.0-amc23-1-128-131072-32768

---> Starting run: seed=2 (3/16)
Skipping run, results found in /projects/bdrx/azhang14/SoberReasoningPlus/results/temp_0.2/deepseek-ai-DeepSeek-R1-Distill-Qwen-1.5B-bfloat16-34816/2-0.2-1.0-amc23-1-128-131072-32768

---> Starting run: seed=3 (4/16)
Skipping run, results found in /projects/bdrx/azhang14/SoberReasoningPlus/results/temp_0.2/deepseek-ai-DeepSeek-R1-Distill-Qwen-1.5B-bfloat16-34816/3-0.2-1.0-amc23-1-128-131072-32768

---> Starting run: seed=4 (5/16)
Skipping run, results found in /projects/bdrx/azhang14/SoberReasoningPlus/results/temp_0.2/deepseek-ai-DeepSeek-R1-Distill-Qwen-1.5B-bfloat16-34816/4-0.2-1.0-amc23-1-128-131072-32768

---> Starting run: seed=5 (6/16)
Skipping run, results found in /projects/bdrx/azhang14/SoberReasoningPlus/results/temp_0.2/deepseek-ai-DeepSeek-R1-Distill-Qwen-1.5B-bfloat16-34816/5-0.2-1.0-amc23-1-128-131072-32768

---> Starting run: seed=6 (7/16)
Skipping run, results found in /projects/bdrx/azhang14/SoberReasoningPlus/results/temp_0.2/deepseek-ai-DeepSeek-R1-Distill-Qwen-1.5B-bfloat16-34816/6-0.2-1.0-amc23-1-128-131072-32768

---> Starting run: seed=7 (8/16)
Skipping run, results found in /projects/bdrx/azhang14/SoberReasoningPlus/results/temp_0.2/deepseek-ai-DeepSeek-R1-Distill-Qwen-1.5B-bfloat16-34816/7-0.2-1.0-amc23-1-128-131072-32768

---> Starting run: seed=8 (9/16)
Skipping run, results found in /projects/bdrx/azhang14/SoberReasoningPlus/results/temp_0.2/deepseek-ai-DeepSeek-R1-Distill-Qwen-1.5B-bfloat16-34816/8-0.2-1.0-amc23-1-128-131072-32768

---> Starting run: seed=9 (10/16)
Skipping run, results found in /projects/bdrx/azhang14/SoberReasoningPlus/results/temp_0.2/deepseek-ai-DeepSeek-R1-Distill-Qwen-1.5B-bfloat16-34816/9-0.2-1.0-amc23-1-128-131072-32768

---> Starting run: seed=10 (11/16)
Skipping run, results found in /projects/bdrx/azhang14/SoberReasoningPlus/results/temp_0.2/deepseek-ai-DeepSeek-R1-Distill-Qwen-1.5B-bfloat16-34816/10-0.2-1.0-amc23-1-128-131072-32768

---> Starting run: seed=11 (12/16)
Skipping run, results found in /projects/bdrx/azhang14/SoberReasoningPlus/results/temp_0.2/deepseek-ai-DeepSeek-R1-Distill-Qwen-1.5B-bfloat16-34816/11-0.2-1.0-amc23-1-128-131072-32768

---> Starting run: seed=12 (13/16)
Skipping run, results found in /projects/bdrx/azhang14/SoberReasoningPlus/results/temp_0.2/deepseek-ai-DeepSeek-R1-Distill-Qwen-1.5B-bfloat16-34816/12-0.2-1.0-amc23-1-128-131072-32768

---> Starting run: seed=13 (14/16)
Skipping run, results found in /projects/bdrx/azhang14/SoberReasoningPlus/results/temp_0.2/deepseek-ai-DeepSeek-R1-Distill-Qwen-1.5B-bfloat16-34816/13-0.2-1.0-amc23-1-128-131072-32768

---> Starting run: seed=14 (15/16)
Skipping run, results found in /projects/bdrx/azhang14/SoberReasoningPlus/results/temp_0.2/deepseek-ai-DeepSeek-R1-Distill-Qwen-1.5B-bfloat16-34816/14-0.2-1.0-amc23-1-128-131072-32768

---> Starting run: seed=15 (16/16)
Skipping run, results found in /projects/bdrx/azhang14/SoberReasoningPlus/results/temp_0.2/deepseek-ai-DeepSeek-R1-Distill-Qwen-1.5B-bfloat16-34816/15-0.2-1.0-amc23-1-128-131072-32768
Running evaluation for task: custom|math_500|0|0, temperature: 0.2, top_p: 1.0, num_seeds: 3

---> Starting run: seed=0 (1/3)
Incomplete run found in /projects/bdrx/azhang14/SoberReasoningPlus/results/temp_0.2/deepseek-ai-DeepSeek-R1-Distill-Qwen-1.5B-bfloat16-34816/0-0.2-1.0-math_500-1-128-131072-32768. Deleting and re-running.
Results will be saved
EvaluationTracker initialized with output directory
PipelineParameters set
Pipeline initialized
Error running model with Temp=0.2, Top_P=1.0
======================================
Running: Model=deepseek-ai/DeepSeek-R1-Distill-Qwen-1.5B, Temp=0.4, Top_P=0.7
======================================
INFO 12-04 09:20:51 [__init__.py:244] Automatically detected platform cuda.
Loading model...
INFO 12-04 09:22:14 [__init__.py:244] Automatically detected platform cuda.
Model loaded successfully.
[0.4] [0.7]
<class 'list'> <class 'list'>
Running evaluation for task: custom|aime24|0|0, temperature: 0.4, top_p: 0.7, num_seeds: 16

---> Starting run: seed=0 (1/16)
Skipping run, results found in /projects/bdrx/azhang14/SoberReasoningPlus/results/temp_0.4/deepseek-ai-DeepSeek-R1-Distill-Qwen-1.5B-bfloat16-34816/0-0.4-0.7-aime24-1-128-131072-32768

---> Starting run: seed=1 (2/16)
Skipping run, results found in /projects/bdrx/azhang14/SoberReasoningPlus/results/temp_0.4/deepseek-ai-DeepSeek-R1-Distill-Qwen-1.5B-bfloat16-34816/1-0.4-0.7-aime24-1-128-131072-32768

---> Starting run: seed=2 (3/16)
Skipping run, results found in /projects/bdrx/azhang14/SoberReasoningPlus/results/temp_0.4/deepseek-ai-DeepSeek-R1-Distill-Qwen-1.5B-bfloat16-34816/2-0.4-0.7-aime24-1-128-131072-32768

---> Starting run: seed=3 (4/16)
Skipping run, results found in /projects/bdrx/azhang14/SoberReasoningPlus/results/temp_0.4/deepseek-ai-DeepSeek-R1-Distill-Qwen-1.5B-bfloat16-34816/3-0.4-0.7-aime24-1-128-131072-32768

---> Starting run: seed=4 (5/16)
Skipping run, results found in /projects/bdrx/azhang14/SoberReasoningPlus/results/temp_0.4/deepseek-ai-DeepSeek-R1-Distill-Qwen-1.5B-bfloat16-34816/4-0.4-0.7-aime24-1-128-131072-32768

---> Starting run: seed=5 (6/16)
Skipping run, results found in /projects/bdrx/azhang14/SoberReasoningPlus/results/temp_0.4/deepseek-ai-DeepSeek-R1-Distill-Qwen-1.5B-bfloat16-34816/5-0.4-0.7-aime24-1-128-131072-32768

---> Starting run: seed=6 (7/16)
Skipping run, results found in /projects/bdrx/azhang14/SoberReasoningPlus/results/temp_0.4/deepseek-ai-DeepSeek-R1-Distill-Qwen-1.5B-bfloat16-34816/6-0.4-0.7-aime24-1-128-131072-32768

---> Starting run: seed=7 (8/16)
Skipping run, results found in /projects/bdrx/azhang14/SoberReasoningPlus/results/temp_0.4/deepseek-ai-DeepSeek-R1-Distill-Qwen-1.5B-bfloat16-34816/7-0.4-0.7-aime24-1-128-131072-32768

---> Starting run: seed=8 (9/16)
Skipping run, results found in /projects/bdrx/azhang14/SoberReasoningPlus/results/temp_0.4/deepseek-ai-DeepSeek-R1-Distill-Qwen-1.5B-bfloat16-34816/8-0.4-0.7-aime24-1-128-131072-32768

---> Starting run: seed=9 (10/16)
Skipping run, results found in /projects/bdrx/azhang14/SoberReasoningPlus/results/temp_0.4/deepseek-ai-DeepSeek-R1-Distill-Qwen-1.5B-bfloat16-34816/9-0.4-0.7-aime24-1-128-131072-32768

---> Starting run: seed=10 (11/16)
Skipping run, results found in /projects/bdrx/azhang14/SoberReasoningPlus/results/temp_0.4/deepseek-ai-DeepSeek-R1-Distill-Qwen-1.5B-bfloat16-34816/10-0.4-0.7-aime24-1-128-131072-32768

---> Starting run: seed=11 (12/16)
Skipping run, results found in /projects/bdrx/azhang14/SoberReasoningPlus/results/temp_0.4/deepseek-ai-DeepSeek-R1-Distill-Qwen-1.5B-bfloat16-34816/11-0.4-0.7-aime24-1-128-131072-32768

---> Starting run: seed=12 (13/16)
Skipping run, results found in /projects/bdrx/azhang14/SoberReasoningPlus/results/temp_0.4/deepseek-ai-DeepSeek-R1-Distill-Qwen-1.5B-bfloat16-34816/12-0.4-0.7-aime24-1-128-131072-32768

---> Starting run: seed=13 (14/16)
Skipping run, results found in /projects/bdrx/azhang14/SoberReasoningPlus/results/temp_0.4/deepseek-ai-DeepSeek-R1-Distill-Qwen-1.5B-bfloat16-34816/13-0.4-0.7-aime24-1-128-131072-32768

---> Starting run: seed=14 (15/16)
Skipping run, results found in /projects/bdrx/azhang14/SoberReasoningPlus/results/temp_0.4/deepseek-ai-DeepSeek-R1-Distill-Qwen-1.5B-bfloat16-34816/14-0.4-0.7-aime24-1-128-131072-32768

---> Starting run: seed=15 (16/16)
Skipping run, results found in /projects/bdrx/azhang14/SoberReasoningPlus/results/temp_0.4/deepseek-ai-DeepSeek-R1-Distill-Qwen-1.5B-bfloat16-34816/15-0.4-0.7-aime24-1-128-131072-32768
Running evaluation for task: custom|aime25|0|0, temperature: 0.4, top_p: 0.7, num_seeds: 16

---> Starting run: seed=0 (1/16)
Skipping run, results found in /projects/bdrx/azhang14/SoberReasoningPlus/results/temp_0.4/deepseek-ai-DeepSeek-R1-Distill-Qwen-1.5B-bfloat16-34816/0-0.4-0.7-aime25-1-128-131072-32768

---> Starting run: seed=1 (2/16)
Skipping run, results found in /projects/bdrx/azhang14/SoberReasoningPlus/results/temp_0.4/deepseek-ai-DeepSeek-R1-Distill-Qwen-1.5B-bfloat16-34816/1-0.4-0.7-aime25-1-128-131072-32768

---> Starting run: seed=2 (3/16)
Skipping run, results found in /projects/bdrx/azhang14/SoberReasoningPlus/results/temp_0.4/deepseek-ai-DeepSeek-R1-Distill-Qwen-1.5B-bfloat16-34816/2-0.4-0.7-aime25-1-128-131072-32768

---> Starting run: seed=3 (4/16)
Skipping run, results found in /projects/bdrx/azhang14/SoberReasoningPlus/results/temp_0.4/deepseek-ai-DeepSeek-R1-Distill-Qwen-1.5B-bfloat16-34816/3-0.4-0.7-aime25-1-128-131072-32768

---> Starting run: seed=4 (5/16)
Skipping run, results found in /projects/bdrx/azhang14/SoberReasoningPlus/results/temp_0.4/deepseek-ai-DeepSeek-R1-Distill-Qwen-1.5B-bfloat16-34816/4-0.4-0.7-aime25-1-128-131072-32768

---> Starting run: seed=5 (6/16)
Skipping run, results found in /projects/bdrx/azhang14/SoberReasoningPlus/results/temp_0.4/deepseek-ai-DeepSeek-R1-Distill-Qwen-1.5B-bfloat16-34816/5-0.4-0.7-aime25-1-128-131072-32768

---> Starting run: seed=6 (7/16)
Skipping run, results found in /projects/bdrx/azhang14/SoberReasoningPlus/results/temp_0.4/deepseek-ai-DeepSeek-R1-Distill-Qwen-1.5B-bfloat16-34816/6-0.4-0.7-aime25-1-128-131072-32768

---> Starting run: seed=7 (8/16)
Skipping run, results found in /projects/bdrx/azhang14/SoberReasoningPlus/results/temp_0.4/deepseek-ai-DeepSeek-R1-Distill-Qwen-1.5B-bfloat16-34816/7-0.4-0.7-aime25-1-128-131072-32768

---> Starting run: seed=8 (9/16)
Skipping run, results found in /projects/bdrx/azhang14/SoberReasoningPlus/results/temp_0.4/deepseek-ai-DeepSeek-R1-Distill-Qwen-1.5B-bfloat16-34816/8-0.4-0.7-aime25-1-128-131072-32768

---> Starting run: seed=9 (10/16)
Skipping run, results found in /projects/bdrx/azhang14/SoberReasoningPlus/results/temp_0.4/deepseek-ai-DeepSeek-R1-Distill-Qwen-1.5B-bfloat16-34816/9-0.4-0.7-aime25-1-128-131072-32768

---> Starting run: seed=10 (11/16)
Skipping run, results found in /projects/bdrx/azhang14/SoberReasoningPlus/results/temp_0.4/deepseek-ai-DeepSeek-R1-Distill-Qwen-1.5B-bfloat16-34816/10-0.4-0.7-aime25-1-128-131072-32768

---> Starting run: seed=11 (12/16)
Skipping run, results found in /projects/bdrx/azhang14/SoberReasoningPlus/results/temp_0.4/deepseek-ai-DeepSeek-R1-Distill-Qwen-1.5B-bfloat16-34816/11-0.4-0.7-aime25-1-128-131072-32768

---> Starting run: seed=12 (13/16)
Skipping run, results found in /projects/bdrx/azhang14/SoberReasoningPlus/results/temp_0.4/deepseek-ai-DeepSeek-R1-Distill-Qwen-1.5B-bfloat16-34816/12-0.4-0.7-aime25-1-128-131072-32768

---> Starting run: seed=13 (14/16)
Skipping run, results found in /projects/bdrx/azhang14/SoberReasoningPlus/results/temp_0.4/deepseek-ai-DeepSeek-R1-Distill-Qwen-1.5B-bfloat16-34816/13-0.4-0.7-aime25-1-128-131072-32768

---> Starting run: seed=14 (15/16)
Skipping run, results found in /projects/bdrx/azhang14/SoberReasoningPlus/results/temp_0.4/deepseek-ai-DeepSeek-R1-Distill-Qwen-1.5B-bfloat16-34816/14-0.4-0.7-aime25-1-128-131072-32768

---> Starting run: seed=15 (16/16)
Skipping run, results found in /projects/bdrx/azhang14/SoberReasoningPlus/results/temp_0.4/deepseek-ai-DeepSeek-R1-Distill-Qwen-1.5B-bfloat16-34816/15-0.4-0.7-aime25-1-128-131072-32768
Running evaluation for task: custom|amc23|0|0, temperature: 0.4, top_p: 0.7, num_seeds: 16

---> Starting run: seed=0 (1/16)
Skipping run, results found in /projects/bdrx/azhang14/SoberReasoningPlus/results/temp_0.4/deepseek-ai-DeepSeek-R1-Distill-Qwen-1.5B-bfloat16-34816/0-0.4-0.7-amc23-1-128-131072-32768

---> Starting run: seed=1 (2/16)
Skipping run, results found in /projects/bdrx/azhang14/SoberReasoningPlus/results/temp_0.4/deepseek-ai-DeepSeek-R1-Distill-Qwen-1.5B-bfloat16-34816/1-0.4-0.7-amc23-1-128-131072-32768

---> Starting run: seed=2 (3/16)
Skipping run, results found in /projects/bdrx/azhang14/SoberReasoningPlus/results/temp_0.4/deepseek-ai-DeepSeek-R1-Distill-Qwen-1.5B-bfloat16-34816/2-0.4-0.7-amc23-1-128-131072-32768

---> Starting run: seed=3 (4/16)
Skipping run, results found in /projects/bdrx/azhang14/SoberReasoningPlus/results/temp_0.4/deepseek-ai-DeepSeek-R1-Distill-Qwen-1.5B-bfloat16-34816/3-0.4-0.7-amc23-1-128-131072-32768

---> Starting run: seed=4 (5/16)
Skipping run, results found in /projects/bdrx/azhang14/SoberReasoningPlus/results/temp_0.4/deepseek-ai-DeepSeek-R1-Distill-Qwen-1.5B-bfloat16-34816/4-0.4-0.7-amc23-1-128-131072-32768

---> Starting run: seed=5 (6/16)
Skipping run, results found in /projects/bdrx/azhang14/SoberReasoningPlus/results/temp_0.4/deepseek-ai-DeepSeek-R1-Distill-Qwen-1.5B-bfloat16-34816/5-0.4-0.7-amc23-1-128-131072-32768

---> Starting run: seed=6 (7/16)
Skipping run, results found in /projects/bdrx/azhang14/SoberReasoningPlus/results/temp_0.4/deepseek-ai-DeepSeek-R1-Distill-Qwen-1.5B-bfloat16-34816/6-0.4-0.7-amc23-1-128-131072-32768

---> Starting run: seed=7 (8/16)
Skipping run, results found in /projects/bdrx/azhang14/SoberReasoningPlus/results/temp_0.4/deepseek-ai-DeepSeek-R1-Distill-Qwen-1.5B-bfloat16-34816/7-0.4-0.7-amc23-1-128-131072-32768

---> Starting run: seed=8 (9/16)
Skipping run, results found in /projects/bdrx/azhang14/SoberReasoningPlus/results/temp_0.4/deepseek-ai-DeepSeek-R1-Distill-Qwen-1.5B-bfloat16-34816/8-0.4-0.7-amc23-1-128-131072-32768

---> Starting run: seed=9 (10/16)
Skipping run, results found in /projects/bdrx/azhang14/SoberReasoningPlus/results/temp_0.4/deepseek-ai-DeepSeek-R1-Distill-Qwen-1.5B-bfloat16-34816/9-0.4-0.7-amc23-1-128-131072-32768

---> Starting run: seed=10 (11/16)
Skipping run, results found in /projects/bdrx/azhang14/SoberReasoningPlus/results/temp_0.4/deepseek-ai-DeepSeek-R1-Distill-Qwen-1.5B-bfloat16-34816/10-0.4-0.7-amc23-1-128-131072-32768

---> Starting run: seed=11 (12/16)
Skipping run, results found in /projects/bdrx/azhang14/SoberReasoningPlus/results/temp_0.4/deepseek-ai-DeepSeek-R1-Distill-Qwen-1.5B-bfloat16-34816/11-0.4-0.7-amc23-1-128-131072-32768

---> Starting run: seed=12 (13/16)
Skipping run, results found in /projects/bdrx/azhang14/SoberReasoningPlus/results/temp_0.4/deepseek-ai-DeepSeek-R1-Distill-Qwen-1.5B-bfloat16-34816/12-0.4-0.7-amc23-1-128-131072-32768

---> Starting run: seed=13 (14/16)
Skipping run, results found in /projects/bdrx/azhang14/SoberReasoningPlus/results/temp_0.4/deepseek-ai-DeepSeek-R1-Distill-Qwen-1.5B-bfloat16-34816/13-0.4-0.7-amc23-1-128-131072-32768

---> Starting run: seed=14 (15/16)
Skipping run, results found in /projects/bdrx/azhang14/SoberReasoningPlus/results/temp_0.4/deepseek-ai-DeepSeek-R1-Distill-Qwen-1.5B-bfloat16-34816/14-0.4-0.7-amc23-1-128-131072-32768

---> Starting run: seed=15 (16/16)
Skipping run, results found in /projects/bdrx/azhang14/SoberReasoningPlus/results/temp_0.4/deepseek-ai-DeepSeek-R1-Distill-Qwen-1.5B-bfloat16-34816/15-0.4-0.7-amc23-1-128-131072-32768
Running evaluation for task: custom|math_500|0|0, temperature: 0.4, top_p: 0.7, num_seeds: 3

---> Starting run: seed=0 (1/3)
Incomplete run found in /projects/bdrx/azhang14/SoberReasoningPlus/results/temp_0.4/deepseek-ai-DeepSeek-R1-Distill-Qwen-1.5B-bfloat16-34816/0-0.4-0.7-math_500-1-128-131072-32768. Deleting and re-running.
Results will be saved
EvaluationTracker initialized with output directory
PipelineParameters set
Pipeline initialized
Error running model with Temp=0.4, Top_P=0.7
======================================
Running: Model=deepseek-ai/DeepSeek-R1-Distill-Qwen-1.5B, Temp=0.4, Top_P=0.8
======================================
INFO 12-04 10:00:17 [__init__.py:244] Automatically detected platform cuda.
Loading model...
INFO 12-04 10:01:34 [__init__.py:244] Automatically detected platform cuda.
Model loaded successfully.
[0.4] [0.8]
<class 'list'> <class 'list'>
Running evaluation for task: custom|aime24|0|0, temperature: 0.4, top_p: 0.8, num_seeds: 16

---> Starting run: seed=0 (1/16)
Skipping run, results found in /projects/bdrx/azhang14/SoberReasoningPlus/results/temp_0.4/deepseek-ai-DeepSeek-R1-Distill-Qwen-1.5B-bfloat16-34816/0-0.4-0.8-aime24-1-128-131072-32768

---> Starting run: seed=1 (2/16)
Skipping run, results found in /projects/bdrx/azhang14/SoberReasoningPlus/results/temp_0.4/deepseek-ai-DeepSeek-R1-Distill-Qwen-1.5B-bfloat16-34816/1-0.4-0.8-aime24-1-128-131072-32768

---> Starting run: seed=2 (3/16)
Skipping run, results found in /projects/bdrx/azhang14/SoberReasoningPlus/results/temp_0.4/deepseek-ai-DeepSeek-R1-Distill-Qwen-1.5B-bfloat16-34816/2-0.4-0.8-aime24-1-128-131072-32768

---> Starting run: seed=3 (4/16)
Skipping run, results found in /projects/bdrx/azhang14/SoberReasoningPlus/results/temp_0.4/deepseek-ai-DeepSeek-R1-Distill-Qwen-1.5B-bfloat16-34816/3-0.4-0.8-aime24-1-128-131072-32768

---> Starting run: seed=4 (5/16)
Skipping run, results found in /projects/bdrx/azhang14/SoberReasoningPlus/results/temp_0.4/deepseek-ai-DeepSeek-R1-Distill-Qwen-1.5B-bfloat16-34816/4-0.4-0.8-aime24-1-128-131072-32768

---> Starting run: seed=5 (6/16)
Skipping run, results found in /projects/bdrx/azhang14/SoberReasoningPlus/results/temp_0.4/deepseek-ai-DeepSeek-R1-Distill-Qwen-1.5B-bfloat16-34816/5-0.4-0.8-aime24-1-128-131072-32768

---> Starting run: seed=6 (7/16)
Skipping run, results found in /projects/bdrx/azhang14/SoberReasoningPlus/results/temp_0.4/deepseek-ai-DeepSeek-R1-Distill-Qwen-1.5B-bfloat16-34816/6-0.4-0.8-aime24-1-128-131072-32768

---> Starting run: seed=7 (8/16)
Skipping run, results found in /projects/bdrx/azhang14/SoberReasoningPlus/results/temp_0.4/deepseek-ai-DeepSeek-R1-Distill-Qwen-1.5B-bfloat16-34816/7-0.4-0.8-aime24-1-128-131072-32768

---> Starting run: seed=8 (9/16)
Skipping run, results found in /projects/bdrx/azhang14/SoberReasoningPlus/results/temp_0.4/deepseek-ai-DeepSeek-R1-Distill-Qwen-1.5B-bfloat16-34816/8-0.4-0.8-aime24-1-128-131072-32768

---> Starting run: seed=9 (10/16)
Skipping run, results found in /projects/bdrx/azhang14/SoberReasoningPlus/results/temp_0.4/deepseek-ai-DeepSeek-R1-Distill-Qwen-1.5B-bfloat16-34816/9-0.4-0.8-aime24-1-128-131072-32768

---> Starting run: seed=10 (11/16)
Skipping run, results found in /projects/bdrx/azhang14/SoberReasoningPlus/results/temp_0.4/deepseek-ai-DeepSeek-R1-Distill-Qwen-1.5B-bfloat16-34816/10-0.4-0.8-aime24-1-128-131072-32768

---> Starting run: seed=11 (12/16)
Skipping run, results found in /projects/bdrx/azhang14/SoberReasoningPlus/results/temp_0.4/deepseek-ai-DeepSeek-R1-Distill-Qwen-1.5B-bfloat16-34816/11-0.4-0.8-aime24-1-128-131072-32768

---> Starting run: seed=12 (13/16)
Skipping run, results found in /projects/bdrx/azhang14/SoberReasoningPlus/results/temp_0.4/deepseek-ai-DeepSeek-R1-Distill-Qwen-1.5B-bfloat16-34816/12-0.4-0.8-aime24-1-128-131072-32768

---> Starting run: seed=13 (14/16)
Skipping run, results found in /projects/bdrx/azhang14/SoberReasoningPlus/results/temp_0.4/deepseek-ai-DeepSeek-R1-Distill-Qwen-1.5B-bfloat16-34816/13-0.4-0.8-aime24-1-128-131072-32768

---> Starting run: seed=14 (15/16)
Skipping run, results found in /projects/bdrx/azhang14/SoberReasoningPlus/results/temp_0.4/deepseek-ai-DeepSeek-R1-Distill-Qwen-1.5B-bfloat16-34816/14-0.4-0.8-aime24-1-128-131072-32768

---> Starting run: seed=15 (16/16)
Skipping run, results found in /projects/bdrx/azhang14/SoberReasoningPlus/results/temp_0.4/deepseek-ai-DeepSeek-R1-Distill-Qwen-1.5B-bfloat16-34816/15-0.4-0.8-aime24-1-128-131072-32768
Running evaluation for task: custom|aime25|0|0, temperature: 0.4, top_p: 0.8, num_seeds: 16

---> Starting run: seed=0 (1/16)
Skipping run, results found in /projects/bdrx/azhang14/SoberReasoningPlus/results/temp_0.4/deepseek-ai-DeepSeek-R1-Distill-Qwen-1.5B-bfloat16-34816/0-0.4-0.8-aime25-1-128-131072-32768

---> Starting run: seed=1 (2/16)
Skipping run, results found in /projects/bdrx/azhang14/SoberReasoningPlus/results/temp_0.4/deepseek-ai-DeepSeek-R1-Distill-Qwen-1.5B-bfloat16-34816/1-0.4-0.8-aime25-1-128-131072-32768

---> Starting run: seed=2 (3/16)
Skipping run, results found in /projects/bdrx/azhang14/SoberReasoningPlus/results/temp_0.4/deepseek-ai-DeepSeek-R1-Distill-Qwen-1.5B-bfloat16-34816/2-0.4-0.8-aime25-1-128-131072-32768

---> Starting run: seed=3 (4/16)
Skipping run, results found in /projects/bdrx/azhang14/SoberReasoningPlus/results/temp_0.4/deepseek-ai-DeepSeek-R1-Distill-Qwen-1.5B-bfloat16-34816/3-0.4-0.8-aime25-1-128-131072-32768

---> Starting run: seed=4 (5/16)
Skipping run, results found in /projects/bdrx/azhang14/SoberReasoningPlus/results/temp_0.4/deepseek-ai-DeepSeek-R1-Distill-Qwen-1.5B-bfloat16-34816/4-0.4-0.8-aime25-1-128-131072-32768

---> Starting run: seed=5 (6/16)
Skipping run, results found in /projects/bdrx/azhang14/SoberReasoningPlus/results/temp_0.4/deepseek-ai-DeepSeek-R1-Distill-Qwen-1.5B-bfloat16-34816/5-0.4-0.8-aime25-1-128-131072-32768

---> Starting run: seed=6 (7/16)
Skipping run, results found in /projects/bdrx/azhang14/SoberReasoningPlus/results/temp_0.4/deepseek-ai-DeepSeek-R1-Distill-Qwen-1.5B-bfloat16-34816/6-0.4-0.8-aime25-1-128-131072-32768

---> Starting run: seed=7 (8/16)
Skipping run, results found in /projects/bdrx/azhang14/SoberReasoningPlus/results/temp_0.4/deepseek-ai-DeepSeek-R1-Distill-Qwen-1.5B-bfloat16-34816/7-0.4-0.8-aime25-1-128-131072-32768

---> Starting run: seed=8 (9/16)
Skipping run, results found in /projects/bdrx/azhang14/SoberReasoningPlus/results/temp_0.4/deepseek-ai-DeepSeek-R1-Distill-Qwen-1.5B-bfloat16-34816/8-0.4-0.8-aime25-1-128-131072-32768

---> Starting run: seed=9 (10/16)
Skipping run, results found in /projects/bdrx/azhang14/SoberReasoningPlus/results/temp_0.4/deepseek-ai-DeepSeek-R1-Distill-Qwen-1.5B-bfloat16-34816/9-0.4-0.8-aime25-1-128-131072-32768

---> Starting run: seed=10 (11/16)
Skipping run, results found in /projects/bdrx/azhang14/SoberReasoningPlus/results/temp_0.4/deepseek-ai-DeepSeek-R1-Distill-Qwen-1.5B-bfloat16-34816/10-0.4-0.8-aime25-1-128-131072-32768

---> Starting run: seed=11 (12/16)
Skipping run, results found in /projects/bdrx/azhang14/SoberReasoningPlus/results/temp_0.4/deepseek-ai-DeepSeek-R1-Distill-Qwen-1.5B-bfloat16-34816/11-0.4-0.8-aime25-1-128-131072-32768

---> Starting run: seed=12 (13/16)
Skipping run, results found in /projects/bdrx/azhang14/SoberReasoningPlus/results/temp_0.4/deepseek-ai-DeepSeek-R1-Distill-Qwen-1.5B-bfloat16-34816/12-0.4-0.8-aime25-1-128-131072-32768

---> Starting run: seed=13 (14/16)
Skipping run, results found in /projects/bdrx/azhang14/SoberReasoningPlus/results/temp_0.4/deepseek-ai-DeepSeek-R1-Distill-Qwen-1.5B-bfloat16-34816/13-0.4-0.8-aime25-1-128-131072-32768

---> Starting run: seed=14 (15/16)
Skipping run, results found in /projects/bdrx/azhang14/SoberReasoningPlus/results/temp_0.4/deepseek-ai-DeepSeek-R1-Distill-Qwen-1.5B-bfloat16-34816/14-0.4-0.8-aime25-1-128-131072-32768

---> Starting run: seed=15 (16/16)
Skipping run, results found in /projects/bdrx/azhang14/SoberReasoningPlus/results/temp_0.4/deepseek-ai-DeepSeek-R1-Distill-Qwen-1.5B-bfloat16-34816/15-0.4-0.8-aime25-1-128-131072-32768
Running evaluation for task: custom|amc23|0|0, temperature: 0.4, top_p: 0.8, num_seeds: 16

---> Starting run: seed=0 (1/16)
Skipping run, results found in /projects/bdrx/azhang14/SoberReasoningPlus/results/temp_0.4/deepseek-ai-DeepSeek-R1-Distill-Qwen-1.5B-bfloat16-34816/0-0.4-0.8-amc23-1-128-131072-32768

---> Starting run: seed=1 (2/16)
Skipping run, results found in /projects/bdrx/azhang14/SoberReasoningPlus/results/temp_0.4/deepseek-ai-DeepSeek-R1-Distill-Qwen-1.5B-bfloat16-34816/1-0.4-0.8-amc23-1-128-131072-32768

---> Starting run: seed=2 (3/16)
Skipping run, results found in /projects/bdrx/azhang14/SoberReasoningPlus/results/temp_0.4/deepseek-ai-DeepSeek-R1-Distill-Qwen-1.5B-bfloat16-34816/2-0.4-0.8-amc23-1-128-131072-32768

---> Starting run: seed=3 (4/16)
Skipping run, results found in /projects/bdrx/azhang14/SoberReasoningPlus/results/temp_0.4/deepseek-ai-DeepSeek-R1-Distill-Qwen-1.5B-bfloat16-34816/3-0.4-0.8-amc23-1-128-131072-32768

---> Starting run: seed=4 (5/16)
Skipping run, results found in /projects/bdrx/azhang14/SoberReasoningPlus/results/temp_0.4/deepseek-ai-DeepSeek-R1-Distill-Qwen-1.5B-bfloat16-34816/4-0.4-0.8-amc23-1-128-131072-32768

---> Starting run: seed=5 (6/16)
Skipping run, results found in /projects/bdrx/azhang14/SoberReasoningPlus/results/temp_0.4/deepseek-ai-DeepSeek-R1-Distill-Qwen-1.5B-bfloat16-34816/5-0.4-0.8-amc23-1-128-131072-32768

---> Starting run: seed=6 (7/16)
Skipping run, results found in /projects/bdrx/azhang14/SoberReasoningPlus/results/temp_0.4/deepseek-ai-DeepSeek-R1-Distill-Qwen-1.5B-bfloat16-34816/6-0.4-0.8-amc23-1-128-131072-32768

---> Starting run: seed=7 (8/16)
Skipping run, results found in /projects/bdrx/azhang14/SoberReasoningPlus/results/temp_0.4/deepseek-ai-DeepSeek-R1-Distill-Qwen-1.5B-bfloat16-34816/7-0.4-0.8-amc23-1-128-131072-32768

---> Starting run: seed=8 (9/16)
Skipping run, results found in /projects/bdrx/azhang14/SoberReasoningPlus/results/temp_0.4/deepseek-ai-DeepSeek-R1-Distill-Qwen-1.5B-bfloat16-34816/8-0.4-0.8-amc23-1-128-131072-32768

---> Starting run: seed=9 (10/16)
Skipping run, results found in /projects/bdrx/azhang14/SoberReasoningPlus/results/temp_0.4/deepseek-ai-DeepSeek-R1-Distill-Qwen-1.5B-bfloat16-34816/9-0.4-0.8-amc23-1-128-131072-32768

---> Starting run: seed=10 (11/16)
Skipping run, results found in /projects/bdrx/azhang14/SoberReasoningPlus/results/temp_0.4/deepseek-ai-DeepSeek-R1-Distill-Qwen-1.5B-bfloat16-34816/10-0.4-0.8-amc23-1-128-131072-32768

---> Starting run: seed=11 (12/16)
Skipping run, results found in /projects/bdrx/azhang14/SoberReasoningPlus/results/temp_0.4/deepseek-ai-DeepSeek-R1-Distill-Qwen-1.5B-bfloat16-34816/11-0.4-0.8-amc23-1-128-131072-32768

---> Starting run: seed=12 (13/16)
Skipping run, results found in /projects/bdrx/azhang14/SoberReasoningPlus/results/temp_0.4/deepseek-ai-DeepSeek-R1-Distill-Qwen-1.5B-bfloat16-34816/12-0.4-0.8-amc23-1-128-131072-32768

---> Starting run: seed=13 (14/16)
Skipping run, results found in /projects/bdrx/azhang14/SoberReasoningPlus/results/temp_0.4/deepseek-ai-DeepSeek-R1-Distill-Qwen-1.5B-bfloat16-34816/13-0.4-0.8-amc23-1-128-131072-32768

---> Starting run: seed=14 (15/16)
Skipping run, results found in /projects/bdrx/azhang14/SoberReasoningPlus/results/temp_0.4/deepseek-ai-DeepSeek-R1-Distill-Qwen-1.5B-bfloat16-34816/14-0.4-0.8-amc23-1-128-131072-32768

---> Starting run: seed=15 (16/16)
Skipping run, results found in /projects/bdrx/azhang14/SoberReasoningPlus/results/temp_0.4/deepseek-ai-DeepSeek-R1-Distill-Qwen-1.5B-bfloat16-34816/15-0.4-0.8-amc23-1-128-131072-32768
Running evaluation for task: custom|math_500|0|0, temperature: 0.4, top_p: 0.8, num_seeds: 3

---> Starting run: seed=0 (1/3)
Incomplete run found in /projects/bdrx/azhang14/SoberReasoningPlus/results/temp_0.4/deepseek-ai-DeepSeek-R1-Distill-Qwen-1.5B-bfloat16-34816/0-0.4-0.8-math_500-1-128-131072-32768. Deleting and re-running.
Results will be saved
EvaluationTracker initialized with output directory
PipelineParameters set
Pipeline initialized
Error running model with Temp=0.4, Top_P=0.8
======================================
Running: Model=deepseek-ai/DeepSeek-R1-Distill-Qwen-1.5B, Temp=0.4, Top_P=0.9
======================================
INFO 12-04 10:37:52 [__init__.py:244] Automatically detected platform cuda.
Loading model...
INFO 12-04 10:39:39 [__init__.py:244] Automatically detected platform cuda.
Model loaded successfully.
[0.4] [0.9]
<class 'list'> <class 'list'>
Running evaluation for task: custom|aime24|0|0, temperature: 0.4, top_p: 0.9, num_seeds: 16

---> Starting run: seed=0 (1/16)
Skipping run, results found in /projects/bdrx/azhang14/SoberReasoningPlus/results/temp_0.4/deepseek-ai-DeepSeek-R1-Distill-Qwen-1.5B-bfloat16-34816/0-0.4-0.9-aime24-1-128-131072-32768

---> Starting run: seed=1 (2/16)
Skipping run, results found in /projects/bdrx/azhang14/SoberReasoningPlus/results/temp_0.4/deepseek-ai-DeepSeek-R1-Distill-Qwen-1.5B-bfloat16-34816/1-0.4-0.9-aime24-1-128-131072-32768

---> Starting run: seed=2 (3/16)
Skipping run, results found in /projects/bdrx/azhang14/SoberReasoningPlus/results/temp_0.4/deepseek-ai-DeepSeek-R1-Distill-Qwen-1.5B-bfloat16-34816/2-0.4-0.9-aime24-1-128-131072-32768

---> Starting run: seed=3 (4/16)
Skipping run, results found in /projects/bdrx/azhang14/SoberReasoningPlus/results/temp_0.4/deepseek-ai-DeepSeek-R1-Distill-Qwen-1.5B-bfloat16-34816/3-0.4-0.9-aime24-1-128-131072-32768

---> Starting run: seed=4 (5/16)
Skipping run, results found in /projects/bdrx/azhang14/SoberReasoningPlus/results/temp_0.4/deepseek-ai-DeepSeek-R1-Distill-Qwen-1.5B-bfloat16-34816/4-0.4-0.9-aime24-1-128-131072-32768

---> Starting run: seed=5 (6/16)
Skipping run, results found in /projects/bdrx/azhang14/SoberReasoningPlus/results/temp_0.4/deepseek-ai-DeepSeek-R1-Distill-Qwen-1.5B-bfloat16-34816/5-0.4-0.9-aime24-1-128-131072-32768

---> Starting run: seed=6 (7/16)
Skipping run, results found in /projects/bdrx/azhang14/SoberReasoningPlus/results/temp_0.4/deepseek-ai-DeepSeek-R1-Distill-Qwen-1.5B-bfloat16-34816/6-0.4-0.9-aime24-1-128-131072-32768

---> Starting run: seed=7 (8/16)
Skipping run, results found in /projects/bdrx/azhang14/SoberReasoningPlus/results/temp_0.4/deepseek-ai-DeepSeek-R1-Distill-Qwen-1.5B-bfloat16-34816/7-0.4-0.9-aime24-1-128-131072-32768

---> Starting run: seed=8 (9/16)
Skipping run, results found in /projects/bdrx/azhang14/SoberReasoningPlus/results/temp_0.4/deepseek-ai-DeepSeek-R1-Distill-Qwen-1.5B-bfloat16-34816/8-0.4-0.9-aime24-1-128-131072-32768

---> Starting run: seed=9 (10/16)
Skipping run, results found in /projects/bdrx/azhang14/SoberReasoningPlus/results/temp_0.4/deepseek-ai-DeepSeek-R1-Distill-Qwen-1.5B-bfloat16-34816/9-0.4-0.9-aime24-1-128-131072-32768

---> Starting run: seed=10 (11/16)
Skipping run, results found in /projects/bdrx/azhang14/SoberReasoningPlus/results/temp_0.4/deepseek-ai-DeepSeek-R1-Distill-Qwen-1.5B-bfloat16-34816/10-0.4-0.9-aime24-1-128-131072-32768

---> Starting run: seed=11 (12/16)
Skipping run, results found in /projects/bdrx/azhang14/SoberReasoningPlus/results/temp_0.4/deepseek-ai-DeepSeek-R1-Distill-Qwen-1.5B-bfloat16-34816/11-0.4-0.9-aime24-1-128-131072-32768

---> Starting run: seed=12 (13/16)
Skipping run, results found in /projects/bdrx/azhang14/SoberReasoningPlus/results/temp_0.4/deepseek-ai-DeepSeek-R1-Distill-Qwen-1.5B-bfloat16-34816/12-0.4-0.9-aime24-1-128-131072-32768

---> Starting run: seed=13 (14/16)
Skipping run, results found in /projects/bdrx/azhang14/SoberReasoningPlus/results/temp_0.4/deepseek-ai-DeepSeek-R1-Distill-Qwen-1.5B-bfloat16-34816/13-0.4-0.9-aime24-1-128-131072-32768

---> Starting run: seed=14 (15/16)
Skipping run, results found in /projects/bdrx/azhang14/SoberReasoningPlus/results/temp_0.4/deepseek-ai-DeepSeek-R1-Distill-Qwen-1.5B-bfloat16-34816/14-0.4-0.9-aime24-1-128-131072-32768

---> Starting run: seed=15 (16/16)
Skipping run, results found in /projects/bdrx/azhang14/SoberReasoningPlus/results/temp_0.4/deepseek-ai-DeepSeek-R1-Distill-Qwen-1.5B-bfloat16-34816/15-0.4-0.9-aime24-1-128-131072-32768
Running evaluation for task: custom|aime25|0|0, temperature: 0.4, top_p: 0.9, num_seeds: 16

---> Starting run: seed=0 (1/16)
Skipping run, results found in /projects/bdrx/azhang14/SoberReasoningPlus/results/temp_0.4/deepseek-ai-DeepSeek-R1-Distill-Qwen-1.5B-bfloat16-34816/0-0.4-0.9-aime25-1-128-131072-32768

---> Starting run: seed=1 (2/16)
Skipping run, results found in /projects/bdrx/azhang14/SoberReasoningPlus/results/temp_0.4/deepseek-ai-DeepSeek-R1-Distill-Qwen-1.5B-bfloat16-34816/1-0.4-0.9-aime25-1-128-131072-32768

---> Starting run: seed=2 (3/16)
Skipping run, results found in /projects/bdrx/azhang14/SoberReasoningPlus/results/temp_0.4/deepseek-ai-DeepSeek-R1-Distill-Qwen-1.5B-bfloat16-34816/2-0.4-0.9-aime25-1-128-131072-32768

---> Starting run: seed=3 (4/16)
Skipping run, results found in /projects/bdrx/azhang14/SoberReasoningPlus/results/temp_0.4/deepseek-ai-DeepSeek-R1-Distill-Qwen-1.5B-bfloat16-34816/3-0.4-0.9-aime25-1-128-131072-32768

---> Starting run: seed=4 (5/16)
Skipping run, results found in /projects/bdrx/azhang14/SoberReasoningPlus/results/temp_0.4/deepseek-ai-DeepSeek-R1-Distill-Qwen-1.5B-bfloat16-34816/4-0.4-0.9-aime25-1-128-131072-32768

---> Starting run: seed=5 (6/16)
Skipping run, results found in /projects/bdrx/azhang14/SoberReasoningPlus/results/temp_0.4/deepseek-ai-DeepSeek-R1-Distill-Qwen-1.5B-bfloat16-34816/5-0.4-0.9-aime25-1-128-131072-32768

---> Starting run: seed=6 (7/16)
Skipping run, results found in /projects/bdrx/azhang14/SoberReasoningPlus/results/temp_0.4/deepseek-ai-DeepSeek-R1-Distill-Qwen-1.5B-bfloat16-34816/6-0.4-0.9-aime25-1-128-131072-32768

---> Starting run: seed=7 (8/16)
Skipping run, results found in /projects/bdrx/azhang14/SoberReasoningPlus/results/temp_0.4/deepseek-ai-DeepSeek-R1-Distill-Qwen-1.5B-bfloat16-34816/7-0.4-0.9-aime25-1-128-131072-32768

---> Starting run: seed=8 (9/16)
Skipping run, results found in /projects/bdrx/azhang14/SoberReasoningPlus/results/temp_0.4/deepseek-ai-DeepSeek-R1-Distill-Qwen-1.5B-bfloat16-34816/8-0.4-0.9-aime25-1-128-131072-32768

---> Starting run: seed=9 (10/16)
Skipping run, results found in /projects/bdrx/azhang14/SoberReasoningPlus/results/temp_0.4/deepseek-ai-DeepSeek-R1-Distill-Qwen-1.5B-bfloat16-34816/9-0.4-0.9-aime25-1-128-131072-32768

---> Starting run: seed=10 (11/16)
Skipping run, results found in /projects/bdrx/azhang14/SoberReasoningPlus/results/temp_0.4/deepseek-ai-DeepSeek-R1-Distill-Qwen-1.5B-bfloat16-34816/10-0.4-0.9-aime25-1-128-131072-32768

---> Starting run: seed=11 (12/16)
Skipping run, results found in /projects/bdrx/azhang14/SoberReasoningPlus/results/temp_0.4/deepseek-ai-DeepSeek-R1-Distill-Qwen-1.5B-bfloat16-34816/11-0.4-0.9-aime25-1-128-131072-32768

---> Starting run: seed=12 (13/16)
Skipping run, results found in /projects/bdrx/azhang14/SoberReasoningPlus/results/temp_0.4/deepseek-ai-DeepSeek-R1-Distill-Qwen-1.5B-bfloat16-34816/12-0.4-0.9-aime25-1-128-131072-32768

---> Starting run: seed=13 (14/16)
Skipping run, results found in /projects/bdrx/azhang14/SoberReasoningPlus/results/temp_0.4/deepseek-ai-DeepSeek-R1-Distill-Qwen-1.5B-bfloat16-34816/13-0.4-0.9-aime25-1-128-131072-32768

---> Starting run: seed=14 (15/16)
Skipping run, results found in /projects/bdrx/azhang14/SoberReasoningPlus/results/temp_0.4/deepseek-ai-DeepSeek-R1-Distill-Qwen-1.5B-bfloat16-34816/14-0.4-0.9-aime25-1-128-131072-32768

---> Starting run: seed=15 (16/16)
Skipping run, results found in /projects/bdrx/azhang14/SoberReasoningPlus/results/temp_0.4/deepseek-ai-DeepSeek-R1-Distill-Qwen-1.5B-bfloat16-34816/15-0.4-0.9-aime25-1-128-131072-32768
Running evaluation for task: custom|amc23|0|0, temperature: 0.4, top_p: 0.9, num_seeds: 16

---> Starting run: seed=0 (1/16)
Skipping run, results found in /projects/bdrx/azhang14/SoberReasoningPlus/results/temp_0.4/deepseek-ai-DeepSeek-R1-Distill-Qwen-1.5B-bfloat16-34816/0-0.4-0.9-amc23-1-128-131072-32768

---> Starting run: seed=1 (2/16)
Skipping run, results found in /projects/bdrx/azhang14/SoberReasoningPlus/results/temp_0.4/deepseek-ai-DeepSeek-R1-Distill-Qwen-1.5B-bfloat16-34816/1-0.4-0.9-amc23-1-128-131072-32768

---> Starting run: seed=2 (3/16)
Skipping run, results found in /projects/bdrx/azhang14/SoberReasoningPlus/results/temp_0.4/deepseek-ai-DeepSeek-R1-Distill-Qwen-1.5B-bfloat16-34816/2-0.4-0.9-amc23-1-128-131072-32768

---> Starting run: seed=3 (4/16)
Skipping run, results found in /projects/bdrx/azhang14/SoberReasoningPlus/results/temp_0.4/deepseek-ai-DeepSeek-R1-Distill-Qwen-1.5B-bfloat16-34816/3-0.4-0.9-amc23-1-128-131072-32768

---> Starting run: seed=4 (5/16)
Skipping run, results found in /projects/bdrx/azhang14/SoberReasoningPlus/results/temp_0.4/deepseek-ai-DeepSeek-R1-Distill-Qwen-1.5B-bfloat16-34816/4-0.4-0.9-amc23-1-128-131072-32768

---> Starting run: seed=5 (6/16)
Skipping run, results found in /projects/bdrx/azhang14/SoberReasoningPlus/results/temp_0.4/deepseek-ai-DeepSeek-R1-Distill-Qwen-1.5B-bfloat16-34816/5-0.4-0.9-amc23-1-128-131072-32768

---> Starting run: seed=6 (7/16)
Skipping run, results found in /projects/bdrx/azhang14/SoberReasoningPlus/results/temp_0.4/deepseek-ai-DeepSeek-R1-Distill-Qwen-1.5B-bfloat16-34816/6-0.4-0.9-amc23-1-128-131072-32768

---> Starting run: seed=7 (8/16)
Skipping run, results found in /projects/bdrx/azhang14/SoberReasoningPlus/results/temp_0.4/deepseek-ai-DeepSeek-R1-Distill-Qwen-1.5B-bfloat16-34816/7-0.4-0.9-amc23-1-128-131072-32768

---> Starting run: seed=8 (9/16)
Skipping run, results found in /projects/bdrx/azhang14/SoberReasoningPlus/results/temp_0.4/deepseek-ai-DeepSeek-R1-Distill-Qwen-1.5B-bfloat16-34816/8-0.4-0.9-amc23-1-128-131072-32768

---> Starting run: seed=9 (10/16)
Skipping run, results found in /projects/bdrx/azhang14/SoberReasoningPlus/results/temp_0.4/deepseek-ai-DeepSeek-R1-Distill-Qwen-1.5B-bfloat16-34816/9-0.4-0.9-amc23-1-128-131072-32768

---> Starting run: seed=10 (11/16)
Skipping run, results found in /projects/bdrx/azhang14/SoberReasoningPlus/results/temp_0.4/deepseek-ai-DeepSeek-R1-Distill-Qwen-1.5B-bfloat16-34816/10-0.4-0.9-amc23-1-128-131072-32768

---> Starting run: seed=11 (12/16)
Skipping run, results found in /projects/bdrx/azhang14/SoberReasoningPlus/results/temp_0.4/deepseek-ai-DeepSeek-R1-Distill-Qwen-1.5B-bfloat16-34816/11-0.4-0.9-amc23-1-128-131072-32768

---> Starting run: seed=12 (13/16)
Skipping run, results found in /projects/bdrx/azhang14/SoberReasoningPlus/results/temp_0.4/deepseek-ai-DeepSeek-R1-Distill-Qwen-1.5B-bfloat16-34816/12-0.4-0.9-amc23-1-128-131072-32768

---> Starting run: seed=13 (14/16)
Skipping run, results found in /projects/bdrx/azhang14/SoberReasoningPlus/results/temp_0.4/deepseek-ai-DeepSeek-R1-Distill-Qwen-1.5B-bfloat16-34816/13-0.4-0.9-amc23-1-128-131072-32768

---> Starting run: seed=14 (15/16)
Skipping run, results found in /projects/bdrx/azhang14/SoberReasoningPlus/results/temp_0.4/deepseek-ai-DeepSeek-R1-Distill-Qwen-1.5B-bfloat16-34816/14-0.4-0.9-amc23-1-128-131072-32768

---> Starting run: seed=15 (16/16)
Skipping run, results found in /projects/bdrx/azhang14/SoberReasoningPlus/results/temp_0.4/deepseek-ai-DeepSeek-R1-Distill-Qwen-1.5B-bfloat16-34816/15-0.4-0.9-amc23-1-128-131072-32768
Running evaluation for task: custom|math_500|0|0, temperature: 0.4, top_p: 0.9, num_seeds: 3

---> Starting run: seed=0 (1/3)
Incomplete run found in /projects/bdrx/azhang14/SoberReasoningPlus/results/temp_0.4/deepseek-ai-DeepSeek-R1-Distill-Qwen-1.5B-bfloat16-34816/0-0.4-0.9-math_500-1-128-131072-32768. Deleting and re-running.
Results will be saved
EvaluationTracker initialized with output directory
PipelineParameters set
Pipeline initialized
Error running model with Temp=0.4, Top_P=0.9
======================================
Running: Model=deepseek-ai/DeepSeek-R1-Distill-Qwen-1.5B, Temp=0.4, Top_P=0.95
======================================
INFO 12-04 11:16:19 [__init__.py:244] Automatically detected platform cuda.
Loading model...
INFO 12-04 11:17:37 [__init__.py:244] Automatically detected platform cuda.
Model loaded successfully.
[0.4] [0.95]
<class 'list'> <class 'list'>
Running evaluation for task: custom|aime24|0|0, temperature: 0.4, top_p: 0.95, num_seeds: 16

---> Starting run: seed=0 (1/16)
Skipping run, results found in /projects/bdrx/azhang14/SoberReasoningPlus/results/temp_0.4/deepseek-ai-DeepSeek-R1-Distill-Qwen-1.5B-bfloat16-34816/0-0.4-0.95-aime24-1-128-131072-32768

---> Starting run: seed=1 (2/16)
Skipping run, results found in /projects/bdrx/azhang14/SoberReasoningPlus/results/temp_0.4/deepseek-ai-DeepSeek-R1-Distill-Qwen-1.5B-bfloat16-34816/1-0.4-0.95-aime24-1-128-131072-32768

---> Starting run: seed=2 (3/16)
Skipping run, results found in /projects/bdrx/azhang14/SoberReasoningPlus/results/temp_0.4/deepseek-ai-DeepSeek-R1-Distill-Qwen-1.5B-bfloat16-34816/2-0.4-0.95-aime24-1-128-131072-32768

---> Starting run: seed=3 (4/16)
Skipping run, results found in /projects/bdrx/azhang14/SoberReasoningPlus/results/temp_0.4/deepseek-ai-DeepSeek-R1-Distill-Qwen-1.5B-bfloat16-34816/3-0.4-0.95-aime24-1-128-131072-32768

---> Starting run: seed=4 (5/16)
Skipping run, results found in /projects/bdrx/azhang14/SoberReasoningPlus/results/temp_0.4/deepseek-ai-DeepSeek-R1-Distill-Qwen-1.5B-bfloat16-34816/4-0.4-0.95-aime24-1-128-131072-32768

---> Starting run: seed=5 (6/16)
Skipping run, results found in /projects/bdrx/azhang14/SoberReasoningPlus/results/temp_0.4/deepseek-ai-DeepSeek-R1-Distill-Qwen-1.5B-bfloat16-34816/5-0.4-0.95-aime24-1-128-131072-32768

---> Starting run: seed=6 (7/16)
Skipping run, results found in /projects/bdrx/azhang14/SoberReasoningPlus/results/temp_0.4/deepseek-ai-DeepSeek-R1-Distill-Qwen-1.5B-bfloat16-34816/6-0.4-0.95-aime24-1-128-131072-32768

---> Starting run: seed=7 (8/16)
Skipping run, results found in /projects/bdrx/azhang14/SoberReasoningPlus/results/temp_0.4/deepseek-ai-DeepSeek-R1-Distill-Qwen-1.5B-bfloat16-34816/7-0.4-0.95-aime24-1-128-131072-32768

---> Starting run: seed=8 (9/16)
Skipping run, results found in /projects/bdrx/azhang14/SoberReasoningPlus/results/temp_0.4/deepseek-ai-DeepSeek-R1-Distill-Qwen-1.5B-bfloat16-34816/8-0.4-0.95-aime24-1-128-131072-32768

---> Starting run: seed=9 (10/16)
Skipping run, results found in /projects/bdrx/azhang14/SoberReasoningPlus/results/temp_0.4/deepseek-ai-DeepSeek-R1-Distill-Qwen-1.5B-bfloat16-34816/9-0.4-0.95-aime24-1-128-131072-32768

---> Starting run: seed=10 (11/16)
Skipping run, results found in /projects/bdrx/azhang14/SoberReasoningPlus/results/temp_0.4/deepseek-ai-DeepSeek-R1-Distill-Qwen-1.5B-bfloat16-34816/10-0.4-0.95-aime24-1-128-131072-32768

---> Starting run: seed=11 (12/16)
Skipping run, results found in /projects/bdrx/azhang14/SoberReasoningPlus/results/temp_0.4/deepseek-ai-DeepSeek-R1-Distill-Qwen-1.5B-bfloat16-34816/11-0.4-0.95-aime24-1-128-131072-32768

---> Starting run: seed=12 (13/16)
Skipping run, results found in /projects/bdrx/azhang14/SoberReasoningPlus/results/temp_0.4/deepseek-ai-DeepSeek-R1-Distill-Qwen-1.5B-bfloat16-34816/12-0.4-0.95-aime24-1-128-131072-32768

---> Starting run: seed=13 (14/16)
Skipping run, results found in /projects/bdrx/azhang14/SoberReasoningPlus/results/temp_0.4/deepseek-ai-DeepSeek-R1-Distill-Qwen-1.5B-bfloat16-34816/13-0.4-0.95-aime24-1-128-131072-32768

---> Starting run: seed=14 (15/16)
Skipping run, results found in /projects/bdrx/azhang14/SoberReasoningPlus/results/temp_0.4/deepseek-ai-DeepSeek-R1-Distill-Qwen-1.5B-bfloat16-34816/14-0.4-0.95-aime24-1-128-131072-32768

---> Starting run: seed=15 (16/16)
Skipping run, results found in /projects/bdrx/azhang14/SoberReasoningPlus/results/temp_0.4/deepseek-ai-DeepSeek-R1-Distill-Qwen-1.5B-bfloat16-34816/15-0.4-0.95-aime24-1-128-131072-32768
Running evaluation for task: custom|aime25|0|0, temperature: 0.4, top_p: 0.95, num_seeds: 16

---> Starting run: seed=0 (1/16)
Skipping run, results found in /projects/bdrx/azhang14/SoberReasoningPlus/results/temp_0.4/deepseek-ai-DeepSeek-R1-Distill-Qwen-1.5B-bfloat16-34816/0-0.4-0.95-aime25-1-128-131072-32768

---> Starting run: seed=1 (2/16)
Skipping run, results found in /projects/bdrx/azhang14/SoberReasoningPlus/results/temp_0.4/deepseek-ai-DeepSeek-R1-Distill-Qwen-1.5B-bfloat16-34816/1-0.4-0.95-aime25-1-128-131072-32768

---> Starting run: seed=2 (3/16)
Skipping run, results found in /projects/bdrx/azhang14/SoberReasoningPlus/results/temp_0.4/deepseek-ai-DeepSeek-R1-Distill-Qwen-1.5B-bfloat16-34816/2-0.4-0.95-aime25-1-128-131072-32768

---> Starting run: seed=3 (4/16)
Skipping run, results found in /projects/bdrx/azhang14/SoberReasoningPlus/results/temp_0.4/deepseek-ai-DeepSeek-R1-Distill-Qwen-1.5B-bfloat16-34816/3-0.4-0.95-aime25-1-128-131072-32768

---> Starting run: seed=4 (5/16)
Skipping run, results found in /projects/bdrx/azhang14/SoberReasoningPlus/results/temp_0.4/deepseek-ai-DeepSeek-R1-Distill-Qwen-1.5B-bfloat16-34816/4-0.4-0.95-aime25-1-128-131072-32768

---> Starting run: seed=5 (6/16)
Skipping run, results found in /projects/bdrx/azhang14/SoberReasoningPlus/results/temp_0.4/deepseek-ai-DeepSeek-R1-Distill-Qwen-1.5B-bfloat16-34816/5-0.4-0.95-aime25-1-128-131072-32768

---> Starting run: seed=6 (7/16)
Skipping run, results found in /projects/bdrx/azhang14/SoberReasoningPlus/results/temp_0.4/deepseek-ai-DeepSeek-R1-Distill-Qwen-1.5B-bfloat16-34816/6-0.4-0.95-aime25-1-128-131072-32768

---> Starting run: seed=7 (8/16)
Skipping run, results found in /projects/bdrx/azhang14/SoberReasoningPlus/results/temp_0.4/deepseek-ai-DeepSeek-R1-Distill-Qwen-1.5B-bfloat16-34816/7-0.4-0.95-aime25-1-128-131072-32768

---> Starting run: seed=8 (9/16)
Skipping run, results found in /projects/bdrx/azhang14/SoberReasoningPlus/results/temp_0.4/deepseek-ai-DeepSeek-R1-Distill-Qwen-1.5B-bfloat16-34816/8-0.4-0.95-aime25-1-128-131072-32768

---> Starting run: seed=9 (10/16)
Skipping run, results found in /projects/bdrx/azhang14/SoberReasoningPlus/results/temp_0.4/deepseek-ai-DeepSeek-R1-Distill-Qwen-1.5B-bfloat16-34816/9-0.4-0.95-aime25-1-128-131072-32768

---> Starting run: seed=10 (11/16)
Skipping run, results found in /projects/bdrx/azhang14/SoberReasoningPlus/results/temp_0.4/deepseek-ai-DeepSeek-R1-Distill-Qwen-1.5B-bfloat16-34816/10-0.4-0.95-aime25-1-128-131072-32768

---> Starting run: seed=11 (12/16)
Skipping run, results found in /projects/bdrx/azhang14/SoberReasoningPlus/results/temp_0.4/deepseek-ai-DeepSeek-R1-Distill-Qwen-1.5B-bfloat16-34816/11-0.4-0.95-aime25-1-128-131072-32768

---> Starting run: seed=12 (13/16)
Skipping run, results found in /projects/bdrx/azhang14/SoberReasoningPlus/results/temp_0.4/deepseek-ai-DeepSeek-R1-Distill-Qwen-1.5B-bfloat16-34816/12-0.4-0.95-aime25-1-128-131072-32768

---> Starting run: seed=13 (14/16)
Skipping run, results found in /projects/bdrx/azhang14/SoberReasoningPlus/results/temp_0.4/deepseek-ai-DeepSeek-R1-Distill-Qwen-1.5B-bfloat16-34816/13-0.4-0.95-aime25-1-128-131072-32768

---> Starting run: seed=14 (15/16)
Skipping run, results found in /projects/bdrx/azhang14/SoberReasoningPlus/results/temp_0.4/deepseek-ai-DeepSeek-R1-Distill-Qwen-1.5B-bfloat16-34816/14-0.4-0.95-aime25-1-128-131072-32768

---> Starting run: seed=15 (16/16)
Skipping run, results found in /projects/bdrx/azhang14/SoberReasoningPlus/results/temp_0.4/deepseek-ai-DeepSeek-R1-Distill-Qwen-1.5B-bfloat16-34816/15-0.4-0.95-aime25-1-128-131072-32768
Running evaluation for task: custom|amc23|0|0, temperature: 0.4, top_p: 0.95, num_seeds: 16

---> Starting run: seed=0 (1/16)
Skipping run, results found in /projects/bdrx/azhang14/SoberReasoningPlus/results/temp_0.4/deepseek-ai-DeepSeek-R1-Distill-Qwen-1.5B-bfloat16-34816/0-0.4-0.95-amc23-1-128-131072-32768

---> Starting run: seed=1 (2/16)
Skipping run, results found in /projects/bdrx/azhang14/SoberReasoningPlus/results/temp_0.4/deepseek-ai-DeepSeek-R1-Distill-Qwen-1.5B-bfloat16-34816/1-0.4-0.95-amc23-1-128-131072-32768

---> Starting run: seed=2 (3/16)
Skipping run, results found in /projects/bdrx/azhang14/SoberReasoningPlus/results/temp_0.4/deepseek-ai-DeepSeek-R1-Distill-Qwen-1.5B-bfloat16-34816/2-0.4-0.95-amc23-1-128-131072-32768

---> Starting run: seed=3 (4/16)
Skipping run, results found in /projects/bdrx/azhang14/SoberReasoningPlus/results/temp_0.4/deepseek-ai-DeepSeek-R1-Distill-Qwen-1.5B-bfloat16-34816/3-0.4-0.95-amc23-1-128-131072-32768

---> Starting run: seed=4 (5/16)
Skipping run, results found in /projects/bdrx/azhang14/SoberReasoningPlus/results/temp_0.4/deepseek-ai-DeepSeek-R1-Distill-Qwen-1.5B-bfloat16-34816/4-0.4-0.95-amc23-1-128-131072-32768

---> Starting run: seed=5 (6/16)
Skipping run, results found in /projects/bdrx/azhang14/SoberReasoningPlus/results/temp_0.4/deepseek-ai-DeepSeek-R1-Distill-Qwen-1.5B-bfloat16-34816/5-0.4-0.95-amc23-1-128-131072-32768

---> Starting run: seed=6 (7/16)
Skipping run, results found in /projects/bdrx/azhang14/SoberReasoningPlus/results/temp_0.4/deepseek-ai-DeepSeek-R1-Distill-Qwen-1.5B-bfloat16-34816/6-0.4-0.95-amc23-1-128-131072-32768

---> Starting run: seed=7 (8/16)
Skipping run, results found in /projects/bdrx/azhang14/SoberReasoningPlus/results/temp_0.4/deepseek-ai-DeepSeek-R1-Distill-Qwen-1.5B-bfloat16-34816/7-0.4-0.95-amc23-1-128-131072-32768

---> Starting run: seed=8 (9/16)
Skipping run, results found in /projects/bdrx/azhang14/SoberReasoningPlus/results/temp_0.4/deepseek-ai-DeepSeek-R1-Distill-Qwen-1.5B-bfloat16-34816/8-0.4-0.95-amc23-1-128-131072-32768

---> Starting run: seed=9 (10/16)
Skipping run, results found in /projects/bdrx/azhang14/SoberReasoningPlus/results/temp_0.4/deepseek-ai-DeepSeek-R1-Distill-Qwen-1.5B-bfloat16-34816/9-0.4-0.95-amc23-1-128-131072-32768

---> Starting run: seed=10 (11/16)
Skipping run, results found in /projects/bdrx/azhang14/SoberReasoningPlus/results/temp_0.4/deepseek-ai-DeepSeek-R1-Distill-Qwen-1.5B-bfloat16-34816/10-0.4-0.95-amc23-1-128-131072-32768

---> Starting run: seed=11 (12/16)
Skipping run, results found in /projects/bdrx/azhang14/SoberReasoningPlus/results/temp_0.4/deepseek-ai-DeepSeek-R1-Distill-Qwen-1.5B-bfloat16-34816/11-0.4-0.95-amc23-1-128-131072-32768

---> Starting run: seed=12 (13/16)
Skipping run, results found in /projects/bdrx/azhang14/SoberReasoningPlus/results/temp_0.4/deepseek-ai-DeepSeek-R1-Distill-Qwen-1.5B-bfloat16-34816/12-0.4-0.95-amc23-1-128-131072-32768

---> Starting run: seed=13 (14/16)
Skipping run, results found in /projects/bdrx/azhang14/SoberReasoningPlus/results/temp_0.4/deepseek-ai-DeepSeek-R1-Distill-Qwen-1.5B-bfloat16-34816/13-0.4-0.95-amc23-1-128-131072-32768

---> Starting run: seed=14 (15/16)
Skipping run, results found in /projects/bdrx/azhang14/SoberReasoningPlus/results/temp_0.4/deepseek-ai-DeepSeek-R1-Distill-Qwen-1.5B-bfloat16-34816/14-0.4-0.95-amc23-1-128-131072-32768

---> Starting run: seed=15 (16/16)
Skipping run, results found in /projects/bdrx/azhang14/SoberReasoningPlus/results/temp_0.4/deepseek-ai-DeepSeek-R1-Distill-Qwen-1.5B-bfloat16-34816/15-0.4-0.95-amc23-1-128-131072-32768
Running evaluation for task: custom|math_500|0|0, temperature: 0.4, top_p: 0.95, num_seeds: 3

---> Starting run: seed=0 (1/3)
Skipping run, results found in /projects/bdrx/azhang14/SoberReasoningPlus/results/temp_0.4/deepseek-ai-DeepSeek-R1-Distill-Qwen-1.5B-bfloat16-34816/0-0.4-0.95-math_500-1-128-131072-32768

---> Starting run: seed=1 (2/3)
Incomplete run found in /projects/bdrx/azhang14/SoberReasoningPlus/results/temp_0.4/deepseek-ai-DeepSeek-R1-Distill-Qwen-1.5B-bfloat16-34816/1-0.4-0.95-math_500-1-128-131072-32768. Deleting and re-running.
Results will be saved
EvaluationTracker initialized with output directory
PipelineParameters set
Pipeline initialized
|      Task       |Version|     Metric     |Value|   |Stderr|
|-----------------|------:|----------------|----:|---|-----:|
|all              |       |extractive_match| 0.82|±  |0.0172|
|custom:math_500:0|      1|extractive_match| 0.82|±  |0.0172|

Finished run for all seeds

---> Starting run: seed=2 (3/3)
Results will be saved
EvaluationTracker initialized with output directory
PipelineParameters set
Pipeline initialized
Error running model with Temp=0.4, Top_P=0.95
======================================
Running: Model=deepseek-ai/DeepSeek-R1-Distill-Qwen-1.5B, Temp=0.4, Top_P=1.0
======================================
INFO 12-04 12:27:41 [__init__.py:244] Automatically detected platform cuda.
Loading model...
INFO 12-04 12:28:55 [__init__.py:244] Automatically detected platform cuda.
Model loaded successfully.
[0.4] [1.0]
<class 'list'> <class 'list'>
Running evaluation for task: custom|aime24|0|0, temperature: 0.4, top_p: 1.0, num_seeds: 16

---> Starting run: seed=0 (1/16)
Skipping run, results found in /projects/bdrx/azhang14/SoberReasoningPlus/results/temp_0.4/deepseek-ai-DeepSeek-R1-Distill-Qwen-1.5B-bfloat16-34816/0-0.4-1.0-aime24-1-128-131072-32768

---> Starting run: seed=1 (2/16)
Skipping run, results found in /projects/bdrx/azhang14/SoberReasoningPlus/results/temp_0.4/deepseek-ai-DeepSeek-R1-Distill-Qwen-1.5B-bfloat16-34816/1-0.4-1.0-aime24-1-128-131072-32768

---> Starting run: seed=2 (3/16)
Skipping run, results found in /projects/bdrx/azhang14/SoberReasoningPlus/results/temp_0.4/deepseek-ai-DeepSeek-R1-Distill-Qwen-1.5B-bfloat16-34816/2-0.4-1.0-aime24-1-128-131072-32768

---> Starting run: seed=3 (4/16)
Skipping run, results found in /projects/bdrx/azhang14/SoberReasoningPlus/results/temp_0.4/deepseek-ai-DeepSeek-R1-Distill-Qwen-1.5B-bfloat16-34816/3-0.4-1.0-aime24-1-128-131072-32768

---> Starting run: seed=4 (5/16)
Skipping run, results found in /projects/bdrx/azhang14/SoberReasoningPlus/results/temp_0.4/deepseek-ai-DeepSeek-R1-Distill-Qwen-1.5B-bfloat16-34816/4-0.4-1.0-aime24-1-128-131072-32768

---> Starting run: seed=5 (6/16)
Skipping run, results found in /projects/bdrx/azhang14/SoberReasoningPlus/results/temp_0.4/deepseek-ai-DeepSeek-R1-Distill-Qwen-1.5B-bfloat16-34816/5-0.4-1.0-aime24-1-128-131072-32768

---> Starting run: seed=6 (7/16)
Skipping run, results found in /projects/bdrx/azhang14/SoberReasoningPlus/results/temp_0.4/deepseek-ai-DeepSeek-R1-Distill-Qwen-1.5B-bfloat16-34816/6-0.4-1.0-aime24-1-128-131072-32768

---> Starting run: seed=7 (8/16)
Skipping run, results found in /projects/bdrx/azhang14/SoberReasoningPlus/results/temp_0.4/deepseek-ai-DeepSeek-R1-Distill-Qwen-1.5B-bfloat16-34816/7-0.4-1.0-aime24-1-128-131072-32768

---> Starting run: seed=8 (9/16)
Skipping run, results found in /projects/bdrx/azhang14/SoberReasoningPlus/results/temp_0.4/deepseek-ai-DeepSeek-R1-Distill-Qwen-1.5B-bfloat16-34816/8-0.4-1.0-aime24-1-128-131072-32768

---> Starting run: seed=9 (10/16)
Skipping run, results found in /projects/bdrx/azhang14/SoberReasoningPlus/results/temp_0.4/deepseek-ai-DeepSeek-R1-Distill-Qwen-1.5B-bfloat16-34816/9-0.4-1.0-aime24-1-128-131072-32768

---> Starting run: seed=10 (11/16)
Skipping run, results found in /projects/bdrx/azhang14/SoberReasoningPlus/results/temp_0.4/deepseek-ai-DeepSeek-R1-Distill-Qwen-1.5B-bfloat16-34816/10-0.4-1.0-aime24-1-128-131072-32768

---> Starting run: seed=11 (12/16)
Skipping run, results found in /projects/bdrx/azhang14/SoberReasoningPlus/results/temp_0.4/deepseek-ai-DeepSeek-R1-Distill-Qwen-1.5B-bfloat16-34816/11-0.4-1.0-aime24-1-128-131072-32768

---> Starting run: seed=12 (13/16)
Skipping run, results found in /projects/bdrx/azhang14/SoberReasoningPlus/results/temp_0.4/deepseek-ai-DeepSeek-R1-Distill-Qwen-1.5B-bfloat16-34816/12-0.4-1.0-aime24-1-128-131072-32768

---> Starting run: seed=13 (14/16)
Skipping run, results found in /projects/bdrx/azhang14/SoberReasoningPlus/results/temp_0.4/deepseek-ai-DeepSeek-R1-Distill-Qwen-1.5B-bfloat16-34816/13-0.4-1.0-aime24-1-128-131072-32768

---> Starting run: seed=14 (15/16)
Skipping run, results found in /projects/bdrx/azhang14/SoberReasoningPlus/results/temp_0.4/deepseek-ai-DeepSeek-R1-Distill-Qwen-1.5B-bfloat16-34816/14-0.4-1.0-aime24-1-128-131072-32768

---> Starting run: seed=15 (16/16)
Skipping run, results found in /projects/bdrx/azhang14/SoberReasoningPlus/results/temp_0.4/deepseek-ai-DeepSeek-R1-Distill-Qwen-1.5B-bfloat16-34816/15-0.4-1.0-aime24-1-128-131072-32768
Running evaluation for task: custom|aime25|0|0, temperature: 0.4, top_p: 1.0, num_seeds: 16

---> Starting run: seed=0 (1/16)
Skipping run, results found in /projects/bdrx/azhang14/SoberReasoningPlus/results/temp_0.4/deepseek-ai-DeepSeek-R1-Distill-Qwen-1.5B-bfloat16-34816/0-0.4-1.0-aime25-1-128-131072-32768

---> Starting run: seed=1 (2/16)
Skipping run, results found in /projects/bdrx/azhang14/SoberReasoningPlus/results/temp_0.4/deepseek-ai-DeepSeek-R1-Distill-Qwen-1.5B-bfloat16-34816/1-0.4-1.0-aime25-1-128-131072-32768

---> Starting run: seed=2 (3/16)
Skipping run, results found in /projects/bdrx/azhang14/SoberReasoningPlus/results/temp_0.4/deepseek-ai-DeepSeek-R1-Distill-Qwen-1.5B-bfloat16-34816/2-0.4-1.0-aime25-1-128-131072-32768

---> Starting run: seed=3 (4/16)
Skipping run, results found in /projects/bdrx/azhang14/SoberReasoningPlus/results/temp_0.4/deepseek-ai-DeepSeek-R1-Distill-Qwen-1.5B-bfloat16-34816/3-0.4-1.0-aime25-1-128-131072-32768

---> Starting run: seed=4 (5/16)
Skipping run, results found in /projects/bdrx/azhang14/SoberReasoningPlus/results/temp_0.4/deepseek-ai-DeepSeek-R1-Distill-Qwen-1.5B-bfloat16-34816/4-0.4-1.0-aime25-1-128-131072-32768

---> Starting run: seed=5 (6/16)
Skipping run, results found in /projects/bdrx/azhang14/SoberReasoningPlus/results/temp_0.4/deepseek-ai-DeepSeek-R1-Distill-Qwen-1.5B-bfloat16-34816/5-0.4-1.0-aime25-1-128-131072-32768

---> Starting run: seed=6 (7/16)
Skipping run, results found in /projects/bdrx/azhang14/SoberReasoningPlus/results/temp_0.4/deepseek-ai-DeepSeek-R1-Distill-Qwen-1.5B-bfloat16-34816/6-0.4-1.0-aime25-1-128-131072-32768

---> Starting run: seed=7 (8/16)
Skipping run, results found in /projects/bdrx/azhang14/SoberReasoningPlus/results/temp_0.4/deepseek-ai-DeepSeek-R1-Distill-Qwen-1.5B-bfloat16-34816/7-0.4-1.0-aime25-1-128-131072-32768

---> Starting run: seed=8 (9/16)
Skipping run, results found in /projects/bdrx/azhang14/SoberReasoningPlus/results/temp_0.4/deepseek-ai-DeepSeek-R1-Distill-Qwen-1.5B-bfloat16-34816/8-0.4-1.0-aime25-1-128-131072-32768

---> Starting run: seed=9 (10/16)
Skipping run, results found in /projects/bdrx/azhang14/SoberReasoningPlus/results/temp_0.4/deepseek-ai-DeepSeek-R1-Distill-Qwen-1.5B-bfloat16-34816/9-0.4-1.0-aime25-1-128-131072-32768

---> Starting run: seed=10 (11/16)
Skipping run, results found in /projects/bdrx/azhang14/SoberReasoningPlus/results/temp_0.4/deepseek-ai-DeepSeek-R1-Distill-Qwen-1.5B-bfloat16-34816/10-0.4-1.0-aime25-1-128-131072-32768

---> Starting run: seed=11 (12/16)
Skipping run, results found in /projects/bdrx/azhang14/SoberReasoningPlus/results/temp_0.4/deepseek-ai-DeepSeek-R1-Distill-Qwen-1.5B-bfloat16-34816/11-0.4-1.0-aime25-1-128-131072-32768

---> Starting run: seed=12 (13/16)
Skipping run, results found in /projects/bdrx/azhang14/SoberReasoningPlus/results/temp_0.4/deepseek-ai-DeepSeek-R1-Distill-Qwen-1.5B-bfloat16-34816/12-0.4-1.0-aime25-1-128-131072-32768

---> Starting run: seed=13 (14/16)
Skipping run, results found in /projects/bdrx/azhang14/SoberReasoningPlus/results/temp_0.4/deepseek-ai-DeepSeek-R1-Distill-Qwen-1.5B-bfloat16-34816/13-0.4-1.0-aime25-1-128-131072-32768

---> Starting run: seed=14 (15/16)
Skipping run, results found in /projects/bdrx/azhang14/SoberReasoningPlus/results/temp_0.4/deepseek-ai-DeepSeek-R1-Distill-Qwen-1.5B-bfloat16-34816/14-0.4-1.0-aime25-1-128-131072-32768

---> Starting run: seed=15 (16/16)
Skipping run, results found in /projects/bdrx/azhang14/SoberReasoningPlus/results/temp_0.4/deepseek-ai-DeepSeek-R1-Distill-Qwen-1.5B-bfloat16-34816/15-0.4-1.0-aime25-1-128-131072-32768
Running evaluation for task: custom|amc23|0|0, temperature: 0.4, top_p: 1.0, num_seeds: 16

---> Starting run: seed=0 (1/16)
Skipping run, results found in /projects/bdrx/azhang14/SoberReasoningPlus/results/temp_0.4/deepseek-ai-DeepSeek-R1-Distill-Qwen-1.5B-bfloat16-34816/0-0.4-1.0-amc23-1-128-131072-32768

---> Starting run: seed=1 (2/16)
Skipping run, results found in /projects/bdrx/azhang14/SoberReasoningPlus/results/temp_0.4/deepseek-ai-DeepSeek-R1-Distill-Qwen-1.5B-bfloat16-34816/1-0.4-1.0-amc23-1-128-131072-32768

---> Starting run: seed=2 (3/16)
Skipping run, results found in /projects/bdrx/azhang14/SoberReasoningPlus/results/temp_0.4/deepseek-ai-DeepSeek-R1-Distill-Qwen-1.5B-bfloat16-34816/2-0.4-1.0-amc23-1-128-131072-32768

---> Starting run: seed=3 (4/16)
Skipping run, results found in /projects/bdrx/azhang14/SoberReasoningPlus/results/temp_0.4/deepseek-ai-DeepSeek-R1-Distill-Qwen-1.5B-bfloat16-34816/3-0.4-1.0-amc23-1-128-131072-32768

---> Starting run: seed=4 (5/16)
Skipping run, results found in /projects/bdrx/azhang14/SoberReasoningPlus/results/temp_0.4/deepseek-ai-DeepSeek-R1-Distill-Qwen-1.5B-bfloat16-34816/4-0.4-1.0-amc23-1-128-131072-32768

---> Starting run: seed=5 (6/16)
Skipping run, results found in /projects/bdrx/azhang14/SoberReasoningPlus/results/temp_0.4/deepseek-ai-DeepSeek-R1-Distill-Qwen-1.5B-bfloat16-34816/5-0.4-1.0-amc23-1-128-131072-32768

---> Starting run: seed=6 (7/16)
Skipping run, results found in /projects/bdrx/azhang14/SoberReasoningPlus/results/temp_0.4/deepseek-ai-DeepSeek-R1-Distill-Qwen-1.5B-bfloat16-34816/6-0.4-1.0-amc23-1-128-131072-32768

---> Starting run: seed=7 (8/16)
Skipping run, results found in /projects/bdrx/azhang14/SoberReasoningPlus/results/temp_0.4/deepseek-ai-DeepSeek-R1-Distill-Qwen-1.5B-bfloat16-34816/7-0.4-1.0-amc23-1-128-131072-32768

---> Starting run: seed=8 (9/16)
Skipping run, results found in /projects/bdrx/azhang14/SoberReasoningPlus/results/temp_0.4/deepseek-ai-DeepSeek-R1-Distill-Qwen-1.5B-bfloat16-34816/8-0.4-1.0-amc23-1-128-131072-32768

---> Starting run: seed=9 (10/16)
Skipping run, results found in /projects/bdrx/azhang14/SoberReasoningPlus/results/temp_0.4/deepseek-ai-DeepSeek-R1-Distill-Qwen-1.5B-bfloat16-34816/9-0.4-1.0-amc23-1-128-131072-32768

---> Starting run: seed=10 (11/16)
Skipping run, results found in /projects/bdrx/azhang14/SoberReasoningPlus/results/temp_0.4/deepseek-ai-DeepSeek-R1-Distill-Qwen-1.5B-bfloat16-34816/10-0.4-1.0-amc23-1-128-131072-32768

---> Starting run: seed=11 (12/16)
Skipping run, results found in /projects/bdrx/azhang14/SoberReasoningPlus/results/temp_0.4/deepseek-ai-DeepSeek-R1-Distill-Qwen-1.5B-bfloat16-34816/11-0.4-1.0-amc23-1-128-131072-32768

---> Starting run: seed=12 (13/16)
Skipping run, results found in /projects/bdrx/azhang14/SoberReasoningPlus/results/temp_0.4/deepseek-ai-DeepSeek-R1-Distill-Qwen-1.5B-bfloat16-34816/12-0.4-1.0-amc23-1-128-131072-32768

---> Starting run: seed=13 (14/16)
Skipping run, results found in /projects/bdrx/azhang14/SoberReasoningPlus/results/temp_0.4/deepseek-ai-DeepSeek-R1-Distill-Qwen-1.5B-bfloat16-34816/13-0.4-1.0-amc23-1-128-131072-32768

---> Starting run: seed=14 (15/16)
Skipping run, results found in /projects/bdrx/azhang14/SoberReasoningPlus/results/temp_0.4/deepseek-ai-DeepSeek-R1-Distill-Qwen-1.5B-bfloat16-34816/14-0.4-1.0-amc23-1-128-131072-32768

---> Starting run: seed=15 (16/16)
Skipping run, results found in /projects/bdrx/azhang14/SoberReasoningPlus/results/temp_0.4/deepseek-ai-DeepSeek-R1-Distill-Qwen-1.5B-bfloat16-34816/15-0.4-1.0-amc23-1-128-131072-32768
Running evaluation for task: custom|math_500|0|0, temperature: 0.4, top_p: 1.0, num_seeds: 3

---> Starting run: seed=0 (1/3)
Skipping run, results found in /projects/bdrx/azhang14/SoberReasoningPlus/results/temp_0.4/deepseek-ai-DeepSeek-R1-Distill-Qwen-1.5B-bfloat16-34816/0-0.4-1.0-math_500-1-128-131072-32768

---> Starting run: seed=1 (2/3)
Skipping run, results found in /projects/bdrx/azhang14/SoberReasoningPlus/results/temp_0.4/deepseek-ai-DeepSeek-R1-Distill-Qwen-1.5B-bfloat16-34816/1-0.4-1.0-math_500-1-128-131072-32768

---> Starting run: seed=2 (3/3)
Skipping run, results found in /projects/bdrx/azhang14/SoberReasoningPlus/results/temp_0.4/deepseek-ai-DeepSeek-R1-Distill-Qwen-1.5B-bfloat16-34816/2-0.4-1.0-math_500-1-128-131072-32768
Running evaluation for task: custom|minerva|0|0, temperature: 0.4, top_p: 1.0, num_seeds: 3

---> Starting run: seed=0 (1/3)
Skipping run, results found in /projects/bdrx/azhang14/SoberReasoningPlus/results/temp_0.4/deepseek-ai-DeepSeek-R1-Distill-Qwen-1.5B-bfloat16-34816/0-0.4-1.0-minerva-1-128-131072-32768

---> Starting run: seed=1 (2/3)
Skipping run, results found in /projects/bdrx/azhang14/SoberReasoningPlus/results/temp_0.4/deepseek-ai-DeepSeek-R1-Distill-Qwen-1.5B-bfloat16-34816/1-0.4-1.0-minerva-1-128-131072-32768

---> Starting run: seed=2 (3/3)
Skipping run, results found in /projects/bdrx/azhang14/SoberReasoningPlus/results/temp_0.4/deepseek-ai-DeepSeek-R1-Distill-Qwen-1.5B-bfloat16-34816/2-0.4-1.0-minerva-1-128-131072-32768
Running evaluation for task: custom|olympiadbench|0|0, temperature: 0.4, top_p: 1.0, num_seeds: 3

---> Starting run: seed=0 (1/3)
Incomplete run found in /projects/bdrx/azhang14/SoberReasoningPlus/results/temp_0.4/deepseek-ai-DeepSeek-R1-Distill-Qwen-1.5B-bfloat16-34816/0-0.4-1.0-olympiadbench-1-128-131072-32768. Deleting and re-running.
Results will be saved
EvaluationTracker initialized with output directory
PipelineParameters set
Pipeline initialized
Error running model with Temp=0.4, Top_P=1.0
======================================
Running: Model=deepseek-ai/DeepSeek-R1-Distill-Qwen-1.5B, Temp=0.6, Top_P=0.7
======================================
INFO 12-04 13:07:29 [__init__.py:244] Automatically detected platform cuda.
Loading model...
Error running model with Temp=0.6, Top_P=0.7
======================================
Running: Model=deepseek-ai/DeepSeek-R1-Distill-Qwen-1.5B, Temp=0.6, Top_P=0.8
======================================
INFO 12-04 13:08:55 [__init__.py:244] Automatically detected platform cuda.
Loading model...
Error running model with Temp=0.6, Top_P=0.8
======================================
Running: Model=deepseek-ai/DeepSeek-R1-Distill-Qwen-1.5B, Temp=0.6, Top_P=0.9
======================================
INFO 12-04 13:10:10 [__init__.py:244] Automatically detected platform cuda.
Loading model...
Error running model with Temp=0.6, Top_P=0.9
======================================
Running: Model=deepseek-ai/DeepSeek-R1-Distill-Qwen-1.5B, Temp=0.6, Top_P=0.95
======================================
INFO 12-04 13:11:30 [__init__.py:244] Automatically detected platform cuda.
Loading model...
Error running model with Temp=0.6, Top_P=0.95
======================================
Running: Model=deepseek-ai/DeepSeek-R1-Distill-Qwen-1.5B, Temp=0.6, Top_P=1.0
======================================
INFO 12-04 13:12:47 [__init__.py:244] Automatically detected platform cuda.
Loading model...
Error running model with Temp=0.6, Top_P=1.0
======================================
Running: Model=deepseek-ai/DeepSeek-R1-Distill-Qwen-1.5B, Temp=0.8, Top_P=0.7
======================================
INFO 12-04 13:14:06 [__init__.py:244] Automatically detected platform cuda.
Loading model...
Error running model with Temp=0.8, Top_P=0.7
======================================
Running: Model=deepseek-ai/DeepSeek-R1-Distill-Qwen-1.5B, Temp=0.8, Top_P=0.8
======================================
INFO 12-04 13:15:22 [__init__.py:244] Automatically detected platform cuda.
Loading model...
Error running model with Temp=0.8, Top_P=0.8
======================================
Running: Model=deepseek-ai/DeepSeek-R1-Distill-Qwen-1.5B, Temp=0.8, Top_P=0.9
======================================
INFO 12-04 13:16:40 [__init__.py:244] Automatically detected platform cuda.
Loading model...
Error running model with Temp=0.8, Top_P=0.9
======================================
Running: Model=deepseek-ai/DeepSeek-R1-Distill-Qwen-1.5B, Temp=0.8, Top_P=0.95
======================================
INFO 12-04 13:17:55 [__init__.py:244] Automatically detected platform cuda.
Loading model...
Error running model with Temp=0.8, Top_P=0.95
======================================
Running: Model=deepseek-ai/DeepSeek-R1-Distill-Qwen-1.5B, Temp=0.8, Top_P=1.0
======================================
INFO 12-04 13:19:12 [__init__.py:244] Automatically detected platform cuda.
Loading model...
Error running model with Temp=0.8, Top_P=1.0
======================================
Running: Model=deepseek-ai/DeepSeek-R1-Distill-Qwen-1.5B, Temp=1.0, Top_P=0.7
======================================
INFO 12-04 13:20:28 [__init__.py:244] Automatically detected platform cuda.
Loading model...
Error running model with Temp=1.0, Top_P=0.7
======================================
Running: Model=deepseek-ai/DeepSeek-R1-Distill-Qwen-1.5B, Temp=1.0, Top_P=0.8
======================================
INFO 12-04 13:21:43 [__init__.py:244] Automatically detected platform cuda.
Loading model...
INFO 12-04 13:22:56 [__init__.py:244] Automatically detected platform cuda.
Error running model with Temp=1.0, Top_P=0.8
======================================
Running: Model=deepseek-ai/DeepSeek-R1-Distill-Qwen-1.5B, Temp=1.0, Top_P=0.9
======================================
INFO 12-04 13:23:56 [__init__.py:244] Automatically detected platform cuda.
Loading model...
Error running model with Temp=1.0, Top_P=0.9
======================================
Running: Model=deepseek-ai/DeepSeek-R1-Distill-Qwen-1.5B, Temp=1.0, Top_P=0.95
======================================
INFO 12-04 13:25:09 [__init__.py:244] Automatically detected platform cuda.
Loading model...
Error running model with Temp=1.0, Top_P=0.95
======================================
Running: Model=deepseek-ai/DeepSeek-R1-Distill-Qwen-1.5B, Temp=1.0, Top_P=1.0
======================================
INFO 12-04 13:26:23 [__init__.py:244] Automatically detected platform cuda.
Loading model...
INFO 12-04 13:27:35 [__init__.py:244] Automatically detected platform cuda.
Error running model with Temp=1.0, Top_P=1.0
