HF_HOME is set to /projects/bdrx/azhang14/huggingface_cache
======================================
Running: Model=Qwen/Qwen3-1.7B, Temp=0.6, Top_P=0.7
======================================
INFO 12-07 02:53:13 [__init__.py:244] Automatically detected platform cuda.
Loading model...
INFO 12-07 02:54:22 [__init__.py:244] Automatically detected platform cuda.
Model loaded successfully.
[0.6] [0.7]
<class 'list'> <class 'list'>
Running evaluation for task: custom|aime24|0|0, temperature: 0.6, top_p: 0.7, num_seeds: 16

---> Starting run: seed=0 (1/16)
Skipping run, results found in /projects/bdrx/azhang14/SoberReasoningPlus/results/temp_0.6/Qwen-Qwen3-1.7B-bfloat16-34816/0-0.6-0.7-aime24-1-128-131072-32768

---> Starting run: seed=1 (2/16)
Skipping run, results found in /projects/bdrx/azhang14/SoberReasoningPlus/results/temp_0.6/Qwen-Qwen3-1.7B-bfloat16-34816/1-0.6-0.7-aime24-1-128-131072-32768

---> Starting run: seed=2 (3/16)
Skipping run, results found in /projects/bdrx/azhang14/SoberReasoningPlus/results/temp_0.6/Qwen-Qwen3-1.7B-bfloat16-34816/2-0.6-0.7-aime24-1-128-131072-32768

---> Starting run: seed=3 (4/16)
Skipping run, results found in /projects/bdrx/azhang14/SoberReasoningPlus/results/temp_0.6/Qwen-Qwen3-1.7B-bfloat16-34816/3-0.6-0.7-aime24-1-128-131072-32768

---> Starting run: seed=4 (5/16)
Skipping run, results found in /projects/bdrx/azhang14/SoberReasoningPlus/results/temp_0.6/Qwen-Qwen3-1.7B-bfloat16-34816/4-0.6-0.7-aime24-1-128-131072-32768

---> Starting run: seed=5 (6/16)
Skipping run, results found in /projects/bdrx/azhang14/SoberReasoningPlus/results/temp_0.6/Qwen-Qwen3-1.7B-bfloat16-34816/5-0.6-0.7-aime24-1-128-131072-32768

---> Starting run: seed=6 (7/16)
Skipping run, results found in /projects/bdrx/azhang14/SoberReasoningPlus/results/temp_0.6/Qwen-Qwen3-1.7B-bfloat16-34816/6-0.6-0.7-aime24-1-128-131072-32768

---> Starting run: seed=7 (8/16)
Skipping run, results found in /projects/bdrx/azhang14/SoberReasoningPlus/results/temp_0.6/Qwen-Qwen3-1.7B-bfloat16-34816/7-0.6-0.7-aime24-1-128-131072-32768

---> Starting run: seed=8 (9/16)
Skipping run, results found in /projects/bdrx/azhang14/SoberReasoningPlus/results/temp_0.6/Qwen-Qwen3-1.7B-bfloat16-34816/8-0.6-0.7-aime24-1-128-131072-32768

---> Starting run: seed=9 (10/16)
Skipping run, results found in /projects/bdrx/azhang14/SoberReasoningPlus/results/temp_0.6/Qwen-Qwen3-1.7B-bfloat16-34816/9-0.6-0.7-aime24-1-128-131072-32768

---> Starting run: seed=10 (11/16)
Skipping run, results found in /projects/bdrx/azhang14/SoberReasoningPlus/results/temp_0.6/Qwen-Qwen3-1.7B-bfloat16-34816/10-0.6-0.7-aime24-1-128-131072-32768

---> Starting run: seed=11 (12/16)
Skipping run, results found in /projects/bdrx/azhang14/SoberReasoningPlus/results/temp_0.6/Qwen-Qwen3-1.7B-bfloat16-34816/11-0.6-0.7-aime24-1-128-131072-32768

---> Starting run: seed=12 (13/16)
Skipping run, results found in /projects/bdrx/azhang14/SoberReasoningPlus/results/temp_0.6/Qwen-Qwen3-1.7B-bfloat16-34816/12-0.6-0.7-aime24-1-128-131072-32768

---> Starting run: seed=13 (14/16)
Skipping run, results found in /projects/bdrx/azhang14/SoberReasoningPlus/results/temp_0.6/Qwen-Qwen3-1.7B-bfloat16-34816/13-0.6-0.7-aime24-1-128-131072-32768

---> Starting run: seed=14 (15/16)
Skipping run, results found in /projects/bdrx/azhang14/SoberReasoningPlus/results/temp_0.6/Qwen-Qwen3-1.7B-bfloat16-34816/14-0.6-0.7-aime24-1-128-131072-32768

---> Starting run: seed=15 (16/16)
Skipping run, results found in /projects/bdrx/azhang14/SoberReasoningPlus/results/temp_0.6/Qwen-Qwen3-1.7B-bfloat16-34816/15-0.6-0.7-aime24-1-128-131072-32768
Running evaluation for task: custom|aime25|0|0, temperature: 0.6, top_p: 0.7, num_seeds: 16

---> Starting run: seed=0 (1/16)
Skipping run, results found in /projects/bdrx/azhang14/SoberReasoningPlus/results/temp_0.6/Qwen-Qwen3-1.7B-bfloat16-34816/0-0.6-0.7-aime25-1-128-131072-32768

---> Starting run: seed=1 (2/16)
Skipping run, results found in /projects/bdrx/azhang14/SoberReasoningPlus/results/temp_0.6/Qwen-Qwen3-1.7B-bfloat16-34816/1-0.6-0.7-aime25-1-128-131072-32768

---> Starting run: seed=2 (3/16)
Skipping run, results found in /projects/bdrx/azhang14/SoberReasoningPlus/results/temp_0.6/Qwen-Qwen3-1.7B-bfloat16-34816/2-0.6-0.7-aime25-1-128-131072-32768

---> Starting run: seed=3 (4/16)
Skipping run, results found in /projects/bdrx/azhang14/SoberReasoningPlus/results/temp_0.6/Qwen-Qwen3-1.7B-bfloat16-34816/3-0.6-0.7-aime25-1-128-131072-32768

---> Starting run: seed=4 (5/16)
Skipping run, results found in /projects/bdrx/azhang14/SoberReasoningPlus/results/temp_0.6/Qwen-Qwen3-1.7B-bfloat16-34816/4-0.6-0.7-aime25-1-128-131072-32768

---> Starting run: seed=5 (6/16)
Skipping run, results found in /projects/bdrx/azhang14/SoberReasoningPlus/results/temp_0.6/Qwen-Qwen3-1.7B-bfloat16-34816/5-0.6-0.7-aime25-1-128-131072-32768

---> Starting run: seed=6 (7/16)
Skipping run, results found in /projects/bdrx/azhang14/SoberReasoningPlus/results/temp_0.6/Qwen-Qwen3-1.7B-bfloat16-34816/6-0.6-0.7-aime25-1-128-131072-32768

---> Starting run: seed=7 (8/16)
Skipping run, results found in /projects/bdrx/azhang14/SoberReasoningPlus/results/temp_0.6/Qwen-Qwen3-1.7B-bfloat16-34816/7-0.6-0.7-aime25-1-128-131072-32768

---> Starting run: seed=8 (9/16)
Skipping run, results found in /projects/bdrx/azhang14/SoberReasoningPlus/results/temp_0.6/Qwen-Qwen3-1.7B-bfloat16-34816/8-0.6-0.7-aime25-1-128-131072-32768

---> Starting run: seed=9 (10/16)
Skipping run, results found in /projects/bdrx/azhang14/SoberReasoningPlus/results/temp_0.6/Qwen-Qwen3-1.7B-bfloat16-34816/9-0.6-0.7-aime25-1-128-131072-32768

---> Starting run: seed=10 (11/16)
Skipping run, results found in /projects/bdrx/azhang14/SoberReasoningPlus/results/temp_0.6/Qwen-Qwen3-1.7B-bfloat16-34816/10-0.6-0.7-aime25-1-128-131072-32768

---> Starting run: seed=11 (12/16)
Skipping run, results found in /projects/bdrx/azhang14/SoberReasoningPlus/results/temp_0.6/Qwen-Qwen3-1.7B-bfloat16-34816/11-0.6-0.7-aime25-1-128-131072-32768

---> Starting run: seed=12 (13/16)
Skipping run, results found in /projects/bdrx/azhang14/SoberReasoningPlus/results/temp_0.6/Qwen-Qwen3-1.7B-bfloat16-34816/12-0.6-0.7-aime25-1-128-131072-32768

---> Starting run: seed=13 (14/16)
Skipping run, results found in /projects/bdrx/azhang14/SoberReasoningPlus/results/temp_0.6/Qwen-Qwen3-1.7B-bfloat16-34816/13-0.6-0.7-aime25-1-128-131072-32768

---> Starting run: seed=14 (15/16)
Skipping run, results found in /projects/bdrx/azhang14/SoberReasoningPlus/results/temp_0.6/Qwen-Qwen3-1.7B-bfloat16-34816/14-0.6-0.7-aime25-1-128-131072-32768

---> Starting run: seed=15 (16/16)
Skipping run, results found in /projects/bdrx/azhang14/SoberReasoningPlus/results/temp_0.6/Qwen-Qwen3-1.7B-bfloat16-34816/15-0.6-0.7-aime25-1-128-131072-32768
Running evaluation for task: custom|amc23|0|0, temperature: 0.6, top_p: 0.7, num_seeds: 16

---> Starting run: seed=0 (1/16)
Skipping run, results found in /projects/bdrx/azhang14/SoberReasoningPlus/results/temp_0.6/Qwen-Qwen3-1.7B-bfloat16-34816/0-0.6-0.7-amc23-1-128-131072-32768

---> Starting run: seed=1 (2/16)
Skipping run, results found in /projects/bdrx/azhang14/SoberReasoningPlus/results/temp_0.6/Qwen-Qwen3-1.7B-bfloat16-34816/1-0.6-0.7-amc23-1-128-131072-32768

---> Starting run: seed=2 (3/16)
Skipping run, results found in /projects/bdrx/azhang14/SoberReasoningPlus/results/temp_0.6/Qwen-Qwen3-1.7B-bfloat16-34816/2-0.6-0.7-amc23-1-128-131072-32768

---> Starting run: seed=3 (4/16)
Skipping run, results found in /projects/bdrx/azhang14/SoberReasoningPlus/results/temp_0.6/Qwen-Qwen3-1.7B-bfloat16-34816/3-0.6-0.7-amc23-1-128-131072-32768

---> Starting run: seed=4 (5/16)
Skipping run, results found in /projects/bdrx/azhang14/SoberReasoningPlus/results/temp_0.6/Qwen-Qwen3-1.7B-bfloat16-34816/4-0.6-0.7-amc23-1-128-131072-32768

---> Starting run: seed=5 (6/16)
Skipping run, results found in /projects/bdrx/azhang14/SoberReasoningPlus/results/temp_0.6/Qwen-Qwen3-1.7B-bfloat16-34816/5-0.6-0.7-amc23-1-128-131072-32768

---> Starting run: seed=6 (7/16)
Skipping run, results found in /projects/bdrx/azhang14/SoberReasoningPlus/results/temp_0.6/Qwen-Qwen3-1.7B-bfloat16-34816/6-0.6-0.7-amc23-1-128-131072-32768

---> Starting run: seed=7 (8/16)
Skipping run, results found in /projects/bdrx/azhang14/SoberReasoningPlus/results/temp_0.6/Qwen-Qwen3-1.7B-bfloat16-34816/7-0.6-0.7-amc23-1-128-131072-32768

---> Starting run: seed=8 (9/16)
Skipping run, results found in /projects/bdrx/azhang14/SoberReasoningPlus/results/temp_0.6/Qwen-Qwen3-1.7B-bfloat16-34816/8-0.6-0.7-amc23-1-128-131072-32768

---> Starting run: seed=9 (10/16)
Skipping run, results found in /projects/bdrx/azhang14/SoberReasoningPlus/results/temp_0.6/Qwen-Qwen3-1.7B-bfloat16-34816/9-0.6-0.7-amc23-1-128-131072-32768

---> Starting run: seed=10 (11/16)
Skipping run, results found in /projects/bdrx/azhang14/SoberReasoningPlus/results/temp_0.6/Qwen-Qwen3-1.7B-bfloat16-34816/10-0.6-0.7-amc23-1-128-131072-32768

---> Starting run: seed=11 (12/16)
Skipping run, results found in /projects/bdrx/azhang14/SoberReasoningPlus/results/temp_0.6/Qwen-Qwen3-1.7B-bfloat16-34816/11-0.6-0.7-amc23-1-128-131072-32768

---> Starting run: seed=12 (13/16)
Skipping run, results found in /projects/bdrx/azhang14/SoberReasoningPlus/results/temp_0.6/Qwen-Qwen3-1.7B-bfloat16-34816/12-0.6-0.7-amc23-1-128-131072-32768

---> Starting run: seed=13 (14/16)
Skipping run, results found in /projects/bdrx/azhang14/SoberReasoningPlus/results/temp_0.6/Qwen-Qwen3-1.7B-bfloat16-34816/13-0.6-0.7-amc23-1-128-131072-32768

---> Starting run: seed=14 (15/16)
Skipping run, results found in /projects/bdrx/azhang14/SoberReasoningPlus/results/temp_0.6/Qwen-Qwen3-1.7B-bfloat16-34816/14-0.6-0.7-amc23-1-128-131072-32768

---> Starting run: seed=15 (16/16)
Skipping run, results found in /projects/bdrx/azhang14/SoberReasoningPlus/results/temp_0.6/Qwen-Qwen3-1.7B-bfloat16-34816/15-0.6-0.7-amc23-1-128-131072-32768
Running evaluation for task: custom|math_500|0|0, temperature: 0.6, top_p: 0.7, num_seeds: 3

---> Starting run: seed=0 (1/3)
Skipping run, results found in /projects/bdrx/azhang14/SoberReasoningPlus/results/temp_0.6/Qwen-Qwen3-1.7B-bfloat16-34816/0-0.6-0.7-math_500-1-128-131072-32768

---> Starting run: seed=1 (2/3)
Skipping run, results found in /projects/bdrx/azhang14/SoberReasoningPlus/results/temp_0.6/Qwen-Qwen3-1.7B-bfloat16-34816/1-0.6-0.7-math_500-1-128-131072-32768

---> Starting run: seed=2 (3/3)
Skipping run, results found in /projects/bdrx/azhang14/SoberReasoningPlus/results/temp_0.6/Qwen-Qwen3-1.7B-bfloat16-34816/2-0.6-0.7-math_500-1-128-131072-32768
Running evaluation for task: custom|minerva|0|0, temperature: 0.6, top_p: 0.7, num_seeds: 3

---> Starting run: seed=0 (1/3)
Skipping run, results found in /projects/bdrx/azhang14/SoberReasoningPlus/results/temp_0.6/Qwen-Qwen3-1.7B-bfloat16-34816/0-0.6-0.7-minerva-1-128-131072-32768

---> Starting run: seed=1 (2/3)
Skipping run, results found in /projects/bdrx/azhang14/SoberReasoningPlus/results/temp_0.6/Qwen-Qwen3-1.7B-bfloat16-34816/1-0.6-0.7-minerva-1-128-131072-32768

---> Starting run: seed=2 (3/3)
Skipping run, results found in /projects/bdrx/azhang14/SoberReasoningPlus/results/temp_0.6/Qwen-Qwen3-1.7B-bfloat16-34816/2-0.6-0.7-minerva-1-128-131072-32768
Running evaluation for task: custom|olympiadbench|0|0, temperature: 0.6, top_p: 0.7, num_seeds: 3

---> Starting run: seed=0 (1/3)
Skipping run, results found in /projects/bdrx/azhang14/SoberReasoningPlus/results/temp_0.6/Qwen-Qwen3-1.7B-bfloat16-34816/0-0.6-0.7-olympiadbench-1-128-131072-32768

---> Starting run: seed=1 (2/3)
Skipping run, results found in /projects/bdrx/azhang14/SoberReasoningPlus/results/temp_0.6/Qwen-Qwen3-1.7B-bfloat16-34816/1-0.6-0.7-olympiadbench-1-128-131072-32768

---> Starting run: seed=2 (3/3)
Skipping run, results found in /projects/bdrx/azhang14/SoberReasoningPlus/results/temp_0.6/Qwen-Qwen3-1.7B-bfloat16-34816/2-0.6-0.7-olympiadbench-1-128-131072-32768
Total execution time: 0:02:35.084768
======================================
Running: Model=Qwen/Qwen3-1.7B, Temp=0.6, Top_P=0.8
======================================
INFO 12-07 02:56:25 [__init__.py:244] Automatically detected platform cuda.
Loading model...
INFO 12-07 02:57:21 [__init__.py:244] Automatically detected platform cuda.
Model loaded successfully.
[0.6] [0.8]
<class 'list'> <class 'list'>
Running evaluation for task: custom|aime24|0|0, temperature: 0.6, top_p: 0.8, num_seeds: 16

---> Starting run: seed=0 (1/16)
Skipping run, results found in /projects/bdrx/azhang14/SoberReasoningPlus/results/temp_0.6/Qwen-Qwen3-1.7B-bfloat16-34816/0-0.6-0.8-aime24-1-128-131072-32768

---> Starting run: seed=1 (2/16)
Skipping run, results found in /projects/bdrx/azhang14/SoberReasoningPlus/results/temp_0.6/Qwen-Qwen3-1.7B-bfloat16-34816/1-0.6-0.8-aime24-1-128-131072-32768

---> Starting run: seed=2 (3/16)
Skipping run, results found in /projects/bdrx/azhang14/SoberReasoningPlus/results/temp_0.6/Qwen-Qwen3-1.7B-bfloat16-34816/2-0.6-0.8-aime24-1-128-131072-32768

---> Starting run: seed=3 (4/16)
Skipping run, results found in /projects/bdrx/azhang14/SoberReasoningPlus/results/temp_0.6/Qwen-Qwen3-1.7B-bfloat16-34816/3-0.6-0.8-aime24-1-128-131072-32768

---> Starting run: seed=4 (5/16)
Skipping run, results found in /projects/bdrx/azhang14/SoberReasoningPlus/results/temp_0.6/Qwen-Qwen3-1.7B-bfloat16-34816/4-0.6-0.8-aime24-1-128-131072-32768

---> Starting run: seed=5 (6/16)
Skipping run, results found in /projects/bdrx/azhang14/SoberReasoningPlus/results/temp_0.6/Qwen-Qwen3-1.7B-bfloat16-34816/5-0.6-0.8-aime24-1-128-131072-32768

---> Starting run: seed=6 (7/16)
Skipping run, results found in /projects/bdrx/azhang14/SoberReasoningPlus/results/temp_0.6/Qwen-Qwen3-1.7B-bfloat16-34816/6-0.6-0.8-aime24-1-128-131072-32768

---> Starting run: seed=7 (8/16)
Skipping run, results found in /projects/bdrx/azhang14/SoberReasoningPlus/results/temp_0.6/Qwen-Qwen3-1.7B-bfloat16-34816/7-0.6-0.8-aime24-1-128-131072-32768

---> Starting run: seed=8 (9/16)
Skipping run, results found in /projects/bdrx/azhang14/SoberReasoningPlus/results/temp_0.6/Qwen-Qwen3-1.7B-bfloat16-34816/8-0.6-0.8-aime24-1-128-131072-32768

---> Starting run: seed=9 (10/16)
Skipping run, results found in /projects/bdrx/azhang14/SoberReasoningPlus/results/temp_0.6/Qwen-Qwen3-1.7B-bfloat16-34816/9-0.6-0.8-aime24-1-128-131072-32768

---> Starting run: seed=10 (11/16)
Skipping run, results found in /projects/bdrx/azhang14/SoberReasoningPlus/results/temp_0.6/Qwen-Qwen3-1.7B-bfloat16-34816/10-0.6-0.8-aime24-1-128-131072-32768

---> Starting run: seed=11 (12/16)
Skipping run, results found in /projects/bdrx/azhang14/SoberReasoningPlus/results/temp_0.6/Qwen-Qwen3-1.7B-bfloat16-34816/11-0.6-0.8-aime24-1-128-131072-32768

---> Starting run: seed=12 (13/16)
Skipping run, results found in /projects/bdrx/azhang14/SoberReasoningPlus/results/temp_0.6/Qwen-Qwen3-1.7B-bfloat16-34816/12-0.6-0.8-aime24-1-128-131072-32768

---> Starting run: seed=13 (14/16)
Skipping run, results found in /projects/bdrx/azhang14/SoberReasoningPlus/results/temp_0.6/Qwen-Qwen3-1.7B-bfloat16-34816/13-0.6-0.8-aime24-1-128-131072-32768

---> Starting run: seed=14 (15/16)
Skipping run, results found in /projects/bdrx/azhang14/SoberReasoningPlus/results/temp_0.6/Qwen-Qwen3-1.7B-bfloat16-34816/14-0.6-0.8-aime24-1-128-131072-32768

---> Starting run: seed=15 (16/16)
Skipping run, results found in /projects/bdrx/azhang14/SoberReasoningPlus/results/temp_0.6/Qwen-Qwen3-1.7B-bfloat16-34816/15-0.6-0.8-aime24-1-128-131072-32768
Running evaluation for task: custom|aime25|0|0, temperature: 0.6, top_p: 0.8, num_seeds: 16

---> Starting run: seed=0 (1/16)
Skipping run, results found in /projects/bdrx/azhang14/SoberReasoningPlus/results/temp_0.6/Qwen-Qwen3-1.7B-bfloat16-34816/0-0.6-0.8-aime25-1-128-131072-32768

---> Starting run: seed=1 (2/16)
Skipping run, results found in /projects/bdrx/azhang14/SoberReasoningPlus/results/temp_0.6/Qwen-Qwen3-1.7B-bfloat16-34816/1-0.6-0.8-aime25-1-128-131072-32768

---> Starting run: seed=2 (3/16)
Skipping run, results found in /projects/bdrx/azhang14/SoberReasoningPlus/results/temp_0.6/Qwen-Qwen3-1.7B-bfloat16-34816/2-0.6-0.8-aime25-1-128-131072-32768

---> Starting run: seed=3 (4/16)
Skipping run, results found in /projects/bdrx/azhang14/SoberReasoningPlus/results/temp_0.6/Qwen-Qwen3-1.7B-bfloat16-34816/3-0.6-0.8-aime25-1-128-131072-32768

---> Starting run: seed=4 (5/16)
Skipping run, results found in /projects/bdrx/azhang14/SoberReasoningPlus/results/temp_0.6/Qwen-Qwen3-1.7B-bfloat16-34816/4-0.6-0.8-aime25-1-128-131072-32768

---> Starting run: seed=5 (6/16)
Skipping run, results found in /projects/bdrx/azhang14/SoberReasoningPlus/results/temp_0.6/Qwen-Qwen3-1.7B-bfloat16-34816/5-0.6-0.8-aime25-1-128-131072-32768

---> Starting run: seed=6 (7/16)
Skipping run, results found in /projects/bdrx/azhang14/SoberReasoningPlus/results/temp_0.6/Qwen-Qwen3-1.7B-bfloat16-34816/6-0.6-0.8-aime25-1-128-131072-32768

---> Starting run: seed=7 (8/16)
Skipping run, results found in /projects/bdrx/azhang14/SoberReasoningPlus/results/temp_0.6/Qwen-Qwen3-1.7B-bfloat16-34816/7-0.6-0.8-aime25-1-128-131072-32768

---> Starting run: seed=8 (9/16)
Skipping run, results found in /projects/bdrx/azhang14/SoberReasoningPlus/results/temp_0.6/Qwen-Qwen3-1.7B-bfloat16-34816/8-0.6-0.8-aime25-1-128-131072-32768

---> Starting run: seed=9 (10/16)
Skipping run, results found in /projects/bdrx/azhang14/SoberReasoningPlus/results/temp_0.6/Qwen-Qwen3-1.7B-bfloat16-34816/9-0.6-0.8-aime25-1-128-131072-32768

---> Starting run: seed=10 (11/16)
Skipping run, results found in /projects/bdrx/azhang14/SoberReasoningPlus/results/temp_0.6/Qwen-Qwen3-1.7B-bfloat16-34816/10-0.6-0.8-aime25-1-128-131072-32768

---> Starting run: seed=11 (12/16)
Skipping run, results found in /projects/bdrx/azhang14/SoberReasoningPlus/results/temp_0.6/Qwen-Qwen3-1.7B-bfloat16-34816/11-0.6-0.8-aime25-1-128-131072-32768

---> Starting run: seed=12 (13/16)
Skipping run, results found in /projects/bdrx/azhang14/SoberReasoningPlus/results/temp_0.6/Qwen-Qwen3-1.7B-bfloat16-34816/12-0.6-0.8-aime25-1-128-131072-32768

---> Starting run: seed=13 (14/16)
Skipping run, results found in /projects/bdrx/azhang14/SoberReasoningPlus/results/temp_0.6/Qwen-Qwen3-1.7B-bfloat16-34816/13-0.6-0.8-aime25-1-128-131072-32768

---> Starting run: seed=14 (15/16)
Skipping run, results found in /projects/bdrx/azhang14/SoberReasoningPlus/results/temp_0.6/Qwen-Qwen3-1.7B-bfloat16-34816/14-0.6-0.8-aime25-1-128-131072-32768

---> Starting run: seed=15 (16/16)
Skipping run, results found in /projects/bdrx/azhang14/SoberReasoningPlus/results/temp_0.6/Qwen-Qwen3-1.7B-bfloat16-34816/15-0.6-0.8-aime25-1-128-131072-32768
Running evaluation for task: custom|amc23|0|0, temperature: 0.6, top_p: 0.8, num_seeds: 16

---> Starting run: seed=0 (1/16)
Skipping run, results found in /projects/bdrx/azhang14/SoberReasoningPlus/results/temp_0.6/Qwen-Qwen3-1.7B-bfloat16-34816/0-0.6-0.8-amc23-1-128-131072-32768

---> Starting run: seed=1 (2/16)
Skipping run, results found in /projects/bdrx/azhang14/SoberReasoningPlus/results/temp_0.6/Qwen-Qwen3-1.7B-bfloat16-34816/1-0.6-0.8-amc23-1-128-131072-32768

---> Starting run: seed=2 (3/16)
Skipping run, results found in /projects/bdrx/azhang14/SoberReasoningPlus/results/temp_0.6/Qwen-Qwen3-1.7B-bfloat16-34816/2-0.6-0.8-amc23-1-128-131072-32768

---> Starting run: seed=3 (4/16)
Skipping run, results found in /projects/bdrx/azhang14/SoberReasoningPlus/results/temp_0.6/Qwen-Qwen3-1.7B-bfloat16-34816/3-0.6-0.8-amc23-1-128-131072-32768

---> Starting run: seed=4 (5/16)
Skipping run, results found in /projects/bdrx/azhang14/SoberReasoningPlus/results/temp_0.6/Qwen-Qwen3-1.7B-bfloat16-34816/4-0.6-0.8-amc23-1-128-131072-32768

---> Starting run: seed=5 (6/16)
Skipping run, results found in /projects/bdrx/azhang14/SoberReasoningPlus/results/temp_0.6/Qwen-Qwen3-1.7B-bfloat16-34816/5-0.6-0.8-amc23-1-128-131072-32768

---> Starting run: seed=6 (7/16)
Skipping run, results found in /projects/bdrx/azhang14/SoberReasoningPlus/results/temp_0.6/Qwen-Qwen3-1.7B-bfloat16-34816/6-0.6-0.8-amc23-1-128-131072-32768

---> Starting run: seed=7 (8/16)
Skipping run, results found in /projects/bdrx/azhang14/SoberReasoningPlus/results/temp_0.6/Qwen-Qwen3-1.7B-bfloat16-34816/7-0.6-0.8-amc23-1-128-131072-32768

---> Starting run: seed=8 (9/16)
Skipping run, results found in /projects/bdrx/azhang14/SoberReasoningPlus/results/temp_0.6/Qwen-Qwen3-1.7B-bfloat16-34816/8-0.6-0.8-amc23-1-128-131072-32768

---> Starting run: seed=9 (10/16)
Skipping run, results found in /projects/bdrx/azhang14/SoberReasoningPlus/results/temp_0.6/Qwen-Qwen3-1.7B-bfloat16-34816/9-0.6-0.8-amc23-1-128-131072-32768

---> Starting run: seed=10 (11/16)
Skipping run, results found in /projects/bdrx/azhang14/SoberReasoningPlus/results/temp_0.6/Qwen-Qwen3-1.7B-bfloat16-34816/10-0.6-0.8-amc23-1-128-131072-32768

---> Starting run: seed=11 (12/16)
Skipping run, results found in /projects/bdrx/azhang14/SoberReasoningPlus/results/temp_0.6/Qwen-Qwen3-1.7B-bfloat16-34816/11-0.6-0.8-amc23-1-128-131072-32768

---> Starting run: seed=12 (13/16)
Skipping run, results found in /projects/bdrx/azhang14/SoberReasoningPlus/results/temp_0.6/Qwen-Qwen3-1.7B-bfloat16-34816/12-0.6-0.8-amc23-1-128-131072-32768

---> Starting run: seed=13 (14/16)
Skipping run, results found in /projects/bdrx/azhang14/SoberReasoningPlus/results/temp_0.6/Qwen-Qwen3-1.7B-bfloat16-34816/13-0.6-0.8-amc23-1-128-131072-32768

---> Starting run: seed=14 (15/16)
Skipping run, results found in /projects/bdrx/azhang14/SoberReasoningPlus/results/temp_0.6/Qwen-Qwen3-1.7B-bfloat16-34816/14-0.6-0.8-amc23-1-128-131072-32768

---> Starting run: seed=15 (16/16)
Skipping run, results found in /projects/bdrx/azhang14/SoberReasoningPlus/results/temp_0.6/Qwen-Qwen3-1.7B-bfloat16-34816/15-0.6-0.8-amc23-1-128-131072-32768
Running evaluation for task: custom|math_500|0|0, temperature: 0.6, top_p: 0.8, num_seeds: 3

---> Starting run: seed=0 (1/3)
Skipping run, results found in /projects/bdrx/azhang14/SoberReasoningPlus/results/temp_0.6/Qwen-Qwen3-1.7B-bfloat16-34816/0-0.6-0.8-math_500-1-128-131072-32768

---> Starting run: seed=1 (2/3)
Skipping run, results found in /projects/bdrx/azhang14/SoberReasoningPlus/results/temp_0.6/Qwen-Qwen3-1.7B-bfloat16-34816/1-0.6-0.8-math_500-1-128-131072-32768

---> Starting run: seed=2 (3/3)
Skipping run, results found in /projects/bdrx/azhang14/SoberReasoningPlus/results/temp_0.6/Qwen-Qwen3-1.7B-bfloat16-34816/2-0.6-0.8-math_500-1-128-131072-32768
Running evaluation for task: custom|minerva|0|0, temperature: 0.6, top_p: 0.8, num_seeds: 3

---> Starting run: seed=0 (1/3)
Skipping run, results found in /projects/bdrx/azhang14/SoberReasoningPlus/results/temp_0.6/Qwen-Qwen3-1.7B-bfloat16-34816/0-0.6-0.8-minerva-1-128-131072-32768

---> Starting run: seed=1 (2/3)
Skipping run, results found in /projects/bdrx/azhang14/SoberReasoningPlus/results/temp_0.6/Qwen-Qwen3-1.7B-bfloat16-34816/1-0.6-0.8-minerva-1-128-131072-32768

---> Starting run: seed=2 (3/3)
Skipping run, results found in /projects/bdrx/azhang14/SoberReasoningPlus/results/temp_0.6/Qwen-Qwen3-1.7B-bfloat16-34816/2-0.6-0.8-minerva-1-128-131072-32768
Running evaluation for task: custom|olympiadbench|0|0, temperature: 0.6, top_p: 0.8, num_seeds: 3

---> Starting run: seed=0 (1/3)
Skipping run, results found in /projects/bdrx/azhang14/SoberReasoningPlus/results/temp_0.6/Qwen-Qwen3-1.7B-bfloat16-34816/0-0.6-0.8-olympiadbench-1-128-131072-32768

---> Starting run: seed=1 (2/3)
Skipping run, results found in /projects/bdrx/azhang14/SoberReasoningPlus/results/temp_0.6/Qwen-Qwen3-1.7B-bfloat16-34816/1-0.6-0.8-olympiadbench-1-128-131072-32768

---> Starting run: seed=2 (3/3)
Skipping run, results found in /projects/bdrx/azhang14/SoberReasoningPlus/results/temp_0.6/Qwen-Qwen3-1.7B-bfloat16-34816/2-0.6-0.8-olympiadbench-1-128-131072-32768
Total execution time: 0:01:50.204661
======================================
Running: Model=Qwen/Qwen3-1.7B, Temp=0.6, Top_P=0.9
======================================
INFO 12-07 02:58:49 [__init__.py:244] Automatically detected platform cuda.
Loading model...
INFO 12-07 02:59:45 [__init__.py:244] Automatically detected platform cuda.
Model loaded successfully.
[0.6] [0.9]
<class 'list'> <class 'list'>
Running evaluation for task: custom|aime24|0|0, temperature: 0.6, top_p: 0.9, num_seeds: 16

---> Starting run: seed=0 (1/16)
Skipping run, results found in /projects/bdrx/azhang14/SoberReasoningPlus/results/temp_0.6/Qwen-Qwen3-1.7B-bfloat16-34816/0-0.6-0.9-aime24-1-128-131072-32768

---> Starting run: seed=1 (2/16)
Skipping run, results found in /projects/bdrx/azhang14/SoberReasoningPlus/results/temp_0.6/Qwen-Qwen3-1.7B-bfloat16-34816/1-0.6-0.9-aime24-1-128-131072-32768

---> Starting run: seed=2 (3/16)
Skipping run, results found in /projects/bdrx/azhang14/SoberReasoningPlus/results/temp_0.6/Qwen-Qwen3-1.7B-bfloat16-34816/2-0.6-0.9-aime24-1-128-131072-32768

---> Starting run: seed=3 (4/16)
Skipping run, results found in /projects/bdrx/azhang14/SoberReasoningPlus/results/temp_0.6/Qwen-Qwen3-1.7B-bfloat16-34816/3-0.6-0.9-aime24-1-128-131072-32768

---> Starting run: seed=4 (5/16)
Skipping run, results found in /projects/bdrx/azhang14/SoberReasoningPlus/results/temp_0.6/Qwen-Qwen3-1.7B-bfloat16-34816/4-0.6-0.9-aime24-1-128-131072-32768

---> Starting run: seed=5 (6/16)
Skipping run, results found in /projects/bdrx/azhang14/SoberReasoningPlus/results/temp_0.6/Qwen-Qwen3-1.7B-bfloat16-34816/5-0.6-0.9-aime24-1-128-131072-32768

---> Starting run: seed=6 (7/16)
Skipping run, results found in /projects/bdrx/azhang14/SoberReasoningPlus/results/temp_0.6/Qwen-Qwen3-1.7B-bfloat16-34816/6-0.6-0.9-aime24-1-128-131072-32768

---> Starting run: seed=7 (8/16)
Skipping run, results found in /projects/bdrx/azhang14/SoberReasoningPlus/results/temp_0.6/Qwen-Qwen3-1.7B-bfloat16-34816/7-0.6-0.9-aime24-1-128-131072-32768

---> Starting run: seed=8 (9/16)
Skipping run, results found in /projects/bdrx/azhang14/SoberReasoningPlus/results/temp_0.6/Qwen-Qwen3-1.7B-bfloat16-34816/8-0.6-0.9-aime24-1-128-131072-32768

---> Starting run: seed=9 (10/16)
Skipping run, results found in /projects/bdrx/azhang14/SoberReasoningPlus/results/temp_0.6/Qwen-Qwen3-1.7B-bfloat16-34816/9-0.6-0.9-aime24-1-128-131072-32768

---> Starting run: seed=10 (11/16)
Skipping run, results found in /projects/bdrx/azhang14/SoberReasoningPlus/results/temp_0.6/Qwen-Qwen3-1.7B-bfloat16-34816/10-0.6-0.9-aime24-1-128-131072-32768

---> Starting run: seed=11 (12/16)
Skipping run, results found in /projects/bdrx/azhang14/SoberReasoningPlus/results/temp_0.6/Qwen-Qwen3-1.7B-bfloat16-34816/11-0.6-0.9-aime24-1-128-131072-32768

---> Starting run: seed=12 (13/16)
Skipping run, results found in /projects/bdrx/azhang14/SoberReasoningPlus/results/temp_0.6/Qwen-Qwen3-1.7B-bfloat16-34816/12-0.6-0.9-aime24-1-128-131072-32768

---> Starting run: seed=13 (14/16)
Skipping run, results found in /projects/bdrx/azhang14/SoberReasoningPlus/results/temp_0.6/Qwen-Qwen3-1.7B-bfloat16-34816/13-0.6-0.9-aime24-1-128-131072-32768

---> Starting run: seed=14 (15/16)
Skipping run, results found in /projects/bdrx/azhang14/SoberReasoningPlus/results/temp_0.6/Qwen-Qwen3-1.7B-bfloat16-34816/14-0.6-0.9-aime24-1-128-131072-32768

---> Starting run: seed=15 (16/16)
Skipping run, results found in /projects/bdrx/azhang14/SoberReasoningPlus/results/temp_0.6/Qwen-Qwen3-1.7B-bfloat16-34816/15-0.6-0.9-aime24-1-128-131072-32768
Running evaluation for task: custom|aime25|0|0, temperature: 0.6, top_p: 0.9, num_seeds: 16

---> Starting run: seed=0 (1/16)
Skipping run, results found in /projects/bdrx/azhang14/SoberReasoningPlus/results/temp_0.6/Qwen-Qwen3-1.7B-bfloat16-34816/0-0.6-0.9-aime25-1-128-131072-32768

---> Starting run: seed=1 (2/16)
Skipping run, results found in /projects/bdrx/azhang14/SoberReasoningPlus/results/temp_0.6/Qwen-Qwen3-1.7B-bfloat16-34816/1-0.6-0.9-aime25-1-128-131072-32768

---> Starting run: seed=2 (3/16)
Skipping run, results found in /projects/bdrx/azhang14/SoberReasoningPlus/results/temp_0.6/Qwen-Qwen3-1.7B-bfloat16-34816/2-0.6-0.9-aime25-1-128-131072-32768

---> Starting run: seed=3 (4/16)
Skipping run, results found in /projects/bdrx/azhang14/SoberReasoningPlus/results/temp_0.6/Qwen-Qwen3-1.7B-bfloat16-34816/3-0.6-0.9-aime25-1-128-131072-32768

---> Starting run: seed=4 (5/16)
Skipping run, results found in /projects/bdrx/azhang14/SoberReasoningPlus/results/temp_0.6/Qwen-Qwen3-1.7B-bfloat16-34816/4-0.6-0.9-aime25-1-128-131072-32768

---> Starting run: seed=5 (6/16)
Skipping run, results found in /projects/bdrx/azhang14/SoberReasoningPlus/results/temp_0.6/Qwen-Qwen3-1.7B-bfloat16-34816/5-0.6-0.9-aime25-1-128-131072-32768

---> Starting run: seed=6 (7/16)
Skipping run, results found in /projects/bdrx/azhang14/SoberReasoningPlus/results/temp_0.6/Qwen-Qwen3-1.7B-bfloat16-34816/6-0.6-0.9-aime25-1-128-131072-32768

---> Starting run: seed=7 (8/16)
Skipping run, results found in /projects/bdrx/azhang14/SoberReasoningPlus/results/temp_0.6/Qwen-Qwen3-1.7B-bfloat16-34816/7-0.6-0.9-aime25-1-128-131072-32768

---> Starting run: seed=8 (9/16)
Skipping run, results found in /projects/bdrx/azhang14/SoberReasoningPlus/results/temp_0.6/Qwen-Qwen3-1.7B-bfloat16-34816/8-0.6-0.9-aime25-1-128-131072-32768

---> Starting run: seed=9 (10/16)
Skipping run, results found in /projects/bdrx/azhang14/SoberReasoningPlus/results/temp_0.6/Qwen-Qwen3-1.7B-bfloat16-34816/9-0.6-0.9-aime25-1-128-131072-32768

---> Starting run: seed=10 (11/16)
Skipping run, results found in /projects/bdrx/azhang14/SoberReasoningPlus/results/temp_0.6/Qwen-Qwen3-1.7B-bfloat16-34816/10-0.6-0.9-aime25-1-128-131072-32768

---> Starting run: seed=11 (12/16)
Skipping run, results found in /projects/bdrx/azhang14/SoberReasoningPlus/results/temp_0.6/Qwen-Qwen3-1.7B-bfloat16-34816/11-0.6-0.9-aime25-1-128-131072-32768

---> Starting run: seed=12 (13/16)
Skipping run, results found in /projects/bdrx/azhang14/SoberReasoningPlus/results/temp_0.6/Qwen-Qwen3-1.7B-bfloat16-34816/12-0.6-0.9-aime25-1-128-131072-32768

---> Starting run: seed=13 (14/16)
Skipping run, results found in /projects/bdrx/azhang14/SoberReasoningPlus/results/temp_0.6/Qwen-Qwen3-1.7B-bfloat16-34816/13-0.6-0.9-aime25-1-128-131072-32768

---> Starting run: seed=14 (15/16)
Skipping run, results found in /projects/bdrx/azhang14/SoberReasoningPlus/results/temp_0.6/Qwen-Qwen3-1.7B-bfloat16-34816/14-0.6-0.9-aime25-1-128-131072-32768

---> Starting run: seed=15 (16/16)
Skipping run, results found in /projects/bdrx/azhang14/SoberReasoningPlus/results/temp_0.6/Qwen-Qwen3-1.7B-bfloat16-34816/15-0.6-0.9-aime25-1-128-131072-32768
Running evaluation for task: custom|amc23|0|0, temperature: 0.6, top_p: 0.9, num_seeds: 16

---> Starting run: seed=0 (1/16)
Skipping run, results found in /projects/bdrx/azhang14/SoberReasoningPlus/results/temp_0.6/Qwen-Qwen3-1.7B-bfloat16-34816/0-0.6-0.9-amc23-1-128-131072-32768

---> Starting run: seed=1 (2/16)
Skipping run, results found in /projects/bdrx/azhang14/SoberReasoningPlus/results/temp_0.6/Qwen-Qwen3-1.7B-bfloat16-34816/1-0.6-0.9-amc23-1-128-131072-32768

---> Starting run: seed=2 (3/16)
Skipping run, results found in /projects/bdrx/azhang14/SoberReasoningPlus/results/temp_0.6/Qwen-Qwen3-1.7B-bfloat16-34816/2-0.6-0.9-amc23-1-128-131072-32768

---> Starting run: seed=3 (4/16)
Skipping run, results found in /projects/bdrx/azhang14/SoberReasoningPlus/results/temp_0.6/Qwen-Qwen3-1.7B-bfloat16-34816/3-0.6-0.9-amc23-1-128-131072-32768

---> Starting run: seed=4 (5/16)
Skipping run, results found in /projects/bdrx/azhang14/SoberReasoningPlus/results/temp_0.6/Qwen-Qwen3-1.7B-bfloat16-34816/4-0.6-0.9-amc23-1-128-131072-32768

---> Starting run: seed=5 (6/16)
Skipping run, results found in /projects/bdrx/azhang14/SoberReasoningPlus/results/temp_0.6/Qwen-Qwen3-1.7B-bfloat16-34816/5-0.6-0.9-amc23-1-128-131072-32768

---> Starting run: seed=6 (7/16)
Skipping run, results found in /projects/bdrx/azhang14/SoberReasoningPlus/results/temp_0.6/Qwen-Qwen3-1.7B-bfloat16-34816/6-0.6-0.9-amc23-1-128-131072-32768

---> Starting run: seed=7 (8/16)
Skipping run, results found in /projects/bdrx/azhang14/SoberReasoningPlus/results/temp_0.6/Qwen-Qwen3-1.7B-bfloat16-34816/7-0.6-0.9-amc23-1-128-131072-32768

---> Starting run: seed=8 (9/16)
Skipping run, results found in /projects/bdrx/azhang14/SoberReasoningPlus/results/temp_0.6/Qwen-Qwen3-1.7B-bfloat16-34816/8-0.6-0.9-amc23-1-128-131072-32768

---> Starting run: seed=9 (10/16)
Skipping run, results found in /projects/bdrx/azhang14/SoberReasoningPlus/results/temp_0.6/Qwen-Qwen3-1.7B-bfloat16-34816/9-0.6-0.9-amc23-1-128-131072-32768

---> Starting run: seed=10 (11/16)
Skipping run, results found in /projects/bdrx/azhang14/SoberReasoningPlus/results/temp_0.6/Qwen-Qwen3-1.7B-bfloat16-34816/10-0.6-0.9-amc23-1-128-131072-32768

---> Starting run: seed=11 (12/16)
Skipping run, results found in /projects/bdrx/azhang14/SoberReasoningPlus/results/temp_0.6/Qwen-Qwen3-1.7B-bfloat16-34816/11-0.6-0.9-amc23-1-128-131072-32768

---> Starting run: seed=12 (13/16)
Skipping run, results found in /projects/bdrx/azhang14/SoberReasoningPlus/results/temp_0.6/Qwen-Qwen3-1.7B-bfloat16-34816/12-0.6-0.9-amc23-1-128-131072-32768

---> Starting run: seed=13 (14/16)
Skipping run, results found in /projects/bdrx/azhang14/SoberReasoningPlus/results/temp_0.6/Qwen-Qwen3-1.7B-bfloat16-34816/13-0.6-0.9-amc23-1-128-131072-32768

---> Starting run: seed=14 (15/16)
Skipping run, results found in /projects/bdrx/azhang14/SoberReasoningPlus/results/temp_0.6/Qwen-Qwen3-1.7B-bfloat16-34816/14-0.6-0.9-amc23-1-128-131072-32768

---> Starting run: seed=15 (16/16)
Skipping run, results found in /projects/bdrx/azhang14/SoberReasoningPlus/results/temp_0.6/Qwen-Qwen3-1.7B-bfloat16-34816/15-0.6-0.9-amc23-1-128-131072-32768
Running evaluation for task: custom|math_500|0|0, temperature: 0.6, top_p: 0.9, num_seeds: 3

---> Starting run: seed=0 (1/3)
Skipping run, results found in /projects/bdrx/azhang14/SoberReasoningPlus/results/temp_0.6/Qwen-Qwen3-1.7B-bfloat16-34816/0-0.6-0.9-math_500-1-128-131072-32768

---> Starting run: seed=1 (2/3)
Skipping run, results found in /projects/bdrx/azhang14/SoberReasoningPlus/results/temp_0.6/Qwen-Qwen3-1.7B-bfloat16-34816/1-0.6-0.9-math_500-1-128-131072-32768

---> Starting run: seed=2 (3/3)
Skipping run, results found in /projects/bdrx/azhang14/SoberReasoningPlus/results/temp_0.6/Qwen-Qwen3-1.7B-bfloat16-34816/2-0.6-0.9-math_500-1-128-131072-32768
Running evaluation for task: custom|minerva|0|0, temperature: 0.6, top_p: 0.9, num_seeds: 3

---> Starting run: seed=0 (1/3)
Skipping run, results found in /projects/bdrx/azhang14/SoberReasoningPlus/results/temp_0.6/Qwen-Qwen3-1.7B-bfloat16-34816/0-0.6-0.9-minerva-1-128-131072-32768

---> Starting run: seed=1 (2/3)
Skipping run, results found in /projects/bdrx/azhang14/SoberReasoningPlus/results/temp_0.6/Qwen-Qwen3-1.7B-bfloat16-34816/1-0.6-0.9-minerva-1-128-131072-32768

---> Starting run: seed=2 (3/3)
Skipping run, results found in /projects/bdrx/azhang14/SoberReasoningPlus/results/temp_0.6/Qwen-Qwen3-1.7B-bfloat16-34816/2-0.6-0.9-minerva-1-128-131072-32768
Running evaluation for task: custom|olympiadbench|0|0, temperature: 0.6, top_p: 0.9, num_seeds: 3

---> Starting run: seed=0 (1/3)
Skipping run, results found in /projects/bdrx/azhang14/SoberReasoningPlus/results/temp_0.6/Qwen-Qwen3-1.7B-bfloat16-34816/0-0.6-0.9-olympiadbench-1-128-131072-32768

---> Starting run: seed=1 (2/3)
Skipping run, results found in /projects/bdrx/azhang14/SoberReasoningPlus/results/temp_0.6/Qwen-Qwen3-1.7B-bfloat16-34816/1-0.6-0.9-olympiadbench-1-128-131072-32768

---> Starting run: seed=2 (3/3)
Skipping run, results found in /projects/bdrx/azhang14/SoberReasoningPlus/results/temp_0.6/Qwen-Qwen3-1.7B-bfloat16-34816/2-0.6-0.9-olympiadbench-1-128-131072-32768
Total execution time: 0:01:49.765043
======================================
Running: Model=Qwen/Qwen3-1.7B, Temp=0.6, Top_P=0.95
======================================
INFO 12-07 03:01:13 [__init__.py:244] Automatically detected platform cuda.
Loading model...
INFO 12-07 03:02:09 [__init__.py:244] Automatically detected platform cuda.
Model loaded successfully.
[0.6] [0.95]
<class 'list'> <class 'list'>
Running evaluation for task: custom|aime24|0|0, temperature: 0.6, top_p: 0.95, num_seeds: 16

---> Starting run: seed=0 (1/16)
Skipping run, results found in /projects/bdrx/azhang14/SoberReasoningPlus/results/temp_0.6/Qwen-Qwen3-1.7B-bfloat16-34816/0-0.6-0.95-aime24-1-128-131072-32768

---> Starting run: seed=1 (2/16)
Skipping run, results found in /projects/bdrx/azhang14/SoberReasoningPlus/results/temp_0.6/Qwen-Qwen3-1.7B-bfloat16-34816/1-0.6-0.95-aime24-1-128-131072-32768

---> Starting run: seed=2 (3/16)
Skipping run, results found in /projects/bdrx/azhang14/SoberReasoningPlus/results/temp_0.6/Qwen-Qwen3-1.7B-bfloat16-34816/2-0.6-0.95-aime24-1-128-131072-32768

---> Starting run: seed=3 (4/16)
Skipping run, results found in /projects/bdrx/azhang14/SoberReasoningPlus/results/temp_0.6/Qwen-Qwen3-1.7B-bfloat16-34816/3-0.6-0.95-aime24-1-128-131072-32768

---> Starting run: seed=4 (5/16)
Skipping run, results found in /projects/bdrx/azhang14/SoberReasoningPlus/results/temp_0.6/Qwen-Qwen3-1.7B-bfloat16-34816/4-0.6-0.95-aime24-1-128-131072-32768

---> Starting run: seed=5 (6/16)
Skipping run, results found in /projects/bdrx/azhang14/SoberReasoningPlus/results/temp_0.6/Qwen-Qwen3-1.7B-bfloat16-34816/5-0.6-0.95-aime24-1-128-131072-32768

---> Starting run: seed=6 (7/16)
Skipping run, results found in /projects/bdrx/azhang14/SoberReasoningPlus/results/temp_0.6/Qwen-Qwen3-1.7B-bfloat16-34816/6-0.6-0.95-aime24-1-128-131072-32768

---> Starting run: seed=7 (8/16)
Skipping run, results found in /projects/bdrx/azhang14/SoberReasoningPlus/results/temp_0.6/Qwen-Qwen3-1.7B-bfloat16-34816/7-0.6-0.95-aime24-1-128-131072-32768

---> Starting run: seed=8 (9/16)
Skipping run, results found in /projects/bdrx/azhang14/SoberReasoningPlus/results/temp_0.6/Qwen-Qwen3-1.7B-bfloat16-34816/8-0.6-0.95-aime24-1-128-131072-32768

---> Starting run: seed=9 (10/16)
Skipping run, results found in /projects/bdrx/azhang14/SoberReasoningPlus/results/temp_0.6/Qwen-Qwen3-1.7B-bfloat16-34816/9-0.6-0.95-aime24-1-128-131072-32768

---> Starting run: seed=10 (11/16)
Skipping run, results found in /projects/bdrx/azhang14/SoberReasoningPlus/results/temp_0.6/Qwen-Qwen3-1.7B-bfloat16-34816/10-0.6-0.95-aime24-1-128-131072-32768

---> Starting run: seed=11 (12/16)
Skipping run, results found in /projects/bdrx/azhang14/SoberReasoningPlus/results/temp_0.6/Qwen-Qwen3-1.7B-bfloat16-34816/11-0.6-0.95-aime24-1-128-131072-32768

---> Starting run: seed=12 (13/16)
Skipping run, results found in /projects/bdrx/azhang14/SoberReasoningPlus/results/temp_0.6/Qwen-Qwen3-1.7B-bfloat16-34816/12-0.6-0.95-aime24-1-128-131072-32768

---> Starting run: seed=13 (14/16)
Skipping run, results found in /projects/bdrx/azhang14/SoberReasoningPlus/results/temp_0.6/Qwen-Qwen3-1.7B-bfloat16-34816/13-0.6-0.95-aime24-1-128-131072-32768

---> Starting run: seed=14 (15/16)
Skipping run, results found in /projects/bdrx/azhang14/SoberReasoningPlus/results/temp_0.6/Qwen-Qwen3-1.7B-bfloat16-34816/14-0.6-0.95-aime24-1-128-131072-32768

---> Starting run: seed=15 (16/16)
Skipping run, results found in /projects/bdrx/azhang14/SoberReasoningPlus/results/temp_0.6/Qwen-Qwen3-1.7B-bfloat16-34816/15-0.6-0.95-aime24-1-128-131072-32768
Running evaluation for task: custom|aime25|0|0, temperature: 0.6, top_p: 0.95, num_seeds: 16

---> Starting run: seed=0 (1/16)
Skipping run, results found in /projects/bdrx/azhang14/SoberReasoningPlus/results/temp_0.6/Qwen-Qwen3-1.7B-bfloat16-34816/0-0.6-0.95-aime25-1-128-131072-32768

---> Starting run: seed=1 (2/16)
Skipping run, results found in /projects/bdrx/azhang14/SoberReasoningPlus/results/temp_0.6/Qwen-Qwen3-1.7B-bfloat16-34816/1-0.6-0.95-aime25-1-128-131072-32768

---> Starting run: seed=2 (3/16)
Skipping run, results found in /projects/bdrx/azhang14/SoberReasoningPlus/results/temp_0.6/Qwen-Qwen3-1.7B-bfloat16-34816/2-0.6-0.95-aime25-1-128-131072-32768

---> Starting run: seed=3 (4/16)
Skipping run, results found in /projects/bdrx/azhang14/SoberReasoningPlus/results/temp_0.6/Qwen-Qwen3-1.7B-bfloat16-34816/3-0.6-0.95-aime25-1-128-131072-32768

---> Starting run: seed=4 (5/16)
Skipping run, results found in /projects/bdrx/azhang14/SoberReasoningPlus/results/temp_0.6/Qwen-Qwen3-1.7B-bfloat16-34816/4-0.6-0.95-aime25-1-128-131072-32768

---> Starting run: seed=5 (6/16)
Skipping run, results found in /projects/bdrx/azhang14/SoberReasoningPlus/results/temp_0.6/Qwen-Qwen3-1.7B-bfloat16-34816/5-0.6-0.95-aime25-1-128-131072-32768

---> Starting run: seed=6 (7/16)
Skipping run, results found in /projects/bdrx/azhang14/SoberReasoningPlus/results/temp_0.6/Qwen-Qwen3-1.7B-bfloat16-34816/6-0.6-0.95-aime25-1-128-131072-32768

---> Starting run: seed=7 (8/16)
Skipping run, results found in /projects/bdrx/azhang14/SoberReasoningPlus/results/temp_0.6/Qwen-Qwen3-1.7B-bfloat16-34816/7-0.6-0.95-aime25-1-128-131072-32768

---> Starting run: seed=8 (9/16)
Skipping run, results found in /projects/bdrx/azhang14/SoberReasoningPlus/results/temp_0.6/Qwen-Qwen3-1.7B-bfloat16-34816/8-0.6-0.95-aime25-1-128-131072-32768

---> Starting run: seed=9 (10/16)
Skipping run, results found in /projects/bdrx/azhang14/SoberReasoningPlus/results/temp_0.6/Qwen-Qwen3-1.7B-bfloat16-34816/9-0.6-0.95-aime25-1-128-131072-32768

---> Starting run: seed=10 (11/16)
Skipping run, results found in /projects/bdrx/azhang14/SoberReasoningPlus/results/temp_0.6/Qwen-Qwen3-1.7B-bfloat16-34816/10-0.6-0.95-aime25-1-128-131072-32768

---> Starting run: seed=11 (12/16)
Skipping run, results found in /projects/bdrx/azhang14/SoberReasoningPlus/results/temp_0.6/Qwen-Qwen3-1.7B-bfloat16-34816/11-0.6-0.95-aime25-1-128-131072-32768

---> Starting run: seed=12 (13/16)
Skipping run, results found in /projects/bdrx/azhang14/SoberReasoningPlus/results/temp_0.6/Qwen-Qwen3-1.7B-bfloat16-34816/12-0.6-0.95-aime25-1-128-131072-32768

---> Starting run: seed=13 (14/16)
Skipping run, results found in /projects/bdrx/azhang14/SoberReasoningPlus/results/temp_0.6/Qwen-Qwen3-1.7B-bfloat16-34816/13-0.6-0.95-aime25-1-128-131072-32768

---> Starting run: seed=14 (15/16)
Skipping run, results found in /projects/bdrx/azhang14/SoberReasoningPlus/results/temp_0.6/Qwen-Qwen3-1.7B-bfloat16-34816/14-0.6-0.95-aime25-1-128-131072-32768

---> Starting run: seed=15 (16/16)
Skipping run, results found in /projects/bdrx/azhang14/SoberReasoningPlus/results/temp_0.6/Qwen-Qwen3-1.7B-bfloat16-34816/15-0.6-0.95-aime25-1-128-131072-32768
Running evaluation for task: custom|amc23|0|0, temperature: 0.6, top_p: 0.95, num_seeds: 16

---> Starting run: seed=0 (1/16)
Skipping run, results found in /projects/bdrx/azhang14/SoberReasoningPlus/results/temp_0.6/Qwen-Qwen3-1.7B-bfloat16-34816/0-0.6-0.95-amc23-1-128-131072-32768

---> Starting run: seed=1 (2/16)
Skipping run, results found in /projects/bdrx/azhang14/SoberReasoningPlus/results/temp_0.6/Qwen-Qwen3-1.7B-bfloat16-34816/1-0.6-0.95-amc23-1-128-131072-32768

---> Starting run: seed=2 (3/16)
Skipping run, results found in /projects/bdrx/azhang14/SoberReasoningPlus/results/temp_0.6/Qwen-Qwen3-1.7B-bfloat16-34816/2-0.6-0.95-amc23-1-128-131072-32768

---> Starting run: seed=3 (4/16)
Skipping run, results found in /projects/bdrx/azhang14/SoberReasoningPlus/results/temp_0.6/Qwen-Qwen3-1.7B-bfloat16-34816/3-0.6-0.95-amc23-1-128-131072-32768

---> Starting run: seed=4 (5/16)
Skipping run, results found in /projects/bdrx/azhang14/SoberReasoningPlus/results/temp_0.6/Qwen-Qwen3-1.7B-bfloat16-34816/4-0.6-0.95-amc23-1-128-131072-32768

---> Starting run: seed=5 (6/16)
Skipping run, results found in /projects/bdrx/azhang14/SoberReasoningPlus/results/temp_0.6/Qwen-Qwen3-1.7B-bfloat16-34816/5-0.6-0.95-amc23-1-128-131072-32768

---> Starting run: seed=6 (7/16)
Skipping run, results found in /projects/bdrx/azhang14/SoberReasoningPlus/results/temp_0.6/Qwen-Qwen3-1.7B-bfloat16-34816/6-0.6-0.95-amc23-1-128-131072-32768

---> Starting run: seed=7 (8/16)
Skipping run, results found in /projects/bdrx/azhang14/SoberReasoningPlus/results/temp_0.6/Qwen-Qwen3-1.7B-bfloat16-34816/7-0.6-0.95-amc23-1-128-131072-32768

---> Starting run: seed=8 (9/16)
Skipping run, results found in /projects/bdrx/azhang14/SoberReasoningPlus/results/temp_0.6/Qwen-Qwen3-1.7B-bfloat16-34816/8-0.6-0.95-amc23-1-128-131072-32768

---> Starting run: seed=9 (10/16)
Skipping run, results found in /projects/bdrx/azhang14/SoberReasoningPlus/results/temp_0.6/Qwen-Qwen3-1.7B-bfloat16-34816/9-0.6-0.95-amc23-1-128-131072-32768

---> Starting run: seed=10 (11/16)
Skipping run, results found in /projects/bdrx/azhang14/SoberReasoningPlus/results/temp_0.6/Qwen-Qwen3-1.7B-bfloat16-34816/10-0.6-0.95-amc23-1-128-131072-32768

---> Starting run: seed=11 (12/16)
Skipping run, results found in /projects/bdrx/azhang14/SoberReasoningPlus/results/temp_0.6/Qwen-Qwen3-1.7B-bfloat16-34816/11-0.6-0.95-amc23-1-128-131072-32768

---> Starting run: seed=12 (13/16)
Skipping run, results found in /projects/bdrx/azhang14/SoberReasoningPlus/results/temp_0.6/Qwen-Qwen3-1.7B-bfloat16-34816/12-0.6-0.95-amc23-1-128-131072-32768

---> Starting run: seed=13 (14/16)
Skipping run, results found in /projects/bdrx/azhang14/SoberReasoningPlus/results/temp_0.6/Qwen-Qwen3-1.7B-bfloat16-34816/13-0.6-0.95-amc23-1-128-131072-32768

---> Starting run: seed=14 (15/16)
Skipping run, results found in /projects/bdrx/azhang14/SoberReasoningPlus/results/temp_0.6/Qwen-Qwen3-1.7B-bfloat16-34816/14-0.6-0.95-amc23-1-128-131072-32768

---> Starting run: seed=15 (16/16)
Skipping run, results found in /projects/bdrx/azhang14/SoberReasoningPlus/results/temp_0.6/Qwen-Qwen3-1.7B-bfloat16-34816/15-0.6-0.95-amc23-1-128-131072-32768
Running evaluation for task: custom|math_500|0|0, temperature: 0.6, top_p: 0.95, num_seeds: 3

---> Starting run: seed=0 (1/3)
Skipping run, results found in /projects/bdrx/azhang14/SoberReasoningPlus/results/temp_0.6/Qwen-Qwen3-1.7B-bfloat16-34816/0-0.6-0.95-math_500-1-128-131072-32768

---> Starting run: seed=1 (2/3)
Skipping run, results found in /projects/bdrx/azhang14/SoberReasoningPlus/results/temp_0.6/Qwen-Qwen3-1.7B-bfloat16-34816/1-0.6-0.95-math_500-1-128-131072-32768

---> Starting run: seed=2 (3/3)
Skipping run, results found in /projects/bdrx/azhang14/SoberReasoningPlus/results/temp_0.6/Qwen-Qwen3-1.7B-bfloat16-34816/2-0.6-0.95-math_500-1-128-131072-32768
Running evaluation for task: custom|minerva|0|0, temperature: 0.6, top_p: 0.95, num_seeds: 3

---> Starting run: seed=0 (1/3)
Skipping run, results found in /projects/bdrx/azhang14/SoberReasoningPlus/results/temp_0.6/Qwen-Qwen3-1.7B-bfloat16-34816/0-0.6-0.95-minerva-1-128-131072-32768

---> Starting run: seed=1 (2/3)
Skipping run, results found in /projects/bdrx/azhang14/SoberReasoningPlus/results/temp_0.6/Qwen-Qwen3-1.7B-bfloat16-34816/1-0.6-0.95-minerva-1-128-131072-32768

---> Starting run: seed=2 (3/3)
Skipping run, results found in /projects/bdrx/azhang14/SoberReasoningPlus/results/temp_0.6/Qwen-Qwen3-1.7B-bfloat16-34816/2-0.6-0.95-minerva-1-128-131072-32768
Running evaluation for task: custom|olympiadbench|0|0, temperature: 0.6, top_p: 0.95, num_seeds: 3

---> Starting run: seed=0 (1/3)
Skipping run, results found in /projects/bdrx/azhang14/SoberReasoningPlus/results/temp_0.6/Qwen-Qwen3-1.7B-bfloat16-34816/0-0.6-0.95-olympiadbench-1-128-131072-32768

---> Starting run: seed=1 (2/3)
Skipping run, results found in /projects/bdrx/azhang14/SoberReasoningPlus/results/temp_0.6/Qwen-Qwen3-1.7B-bfloat16-34816/1-0.6-0.95-olympiadbench-1-128-131072-32768

---> Starting run: seed=2 (3/3)
Skipping run, results found in /projects/bdrx/azhang14/SoberReasoningPlus/results/temp_0.6/Qwen-Qwen3-1.7B-bfloat16-34816/2-0.6-0.95-olympiadbench-1-128-131072-32768
Total execution time: 0:01:50.719784
======================================
Running: Model=Qwen/Qwen3-1.7B, Temp=0.6, Top_P=1.0
======================================
INFO 12-07 03:03:38 [__init__.py:244] Automatically detected platform cuda.
Loading model...
INFO 12-07 03:04:35 [__init__.py:244] Automatically detected platform cuda.
Model loaded successfully.
[0.6] [1.0]
<class 'list'> <class 'list'>
Running evaluation for task: custom|aime24|0|0, temperature: 0.6, top_p: 1.0, num_seeds: 16

---> Starting run: seed=0 (1/16)
Skipping run, results found in /projects/bdrx/azhang14/SoberReasoningPlus/results/temp_0.6/Qwen-Qwen3-1.7B-bfloat16-34816/0-0.6-1.0-aime24-1-128-131072-32768

---> Starting run: seed=1 (2/16)
Skipping run, results found in /projects/bdrx/azhang14/SoberReasoningPlus/results/temp_0.6/Qwen-Qwen3-1.7B-bfloat16-34816/1-0.6-1.0-aime24-1-128-131072-32768

---> Starting run: seed=2 (3/16)
Skipping run, results found in /projects/bdrx/azhang14/SoberReasoningPlus/results/temp_0.6/Qwen-Qwen3-1.7B-bfloat16-34816/2-0.6-1.0-aime24-1-128-131072-32768

---> Starting run: seed=3 (4/16)
Skipping run, results found in /projects/bdrx/azhang14/SoberReasoningPlus/results/temp_0.6/Qwen-Qwen3-1.7B-bfloat16-34816/3-0.6-1.0-aime24-1-128-131072-32768

---> Starting run: seed=4 (5/16)
Skipping run, results found in /projects/bdrx/azhang14/SoberReasoningPlus/results/temp_0.6/Qwen-Qwen3-1.7B-bfloat16-34816/4-0.6-1.0-aime24-1-128-131072-32768

---> Starting run: seed=5 (6/16)
Skipping run, results found in /projects/bdrx/azhang14/SoberReasoningPlus/results/temp_0.6/Qwen-Qwen3-1.7B-bfloat16-34816/5-0.6-1.0-aime24-1-128-131072-32768

---> Starting run: seed=6 (7/16)
Skipping run, results found in /projects/bdrx/azhang14/SoberReasoningPlus/results/temp_0.6/Qwen-Qwen3-1.7B-bfloat16-34816/6-0.6-1.0-aime24-1-128-131072-32768

---> Starting run: seed=7 (8/16)
Skipping run, results found in /projects/bdrx/azhang14/SoberReasoningPlus/results/temp_0.6/Qwen-Qwen3-1.7B-bfloat16-34816/7-0.6-1.0-aime24-1-128-131072-32768

---> Starting run: seed=8 (9/16)
Skipping run, results found in /projects/bdrx/azhang14/SoberReasoningPlus/results/temp_0.6/Qwen-Qwen3-1.7B-bfloat16-34816/8-0.6-1.0-aime24-1-128-131072-32768

---> Starting run: seed=9 (10/16)
Skipping run, results found in /projects/bdrx/azhang14/SoberReasoningPlus/results/temp_0.6/Qwen-Qwen3-1.7B-bfloat16-34816/9-0.6-1.0-aime24-1-128-131072-32768

---> Starting run: seed=10 (11/16)
Skipping run, results found in /projects/bdrx/azhang14/SoberReasoningPlus/results/temp_0.6/Qwen-Qwen3-1.7B-bfloat16-34816/10-0.6-1.0-aime24-1-128-131072-32768

---> Starting run: seed=11 (12/16)
Skipping run, results found in /projects/bdrx/azhang14/SoberReasoningPlus/results/temp_0.6/Qwen-Qwen3-1.7B-bfloat16-34816/11-0.6-1.0-aime24-1-128-131072-32768

---> Starting run: seed=12 (13/16)
Skipping run, results found in /projects/bdrx/azhang14/SoberReasoningPlus/results/temp_0.6/Qwen-Qwen3-1.7B-bfloat16-34816/12-0.6-1.0-aime24-1-128-131072-32768

---> Starting run: seed=13 (14/16)
Skipping run, results found in /projects/bdrx/azhang14/SoberReasoningPlus/results/temp_0.6/Qwen-Qwen3-1.7B-bfloat16-34816/13-0.6-1.0-aime24-1-128-131072-32768

---> Starting run: seed=14 (15/16)
Skipping run, results found in /projects/bdrx/azhang14/SoberReasoningPlus/results/temp_0.6/Qwen-Qwen3-1.7B-bfloat16-34816/14-0.6-1.0-aime24-1-128-131072-32768

---> Starting run: seed=15 (16/16)
Skipping run, results found in /projects/bdrx/azhang14/SoberReasoningPlus/results/temp_0.6/Qwen-Qwen3-1.7B-bfloat16-34816/15-0.6-1.0-aime24-1-128-131072-32768
Running evaluation for task: custom|aime25|0|0, temperature: 0.6, top_p: 1.0, num_seeds: 16

---> Starting run: seed=0 (1/16)
Skipping run, results found in /projects/bdrx/azhang14/SoberReasoningPlus/results/temp_0.6/Qwen-Qwen3-1.7B-bfloat16-34816/0-0.6-1.0-aime25-1-128-131072-32768

---> Starting run: seed=1 (2/16)
Skipping run, results found in /projects/bdrx/azhang14/SoberReasoningPlus/results/temp_0.6/Qwen-Qwen3-1.7B-bfloat16-34816/1-0.6-1.0-aime25-1-128-131072-32768

---> Starting run: seed=2 (3/16)
Skipping run, results found in /projects/bdrx/azhang14/SoberReasoningPlus/results/temp_0.6/Qwen-Qwen3-1.7B-bfloat16-34816/2-0.6-1.0-aime25-1-128-131072-32768

---> Starting run: seed=3 (4/16)
Skipping run, results found in /projects/bdrx/azhang14/SoberReasoningPlus/results/temp_0.6/Qwen-Qwen3-1.7B-bfloat16-34816/3-0.6-1.0-aime25-1-128-131072-32768

---> Starting run: seed=4 (5/16)
Skipping run, results found in /projects/bdrx/azhang14/SoberReasoningPlus/results/temp_0.6/Qwen-Qwen3-1.7B-bfloat16-34816/4-0.6-1.0-aime25-1-128-131072-32768

---> Starting run: seed=5 (6/16)
Skipping run, results found in /projects/bdrx/azhang14/SoberReasoningPlus/results/temp_0.6/Qwen-Qwen3-1.7B-bfloat16-34816/5-0.6-1.0-aime25-1-128-131072-32768

---> Starting run: seed=6 (7/16)
Skipping run, results found in /projects/bdrx/azhang14/SoberReasoningPlus/results/temp_0.6/Qwen-Qwen3-1.7B-bfloat16-34816/6-0.6-1.0-aime25-1-128-131072-32768

---> Starting run: seed=7 (8/16)
Skipping run, results found in /projects/bdrx/azhang14/SoberReasoningPlus/results/temp_0.6/Qwen-Qwen3-1.7B-bfloat16-34816/7-0.6-1.0-aime25-1-128-131072-32768

---> Starting run: seed=8 (9/16)
Skipping run, results found in /projects/bdrx/azhang14/SoberReasoningPlus/results/temp_0.6/Qwen-Qwen3-1.7B-bfloat16-34816/8-0.6-1.0-aime25-1-128-131072-32768

---> Starting run: seed=9 (10/16)
Skipping run, results found in /projects/bdrx/azhang14/SoberReasoningPlus/results/temp_0.6/Qwen-Qwen3-1.7B-bfloat16-34816/9-0.6-1.0-aime25-1-128-131072-32768

---> Starting run: seed=10 (11/16)
Skipping run, results found in /projects/bdrx/azhang14/SoberReasoningPlus/results/temp_0.6/Qwen-Qwen3-1.7B-bfloat16-34816/10-0.6-1.0-aime25-1-128-131072-32768

---> Starting run: seed=11 (12/16)
Skipping run, results found in /projects/bdrx/azhang14/SoberReasoningPlus/results/temp_0.6/Qwen-Qwen3-1.7B-bfloat16-34816/11-0.6-1.0-aime25-1-128-131072-32768

---> Starting run: seed=12 (13/16)
Skipping run, results found in /projects/bdrx/azhang14/SoberReasoningPlus/results/temp_0.6/Qwen-Qwen3-1.7B-bfloat16-34816/12-0.6-1.0-aime25-1-128-131072-32768

---> Starting run: seed=13 (14/16)
Skipping run, results found in /projects/bdrx/azhang14/SoberReasoningPlus/results/temp_0.6/Qwen-Qwen3-1.7B-bfloat16-34816/13-0.6-1.0-aime25-1-128-131072-32768

---> Starting run: seed=14 (15/16)
Skipping run, results found in /projects/bdrx/azhang14/SoberReasoningPlus/results/temp_0.6/Qwen-Qwen3-1.7B-bfloat16-34816/14-0.6-1.0-aime25-1-128-131072-32768

---> Starting run: seed=15 (16/16)
Skipping run, results found in /projects/bdrx/azhang14/SoberReasoningPlus/results/temp_0.6/Qwen-Qwen3-1.7B-bfloat16-34816/15-0.6-1.0-aime25-1-128-131072-32768
Running evaluation for task: custom|amc23|0|0, temperature: 0.6, top_p: 1.0, num_seeds: 16

---> Starting run: seed=0 (1/16)
Skipping run, results found in /projects/bdrx/azhang14/SoberReasoningPlus/results/temp_0.6/Qwen-Qwen3-1.7B-bfloat16-34816/0-0.6-1.0-amc23-1-128-131072-32768

---> Starting run: seed=1 (2/16)
Skipping run, results found in /projects/bdrx/azhang14/SoberReasoningPlus/results/temp_0.6/Qwen-Qwen3-1.7B-bfloat16-34816/1-0.6-1.0-amc23-1-128-131072-32768

---> Starting run: seed=2 (3/16)
Skipping run, results found in /projects/bdrx/azhang14/SoberReasoningPlus/results/temp_0.6/Qwen-Qwen3-1.7B-bfloat16-34816/2-0.6-1.0-amc23-1-128-131072-32768

---> Starting run: seed=3 (4/16)
Skipping run, results found in /projects/bdrx/azhang14/SoberReasoningPlus/results/temp_0.6/Qwen-Qwen3-1.7B-bfloat16-34816/3-0.6-1.0-amc23-1-128-131072-32768

---> Starting run: seed=4 (5/16)
Skipping run, results found in /projects/bdrx/azhang14/SoberReasoningPlus/results/temp_0.6/Qwen-Qwen3-1.7B-bfloat16-34816/4-0.6-1.0-amc23-1-128-131072-32768

---> Starting run: seed=5 (6/16)
Skipping run, results found in /projects/bdrx/azhang14/SoberReasoningPlus/results/temp_0.6/Qwen-Qwen3-1.7B-bfloat16-34816/5-0.6-1.0-amc23-1-128-131072-32768

---> Starting run: seed=6 (7/16)
Skipping run, results found in /projects/bdrx/azhang14/SoberReasoningPlus/results/temp_0.6/Qwen-Qwen3-1.7B-bfloat16-34816/6-0.6-1.0-amc23-1-128-131072-32768

---> Starting run: seed=7 (8/16)
Skipping run, results found in /projects/bdrx/azhang14/SoberReasoningPlus/results/temp_0.6/Qwen-Qwen3-1.7B-bfloat16-34816/7-0.6-1.0-amc23-1-128-131072-32768

---> Starting run: seed=8 (9/16)
Skipping run, results found in /projects/bdrx/azhang14/SoberReasoningPlus/results/temp_0.6/Qwen-Qwen3-1.7B-bfloat16-34816/8-0.6-1.0-amc23-1-128-131072-32768

---> Starting run: seed=9 (10/16)
Skipping run, results found in /projects/bdrx/azhang14/SoberReasoningPlus/results/temp_0.6/Qwen-Qwen3-1.7B-bfloat16-34816/9-0.6-1.0-amc23-1-128-131072-32768

---> Starting run: seed=10 (11/16)
Skipping run, results found in /projects/bdrx/azhang14/SoberReasoningPlus/results/temp_0.6/Qwen-Qwen3-1.7B-bfloat16-34816/10-0.6-1.0-amc23-1-128-131072-32768

---> Starting run: seed=11 (12/16)
Skipping run, results found in /projects/bdrx/azhang14/SoberReasoningPlus/results/temp_0.6/Qwen-Qwen3-1.7B-bfloat16-34816/11-0.6-1.0-amc23-1-128-131072-32768

---> Starting run: seed=12 (13/16)
Skipping run, results found in /projects/bdrx/azhang14/SoberReasoningPlus/results/temp_0.6/Qwen-Qwen3-1.7B-bfloat16-34816/12-0.6-1.0-amc23-1-128-131072-32768

---> Starting run: seed=13 (14/16)
Skipping run, results found in /projects/bdrx/azhang14/SoberReasoningPlus/results/temp_0.6/Qwen-Qwen3-1.7B-bfloat16-34816/13-0.6-1.0-amc23-1-128-131072-32768

---> Starting run: seed=14 (15/16)
Skipping run, results found in /projects/bdrx/azhang14/SoberReasoningPlus/results/temp_0.6/Qwen-Qwen3-1.7B-bfloat16-34816/14-0.6-1.0-amc23-1-128-131072-32768

---> Starting run: seed=15 (16/16)
Skipping run, results found in /projects/bdrx/azhang14/SoberReasoningPlus/results/temp_0.6/Qwen-Qwen3-1.7B-bfloat16-34816/15-0.6-1.0-amc23-1-128-131072-32768
Running evaluation for task: custom|math_500|0|0, temperature: 0.6, top_p: 1.0, num_seeds: 3

---> Starting run: seed=0 (1/3)
Skipping run, results found in /projects/bdrx/azhang14/SoberReasoningPlus/results/temp_0.6/Qwen-Qwen3-1.7B-bfloat16-34816/0-0.6-1.0-math_500-1-128-131072-32768

---> Starting run: seed=1 (2/3)
Skipping run, results found in /projects/bdrx/azhang14/SoberReasoningPlus/results/temp_0.6/Qwen-Qwen3-1.7B-bfloat16-34816/1-0.6-1.0-math_500-1-128-131072-32768

---> Starting run: seed=2 (3/3)
Skipping run, results found in /projects/bdrx/azhang14/SoberReasoningPlus/results/temp_0.6/Qwen-Qwen3-1.7B-bfloat16-34816/2-0.6-1.0-math_500-1-128-131072-32768
Running evaluation for task: custom|minerva|0|0, temperature: 0.6, top_p: 1.0, num_seeds: 3

---> Starting run: seed=0 (1/3)
Skipping run, results found in /projects/bdrx/azhang14/SoberReasoningPlus/results/temp_0.6/Qwen-Qwen3-1.7B-bfloat16-34816/0-0.6-1.0-minerva-1-128-131072-32768

---> Starting run: seed=1 (2/3)
Skipping run, results found in /projects/bdrx/azhang14/SoberReasoningPlus/results/temp_0.6/Qwen-Qwen3-1.7B-bfloat16-34816/1-0.6-1.0-minerva-1-128-131072-32768

---> Starting run: seed=2 (3/3)
Skipping run, results found in /projects/bdrx/azhang14/SoberReasoningPlus/results/temp_0.6/Qwen-Qwen3-1.7B-bfloat16-34816/2-0.6-1.0-minerva-1-128-131072-32768
Running evaluation for task: custom|olympiadbench|0|0, temperature: 0.6, top_p: 1.0, num_seeds: 3

---> Starting run: seed=0 (1/3)
Skipping run, results found in /projects/bdrx/azhang14/SoberReasoningPlus/results/temp_0.6/Qwen-Qwen3-1.7B-bfloat16-34816/0-0.6-1.0-olympiadbench-1-128-131072-32768

---> Starting run: seed=1 (2/3)
Skipping run, results found in /projects/bdrx/azhang14/SoberReasoningPlus/results/temp_0.6/Qwen-Qwen3-1.7B-bfloat16-34816/1-0.6-1.0-olympiadbench-1-128-131072-32768

---> Starting run: seed=2 (3/3)
Skipping run, results found in /projects/bdrx/azhang14/SoberReasoningPlus/results/temp_0.6/Qwen-Qwen3-1.7B-bfloat16-34816/2-0.6-1.0-olympiadbench-1-128-131072-32768
Total execution time: 0:01:51.812299
======================================
Running: Model=Qwen/Qwen3-1.7B, Temp=0.8, Top_P=0.7
======================================
INFO 12-07 03:06:03 [__init__.py:244] Automatically detected platform cuda.
Loading model...
INFO 12-07 03:06:59 [__init__.py:244] Automatically detected platform cuda.
Model loaded successfully.
[0.8] [0.7]
<class 'list'> <class 'list'>
Running evaluation for task: custom|aime24|0|0, temperature: 0.8, top_p: 0.7, num_seeds: 16

---> Starting run: seed=0 (1/16)
Skipping run, results found in /projects/bdrx/azhang14/SoberReasoningPlus/results/temp_0.8/Qwen-Qwen3-1.7B-bfloat16-34816/0-0.8-0.7-aime24-1-128-131072-32768

---> Starting run: seed=1 (2/16)
Skipping run, results found in /projects/bdrx/azhang14/SoberReasoningPlus/results/temp_0.8/Qwen-Qwen3-1.7B-bfloat16-34816/1-0.8-0.7-aime24-1-128-131072-32768

---> Starting run: seed=2 (3/16)
Skipping run, results found in /projects/bdrx/azhang14/SoberReasoningPlus/results/temp_0.8/Qwen-Qwen3-1.7B-bfloat16-34816/2-0.8-0.7-aime24-1-128-131072-32768

---> Starting run: seed=3 (4/16)
Skipping run, results found in /projects/bdrx/azhang14/SoberReasoningPlus/results/temp_0.8/Qwen-Qwen3-1.7B-bfloat16-34816/3-0.8-0.7-aime24-1-128-131072-32768

---> Starting run: seed=4 (5/16)
Skipping run, results found in /projects/bdrx/azhang14/SoberReasoningPlus/results/temp_0.8/Qwen-Qwen3-1.7B-bfloat16-34816/4-0.8-0.7-aime24-1-128-131072-32768

---> Starting run: seed=5 (6/16)
Skipping run, results found in /projects/bdrx/azhang14/SoberReasoningPlus/results/temp_0.8/Qwen-Qwen3-1.7B-bfloat16-34816/5-0.8-0.7-aime24-1-128-131072-32768

---> Starting run: seed=6 (7/16)
Skipping run, results found in /projects/bdrx/azhang14/SoberReasoningPlus/results/temp_0.8/Qwen-Qwen3-1.7B-bfloat16-34816/6-0.8-0.7-aime24-1-128-131072-32768

---> Starting run: seed=7 (8/16)
Skipping run, results found in /projects/bdrx/azhang14/SoberReasoningPlus/results/temp_0.8/Qwen-Qwen3-1.7B-bfloat16-34816/7-0.8-0.7-aime24-1-128-131072-32768

---> Starting run: seed=8 (9/16)
Skipping run, results found in /projects/bdrx/azhang14/SoberReasoningPlus/results/temp_0.8/Qwen-Qwen3-1.7B-bfloat16-34816/8-0.8-0.7-aime24-1-128-131072-32768

---> Starting run: seed=9 (10/16)
Skipping run, results found in /projects/bdrx/azhang14/SoberReasoningPlus/results/temp_0.8/Qwen-Qwen3-1.7B-bfloat16-34816/9-0.8-0.7-aime24-1-128-131072-32768

---> Starting run: seed=10 (11/16)
Skipping run, results found in /projects/bdrx/azhang14/SoberReasoningPlus/results/temp_0.8/Qwen-Qwen3-1.7B-bfloat16-34816/10-0.8-0.7-aime24-1-128-131072-32768

---> Starting run: seed=11 (12/16)
Skipping run, results found in /projects/bdrx/azhang14/SoberReasoningPlus/results/temp_0.8/Qwen-Qwen3-1.7B-bfloat16-34816/11-0.8-0.7-aime24-1-128-131072-32768

---> Starting run: seed=12 (13/16)
Skipping run, results found in /projects/bdrx/azhang14/SoberReasoningPlus/results/temp_0.8/Qwen-Qwen3-1.7B-bfloat16-34816/12-0.8-0.7-aime24-1-128-131072-32768

---> Starting run: seed=13 (14/16)
Skipping run, results found in /projects/bdrx/azhang14/SoberReasoningPlus/results/temp_0.8/Qwen-Qwen3-1.7B-bfloat16-34816/13-0.8-0.7-aime24-1-128-131072-32768

---> Starting run: seed=14 (15/16)
Skipping run, results found in /projects/bdrx/azhang14/SoberReasoningPlus/results/temp_0.8/Qwen-Qwen3-1.7B-bfloat16-34816/14-0.8-0.7-aime24-1-128-131072-32768

---> Starting run: seed=15 (16/16)
Skipping run, results found in /projects/bdrx/azhang14/SoberReasoningPlus/results/temp_0.8/Qwen-Qwen3-1.7B-bfloat16-34816/15-0.8-0.7-aime24-1-128-131072-32768
Running evaluation for task: custom|aime25|0|0, temperature: 0.8, top_p: 0.7, num_seeds: 16

---> Starting run: seed=0 (1/16)
Skipping run, results found in /projects/bdrx/azhang14/SoberReasoningPlus/results/temp_0.8/Qwen-Qwen3-1.7B-bfloat16-34816/0-0.8-0.7-aime25-1-128-131072-32768

---> Starting run: seed=1 (2/16)
Skipping run, results found in /projects/bdrx/azhang14/SoberReasoningPlus/results/temp_0.8/Qwen-Qwen3-1.7B-bfloat16-34816/1-0.8-0.7-aime25-1-128-131072-32768

---> Starting run: seed=2 (3/16)
Skipping run, results found in /projects/bdrx/azhang14/SoberReasoningPlus/results/temp_0.8/Qwen-Qwen3-1.7B-bfloat16-34816/2-0.8-0.7-aime25-1-128-131072-32768

---> Starting run: seed=3 (4/16)
Skipping run, results found in /projects/bdrx/azhang14/SoberReasoningPlus/results/temp_0.8/Qwen-Qwen3-1.7B-bfloat16-34816/3-0.8-0.7-aime25-1-128-131072-32768

---> Starting run: seed=4 (5/16)
Skipping run, results found in /projects/bdrx/azhang14/SoberReasoningPlus/results/temp_0.8/Qwen-Qwen3-1.7B-bfloat16-34816/4-0.8-0.7-aime25-1-128-131072-32768

---> Starting run: seed=5 (6/16)
Skipping run, results found in /projects/bdrx/azhang14/SoberReasoningPlus/results/temp_0.8/Qwen-Qwen3-1.7B-bfloat16-34816/5-0.8-0.7-aime25-1-128-131072-32768

---> Starting run: seed=6 (7/16)
Skipping run, results found in /projects/bdrx/azhang14/SoberReasoningPlus/results/temp_0.8/Qwen-Qwen3-1.7B-bfloat16-34816/6-0.8-0.7-aime25-1-128-131072-32768

---> Starting run: seed=7 (8/16)
Skipping run, results found in /projects/bdrx/azhang14/SoberReasoningPlus/results/temp_0.8/Qwen-Qwen3-1.7B-bfloat16-34816/7-0.8-0.7-aime25-1-128-131072-32768

---> Starting run: seed=8 (9/16)
Skipping run, results found in /projects/bdrx/azhang14/SoberReasoningPlus/results/temp_0.8/Qwen-Qwen3-1.7B-bfloat16-34816/8-0.8-0.7-aime25-1-128-131072-32768

---> Starting run: seed=9 (10/16)
Skipping run, results found in /projects/bdrx/azhang14/SoberReasoningPlus/results/temp_0.8/Qwen-Qwen3-1.7B-bfloat16-34816/9-0.8-0.7-aime25-1-128-131072-32768

---> Starting run: seed=10 (11/16)
Skipping run, results found in /projects/bdrx/azhang14/SoberReasoningPlus/results/temp_0.8/Qwen-Qwen3-1.7B-bfloat16-34816/10-0.8-0.7-aime25-1-128-131072-32768

---> Starting run: seed=11 (12/16)
Skipping run, results found in /projects/bdrx/azhang14/SoberReasoningPlus/results/temp_0.8/Qwen-Qwen3-1.7B-bfloat16-34816/11-0.8-0.7-aime25-1-128-131072-32768

---> Starting run: seed=12 (13/16)
Skipping run, results found in /projects/bdrx/azhang14/SoberReasoningPlus/results/temp_0.8/Qwen-Qwen3-1.7B-bfloat16-34816/12-0.8-0.7-aime25-1-128-131072-32768

---> Starting run: seed=13 (14/16)
Skipping run, results found in /projects/bdrx/azhang14/SoberReasoningPlus/results/temp_0.8/Qwen-Qwen3-1.7B-bfloat16-34816/13-0.8-0.7-aime25-1-128-131072-32768

---> Starting run: seed=14 (15/16)
Skipping run, results found in /projects/bdrx/azhang14/SoberReasoningPlus/results/temp_0.8/Qwen-Qwen3-1.7B-bfloat16-34816/14-0.8-0.7-aime25-1-128-131072-32768

---> Starting run: seed=15 (16/16)
Skipping run, results found in /projects/bdrx/azhang14/SoberReasoningPlus/results/temp_0.8/Qwen-Qwen3-1.7B-bfloat16-34816/15-0.8-0.7-aime25-1-128-131072-32768
Running evaluation for task: custom|amc23|0|0, temperature: 0.8, top_p: 0.7, num_seeds: 16

---> Starting run: seed=0 (1/16)
Skipping run, results found in /projects/bdrx/azhang14/SoberReasoningPlus/results/temp_0.8/Qwen-Qwen3-1.7B-bfloat16-34816/0-0.8-0.7-amc23-1-128-131072-32768

---> Starting run: seed=1 (2/16)
Skipping run, results found in /projects/bdrx/azhang14/SoberReasoningPlus/results/temp_0.8/Qwen-Qwen3-1.7B-bfloat16-34816/1-0.8-0.7-amc23-1-128-131072-32768

---> Starting run: seed=2 (3/16)
Skipping run, results found in /projects/bdrx/azhang14/SoberReasoningPlus/results/temp_0.8/Qwen-Qwen3-1.7B-bfloat16-34816/2-0.8-0.7-amc23-1-128-131072-32768

---> Starting run: seed=3 (4/16)
Skipping run, results found in /projects/bdrx/azhang14/SoberReasoningPlus/results/temp_0.8/Qwen-Qwen3-1.7B-bfloat16-34816/3-0.8-0.7-amc23-1-128-131072-32768

---> Starting run: seed=4 (5/16)
Skipping run, results found in /projects/bdrx/azhang14/SoberReasoningPlus/results/temp_0.8/Qwen-Qwen3-1.7B-bfloat16-34816/4-0.8-0.7-amc23-1-128-131072-32768

---> Starting run: seed=5 (6/16)
Skipping run, results found in /projects/bdrx/azhang14/SoberReasoningPlus/results/temp_0.8/Qwen-Qwen3-1.7B-bfloat16-34816/5-0.8-0.7-amc23-1-128-131072-32768

---> Starting run: seed=6 (7/16)
Skipping run, results found in /projects/bdrx/azhang14/SoberReasoningPlus/results/temp_0.8/Qwen-Qwen3-1.7B-bfloat16-34816/6-0.8-0.7-amc23-1-128-131072-32768

---> Starting run: seed=7 (8/16)
Skipping run, results found in /projects/bdrx/azhang14/SoberReasoningPlus/results/temp_0.8/Qwen-Qwen3-1.7B-bfloat16-34816/7-0.8-0.7-amc23-1-128-131072-32768

---> Starting run: seed=8 (9/16)
Skipping run, results found in /projects/bdrx/azhang14/SoberReasoningPlus/results/temp_0.8/Qwen-Qwen3-1.7B-bfloat16-34816/8-0.8-0.7-amc23-1-128-131072-32768

---> Starting run: seed=9 (10/16)
Skipping run, results found in /projects/bdrx/azhang14/SoberReasoningPlus/results/temp_0.8/Qwen-Qwen3-1.7B-bfloat16-34816/9-0.8-0.7-amc23-1-128-131072-32768

---> Starting run: seed=10 (11/16)
Skipping run, results found in /projects/bdrx/azhang14/SoberReasoningPlus/results/temp_0.8/Qwen-Qwen3-1.7B-bfloat16-34816/10-0.8-0.7-amc23-1-128-131072-32768

---> Starting run: seed=11 (12/16)
Skipping run, results found in /projects/bdrx/azhang14/SoberReasoningPlus/results/temp_0.8/Qwen-Qwen3-1.7B-bfloat16-34816/11-0.8-0.7-amc23-1-128-131072-32768

---> Starting run: seed=12 (13/16)
Skipping run, results found in /projects/bdrx/azhang14/SoberReasoningPlus/results/temp_0.8/Qwen-Qwen3-1.7B-bfloat16-34816/12-0.8-0.7-amc23-1-128-131072-32768

---> Starting run: seed=13 (14/16)
Skipping run, results found in /projects/bdrx/azhang14/SoberReasoningPlus/results/temp_0.8/Qwen-Qwen3-1.7B-bfloat16-34816/13-0.8-0.7-amc23-1-128-131072-32768

---> Starting run: seed=14 (15/16)
Skipping run, results found in /projects/bdrx/azhang14/SoberReasoningPlus/results/temp_0.8/Qwen-Qwen3-1.7B-bfloat16-34816/14-0.8-0.7-amc23-1-128-131072-32768

---> Starting run: seed=15 (16/16)
Skipping run, results found in /projects/bdrx/azhang14/SoberReasoningPlus/results/temp_0.8/Qwen-Qwen3-1.7B-bfloat16-34816/15-0.8-0.7-amc23-1-128-131072-32768
Running evaluation for task: custom|math_500|0|0, temperature: 0.8, top_p: 0.7, num_seeds: 3

---> Starting run: seed=0 (1/3)
Skipping run, results found in /projects/bdrx/azhang14/SoberReasoningPlus/results/temp_0.8/Qwen-Qwen3-1.7B-bfloat16-34816/0-0.8-0.7-math_500-1-128-131072-32768

---> Starting run: seed=1 (2/3)
Skipping run, results found in /projects/bdrx/azhang14/SoberReasoningPlus/results/temp_0.8/Qwen-Qwen3-1.7B-bfloat16-34816/1-0.8-0.7-math_500-1-128-131072-32768

---> Starting run: seed=2 (3/3)
Skipping run, results found in /projects/bdrx/azhang14/SoberReasoningPlus/results/temp_0.8/Qwen-Qwen3-1.7B-bfloat16-34816/2-0.8-0.7-math_500-1-128-131072-32768
Running evaluation for task: custom|minerva|0|0, temperature: 0.8, top_p: 0.7, num_seeds: 3

---> Starting run: seed=0 (1/3)
Skipping run, results found in /projects/bdrx/azhang14/SoberReasoningPlus/results/temp_0.8/Qwen-Qwen3-1.7B-bfloat16-34816/0-0.8-0.7-minerva-1-128-131072-32768

---> Starting run: seed=1 (2/3)
Skipping run, results found in /projects/bdrx/azhang14/SoberReasoningPlus/results/temp_0.8/Qwen-Qwen3-1.7B-bfloat16-34816/1-0.8-0.7-minerva-1-128-131072-32768

---> Starting run: seed=2 (3/3)
Skipping run, results found in /projects/bdrx/azhang14/SoberReasoningPlus/results/temp_0.8/Qwen-Qwen3-1.7B-bfloat16-34816/2-0.8-0.7-minerva-1-128-131072-32768
Running evaluation for task: custom|olympiadbench|0|0, temperature: 0.8, top_p: 0.7, num_seeds: 3

---> Starting run: seed=0 (1/3)
Skipping run, results found in /projects/bdrx/azhang14/SoberReasoningPlus/results/temp_0.8/Qwen-Qwen3-1.7B-bfloat16-34816/0-0.8-0.7-olympiadbench-1-128-131072-32768

---> Starting run: seed=1 (2/3)
Skipping run, results found in /projects/bdrx/azhang14/SoberReasoningPlus/results/temp_0.8/Qwen-Qwen3-1.7B-bfloat16-34816/1-0.8-0.7-olympiadbench-1-128-131072-32768

---> Starting run: seed=2 (3/3)
Skipping run, results found in /projects/bdrx/azhang14/SoberReasoningPlus/results/temp_0.8/Qwen-Qwen3-1.7B-bfloat16-34816/2-0.8-0.7-olympiadbench-1-128-131072-32768
Total execution time: 0:01:50.376005
======================================
Running: Model=Qwen/Qwen3-1.7B, Temp=0.8, Top_P=0.8
======================================
INFO 12-07 03:08:27 [__init__.py:244] Automatically detected platform cuda.
Loading model...
INFO 12-07 03:09:23 [__init__.py:244] Automatically detected platform cuda.
Model loaded successfully.
[0.8] [0.8]
<class 'list'> <class 'list'>
Running evaluation for task: custom|aime24|0|0, temperature: 0.8, top_p: 0.8, num_seeds: 16

---> Starting run: seed=0 (1/16)
Skipping run, results found in /projects/bdrx/azhang14/SoberReasoningPlus/results/temp_0.8/Qwen-Qwen3-1.7B-bfloat16-34816/0-0.8-0.8-aime24-1-128-131072-32768

---> Starting run: seed=1 (2/16)
Skipping run, results found in /projects/bdrx/azhang14/SoberReasoningPlus/results/temp_0.8/Qwen-Qwen3-1.7B-bfloat16-34816/1-0.8-0.8-aime24-1-128-131072-32768

---> Starting run: seed=2 (3/16)
Skipping run, results found in /projects/bdrx/azhang14/SoberReasoningPlus/results/temp_0.8/Qwen-Qwen3-1.7B-bfloat16-34816/2-0.8-0.8-aime24-1-128-131072-32768

---> Starting run: seed=3 (4/16)
Skipping run, results found in /projects/bdrx/azhang14/SoberReasoningPlus/results/temp_0.8/Qwen-Qwen3-1.7B-bfloat16-34816/3-0.8-0.8-aime24-1-128-131072-32768

---> Starting run: seed=4 (5/16)
Skipping run, results found in /projects/bdrx/azhang14/SoberReasoningPlus/results/temp_0.8/Qwen-Qwen3-1.7B-bfloat16-34816/4-0.8-0.8-aime24-1-128-131072-32768

---> Starting run: seed=5 (6/16)
Skipping run, results found in /projects/bdrx/azhang14/SoberReasoningPlus/results/temp_0.8/Qwen-Qwen3-1.7B-bfloat16-34816/5-0.8-0.8-aime24-1-128-131072-32768

---> Starting run: seed=6 (7/16)
Skipping run, results found in /projects/bdrx/azhang14/SoberReasoningPlus/results/temp_0.8/Qwen-Qwen3-1.7B-bfloat16-34816/6-0.8-0.8-aime24-1-128-131072-32768

---> Starting run: seed=7 (8/16)
Skipping run, results found in /projects/bdrx/azhang14/SoberReasoningPlus/results/temp_0.8/Qwen-Qwen3-1.7B-bfloat16-34816/7-0.8-0.8-aime24-1-128-131072-32768

---> Starting run: seed=8 (9/16)
Skipping run, results found in /projects/bdrx/azhang14/SoberReasoningPlus/results/temp_0.8/Qwen-Qwen3-1.7B-bfloat16-34816/8-0.8-0.8-aime24-1-128-131072-32768

---> Starting run: seed=9 (10/16)
Skipping run, results found in /projects/bdrx/azhang14/SoberReasoningPlus/results/temp_0.8/Qwen-Qwen3-1.7B-bfloat16-34816/9-0.8-0.8-aime24-1-128-131072-32768

---> Starting run: seed=10 (11/16)
Skipping run, results found in /projects/bdrx/azhang14/SoberReasoningPlus/results/temp_0.8/Qwen-Qwen3-1.7B-bfloat16-34816/10-0.8-0.8-aime24-1-128-131072-32768

---> Starting run: seed=11 (12/16)
Skipping run, results found in /projects/bdrx/azhang14/SoberReasoningPlus/results/temp_0.8/Qwen-Qwen3-1.7B-bfloat16-34816/11-0.8-0.8-aime24-1-128-131072-32768

---> Starting run: seed=12 (13/16)
Skipping run, results found in /projects/bdrx/azhang14/SoberReasoningPlus/results/temp_0.8/Qwen-Qwen3-1.7B-bfloat16-34816/12-0.8-0.8-aime24-1-128-131072-32768

---> Starting run: seed=13 (14/16)
Skipping run, results found in /projects/bdrx/azhang14/SoberReasoningPlus/results/temp_0.8/Qwen-Qwen3-1.7B-bfloat16-34816/13-0.8-0.8-aime24-1-128-131072-32768

---> Starting run: seed=14 (15/16)
Skipping run, results found in /projects/bdrx/azhang14/SoberReasoningPlus/results/temp_0.8/Qwen-Qwen3-1.7B-bfloat16-34816/14-0.8-0.8-aime24-1-128-131072-32768

---> Starting run: seed=15 (16/16)
Skipping run, results found in /projects/bdrx/azhang14/SoberReasoningPlus/results/temp_0.8/Qwen-Qwen3-1.7B-bfloat16-34816/15-0.8-0.8-aime24-1-128-131072-32768
Running evaluation for task: custom|aime25|0|0, temperature: 0.8, top_p: 0.8, num_seeds: 16

---> Starting run: seed=0 (1/16)
Skipping run, results found in /projects/bdrx/azhang14/SoberReasoningPlus/results/temp_0.8/Qwen-Qwen3-1.7B-bfloat16-34816/0-0.8-0.8-aime25-1-128-131072-32768

---> Starting run: seed=1 (2/16)
Skipping run, results found in /projects/bdrx/azhang14/SoberReasoningPlus/results/temp_0.8/Qwen-Qwen3-1.7B-bfloat16-34816/1-0.8-0.8-aime25-1-128-131072-32768

---> Starting run: seed=2 (3/16)
Skipping run, results found in /projects/bdrx/azhang14/SoberReasoningPlus/results/temp_0.8/Qwen-Qwen3-1.7B-bfloat16-34816/2-0.8-0.8-aime25-1-128-131072-32768

---> Starting run: seed=3 (4/16)
Skipping run, results found in /projects/bdrx/azhang14/SoberReasoningPlus/results/temp_0.8/Qwen-Qwen3-1.7B-bfloat16-34816/3-0.8-0.8-aime25-1-128-131072-32768

---> Starting run: seed=4 (5/16)
Skipping run, results found in /projects/bdrx/azhang14/SoberReasoningPlus/results/temp_0.8/Qwen-Qwen3-1.7B-bfloat16-34816/4-0.8-0.8-aime25-1-128-131072-32768

---> Starting run: seed=5 (6/16)
Skipping run, results found in /projects/bdrx/azhang14/SoberReasoningPlus/results/temp_0.8/Qwen-Qwen3-1.7B-bfloat16-34816/5-0.8-0.8-aime25-1-128-131072-32768

---> Starting run: seed=6 (7/16)
Skipping run, results found in /projects/bdrx/azhang14/SoberReasoningPlus/results/temp_0.8/Qwen-Qwen3-1.7B-bfloat16-34816/6-0.8-0.8-aime25-1-128-131072-32768

---> Starting run: seed=7 (8/16)
Skipping run, results found in /projects/bdrx/azhang14/SoberReasoningPlus/results/temp_0.8/Qwen-Qwen3-1.7B-bfloat16-34816/7-0.8-0.8-aime25-1-128-131072-32768

---> Starting run: seed=8 (9/16)
Skipping run, results found in /projects/bdrx/azhang14/SoberReasoningPlus/results/temp_0.8/Qwen-Qwen3-1.7B-bfloat16-34816/8-0.8-0.8-aime25-1-128-131072-32768

---> Starting run: seed=9 (10/16)
Skipping run, results found in /projects/bdrx/azhang14/SoberReasoningPlus/results/temp_0.8/Qwen-Qwen3-1.7B-bfloat16-34816/9-0.8-0.8-aime25-1-128-131072-32768

---> Starting run: seed=10 (11/16)
Skipping run, results found in /projects/bdrx/azhang14/SoberReasoningPlus/results/temp_0.8/Qwen-Qwen3-1.7B-bfloat16-34816/10-0.8-0.8-aime25-1-128-131072-32768

---> Starting run: seed=11 (12/16)
Skipping run, results found in /projects/bdrx/azhang14/SoberReasoningPlus/results/temp_0.8/Qwen-Qwen3-1.7B-bfloat16-34816/11-0.8-0.8-aime25-1-128-131072-32768

---> Starting run: seed=12 (13/16)
Skipping run, results found in /projects/bdrx/azhang14/SoberReasoningPlus/results/temp_0.8/Qwen-Qwen3-1.7B-bfloat16-34816/12-0.8-0.8-aime25-1-128-131072-32768

---> Starting run: seed=13 (14/16)
Skipping run, results found in /projects/bdrx/azhang14/SoberReasoningPlus/results/temp_0.8/Qwen-Qwen3-1.7B-bfloat16-34816/13-0.8-0.8-aime25-1-128-131072-32768

---> Starting run: seed=14 (15/16)
Skipping run, results found in /projects/bdrx/azhang14/SoberReasoningPlus/results/temp_0.8/Qwen-Qwen3-1.7B-bfloat16-34816/14-0.8-0.8-aime25-1-128-131072-32768

---> Starting run: seed=15 (16/16)
Skipping run, results found in /projects/bdrx/azhang14/SoberReasoningPlus/results/temp_0.8/Qwen-Qwen3-1.7B-bfloat16-34816/15-0.8-0.8-aime25-1-128-131072-32768
Running evaluation for task: custom|amc23|0|0, temperature: 0.8, top_p: 0.8, num_seeds: 16

---> Starting run: seed=0 (1/16)
Skipping run, results found in /projects/bdrx/azhang14/SoberReasoningPlus/results/temp_0.8/Qwen-Qwen3-1.7B-bfloat16-34816/0-0.8-0.8-amc23-1-128-131072-32768

---> Starting run: seed=1 (2/16)
Skipping run, results found in /projects/bdrx/azhang14/SoberReasoningPlus/results/temp_0.8/Qwen-Qwen3-1.7B-bfloat16-34816/1-0.8-0.8-amc23-1-128-131072-32768

---> Starting run: seed=2 (3/16)
Skipping run, results found in /projects/bdrx/azhang14/SoberReasoningPlus/results/temp_0.8/Qwen-Qwen3-1.7B-bfloat16-34816/2-0.8-0.8-amc23-1-128-131072-32768

---> Starting run: seed=3 (4/16)
Skipping run, results found in /projects/bdrx/azhang14/SoberReasoningPlus/results/temp_0.8/Qwen-Qwen3-1.7B-bfloat16-34816/3-0.8-0.8-amc23-1-128-131072-32768

---> Starting run: seed=4 (5/16)
Skipping run, results found in /projects/bdrx/azhang14/SoberReasoningPlus/results/temp_0.8/Qwen-Qwen3-1.7B-bfloat16-34816/4-0.8-0.8-amc23-1-128-131072-32768

---> Starting run: seed=5 (6/16)
Skipping run, results found in /projects/bdrx/azhang14/SoberReasoningPlus/results/temp_0.8/Qwen-Qwen3-1.7B-bfloat16-34816/5-0.8-0.8-amc23-1-128-131072-32768

---> Starting run: seed=6 (7/16)
Skipping run, results found in /projects/bdrx/azhang14/SoberReasoningPlus/results/temp_0.8/Qwen-Qwen3-1.7B-bfloat16-34816/6-0.8-0.8-amc23-1-128-131072-32768

---> Starting run: seed=7 (8/16)
Skipping run, results found in /projects/bdrx/azhang14/SoberReasoningPlus/results/temp_0.8/Qwen-Qwen3-1.7B-bfloat16-34816/7-0.8-0.8-amc23-1-128-131072-32768

---> Starting run: seed=8 (9/16)
Skipping run, results found in /projects/bdrx/azhang14/SoberReasoningPlus/results/temp_0.8/Qwen-Qwen3-1.7B-bfloat16-34816/8-0.8-0.8-amc23-1-128-131072-32768

---> Starting run: seed=9 (10/16)
Skipping run, results found in /projects/bdrx/azhang14/SoberReasoningPlus/results/temp_0.8/Qwen-Qwen3-1.7B-bfloat16-34816/9-0.8-0.8-amc23-1-128-131072-32768

---> Starting run: seed=10 (11/16)
Skipping run, results found in /projects/bdrx/azhang14/SoberReasoningPlus/results/temp_0.8/Qwen-Qwen3-1.7B-bfloat16-34816/10-0.8-0.8-amc23-1-128-131072-32768

---> Starting run: seed=11 (12/16)
Skipping run, results found in /projects/bdrx/azhang14/SoberReasoningPlus/results/temp_0.8/Qwen-Qwen3-1.7B-bfloat16-34816/11-0.8-0.8-amc23-1-128-131072-32768

---> Starting run: seed=12 (13/16)
Skipping run, results found in /projects/bdrx/azhang14/SoberReasoningPlus/results/temp_0.8/Qwen-Qwen3-1.7B-bfloat16-34816/12-0.8-0.8-amc23-1-128-131072-32768

---> Starting run: seed=13 (14/16)
Skipping run, results found in /projects/bdrx/azhang14/SoberReasoningPlus/results/temp_0.8/Qwen-Qwen3-1.7B-bfloat16-34816/13-0.8-0.8-amc23-1-128-131072-32768

---> Starting run: seed=14 (15/16)
Skipping run, results found in /projects/bdrx/azhang14/SoberReasoningPlus/results/temp_0.8/Qwen-Qwen3-1.7B-bfloat16-34816/14-0.8-0.8-amc23-1-128-131072-32768

---> Starting run: seed=15 (16/16)
Skipping run, results found in /projects/bdrx/azhang14/SoberReasoningPlus/results/temp_0.8/Qwen-Qwen3-1.7B-bfloat16-34816/15-0.8-0.8-amc23-1-128-131072-32768
Running evaluation for task: custom|math_500|0|0, temperature: 0.8, top_p: 0.8, num_seeds: 3

---> Starting run: seed=0 (1/3)
Skipping run, results found in /projects/bdrx/azhang14/SoberReasoningPlus/results/temp_0.8/Qwen-Qwen3-1.7B-bfloat16-34816/0-0.8-0.8-math_500-1-128-131072-32768

---> Starting run: seed=1 (2/3)
Skipping run, results found in /projects/bdrx/azhang14/SoberReasoningPlus/results/temp_0.8/Qwen-Qwen3-1.7B-bfloat16-34816/1-0.8-0.8-math_500-1-128-131072-32768

---> Starting run: seed=2 (3/3)
Skipping run, results found in /projects/bdrx/azhang14/SoberReasoningPlus/results/temp_0.8/Qwen-Qwen3-1.7B-bfloat16-34816/2-0.8-0.8-math_500-1-128-131072-32768
Running evaluation for task: custom|minerva|0|0, temperature: 0.8, top_p: 0.8, num_seeds: 3

---> Starting run: seed=0 (1/3)
Skipping run, results found in /projects/bdrx/azhang14/SoberReasoningPlus/results/temp_0.8/Qwen-Qwen3-1.7B-bfloat16-34816/0-0.8-0.8-minerva-1-128-131072-32768

---> Starting run: seed=1 (2/3)
Skipping run, results found in /projects/bdrx/azhang14/SoberReasoningPlus/results/temp_0.8/Qwen-Qwen3-1.7B-bfloat16-34816/1-0.8-0.8-minerva-1-128-131072-32768

---> Starting run: seed=2 (3/3)
Skipping run, results found in /projects/bdrx/azhang14/SoberReasoningPlus/results/temp_0.8/Qwen-Qwen3-1.7B-bfloat16-34816/2-0.8-0.8-minerva-1-128-131072-32768
Running evaluation for task: custom|olympiadbench|0|0, temperature: 0.8, top_p: 0.8, num_seeds: 3

---> Starting run: seed=0 (1/3)
Skipping run, results found in /projects/bdrx/azhang14/SoberReasoningPlus/results/temp_0.8/Qwen-Qwen3-1.7B-bfloat16-34816/0-0.8-0.8-olympiadbench-1-128-131072-32768

---> Starting run: seed=1 (2/3)
Skipping run, results found in /projects/bdrx/azhang14/SoberReasoningPlus/results/temp_0.8/Qwen-Qwen3-1.7B-bfloat16-34816/1-0.8-0.8-olympiadbench-1-128-131072-32768

---> Starting run: seed=2 (3/3)
Skipping run, results found in /projects/bdrx/azhang14/SoberReasoningPlus/results/temp_0.8/Qwen-Qwen3-1.7B-bfloat16-34816/2-0.8-0.8-olympiadbench-1-128-131072-32768
Total execution time: 0:01:50.860846
======================================
Running: Model=Qwen/Qwen3-1.7B, Temp=0.8, Top_P=0.9
======================================
INFO 12-07 03:10:52 [__init__.py:244] Automatically detected platform cuda.
Loading model...
INFO 12-07 03:11:46 [__init__.py:244] Automatically detected platform cuda.
Model loaded successfully.
[0.8] [0.9]
<class 'list'> <class 'list'>
Running evaluation for task: custom|aime24|0|0, temperature: 0.8, top_p: 0.9, num_seeds: 16

---> Starting run: seed=0 (1/16)
Skipping run, results found in /projects/bdrx/azhang14/SoberReasoningPlus/results/temp_0.8/Qwen-Qwen3-1.7B-bfloat16-34816/0-0.8-0.9-aime24-1-128-131072-32768

---> Starting run: seed=1 (2/16)
Skipping run, results found in /projects/bdrx/azhang14/SoberReasoningPlus/results/temp_0.8/Qwen-Qwen3-1.7B-bfloat16-34816/1-0.8-0.9-aime24-1-128-131072-32768

---> Starting run: seed=2 (3/16)
Skipping run, results found in /projects/bdrx/azhang14/SoberReasoningPlus/results/temp_0.8/Qwen-Qwen3-1.7B-bfloat16-34816/2-0.8-0.9-aime24-1-128-131072-32768

---> Starting run: seed=3 (4/16)
Skipping run, results found in /projects/bdrx/azhang14/SoberReasoningPlus/results/temp_0.8/Qwen-Qwen3-1.7B-bfloat16-34816/3-0.8-0.9-aime24-1-128-131072-32768

---> Starting run: seed=4 (5/16)
Skipping run, results found in /projects/bdrx/azhang14/SoberReasoningPlus/results/temp_0.8/Qwen-Qwen3-1.7B-bfloat16-34816/4-0.8-0.9-aime24-1-128-131072-32768

---> Starting run: seed=5 (6/16)
Skipping run, results found in /projects/bdrx/azhang14/SoberReasoningPlus/results/temp_0.8/Qwen-Qwen3-1.7B-bfloat16-34816/5-0.8-0.9-aime24-1-128-131072-32768

---> Starting run: seed=6 (7/16)
Skipping run, results found in /projects/bdrx/azhang14/SoberReasoningPlus/results/temp_0.8/Qwen-Qwen3-1.7B-bfloat16-34816/6-0.8-0.9-aime24-1-128-131072-32768

---> Starting run: seed=7 (8/16)
Skipping run, results found in /projects/bdrx/azhang14/SoberReasoningPlus/results/temp_0.8/Qwen-Qwen3-1.7B-bfloat16-34816/7-0.8-0.9-aime24-1-128-131072-32768

---> Starting run: seed=8 (9/16)
Skipping run, results found in /projects/bdrx/azhang14/SoberReasoningPlus/results/temp_0.8/Qwen-Qwen3-1.7B-bfloat16-34816/8-0.8-0.9-aime24-1-128-131072-32768

---> Starting run: seed=9 (10/16)
Skipping run, results found in /projects/bdrx/azhang14/SoberReasoningPlus/results/temp_0.8/Qwen-Qwen3-1.7B-bfloat16-34816/9-0.8-0.9-aime24-1-128-131072-32768

---> Starting run: seed=10 (11/16)
Skipping run, results found in /projects/bdrx/azhang14/SoberReasoningPlus/results/temp_0.8/Qwen-Qwen3-1.7B-bfloat16-34816/10-0.8-0.9-aime24-1-128-131072-32768

---> Starting run: seed=11 (12/16)
Skipping run, results found in /projects/bdrx/azhang14/SoberReasoningPlus/results/temp_0.8/Qwen-Qwen3-1.7B-bfloat16-34816/11-0.8-0.9-aime24-1-128-131072-32768

---> Starting run: seed=12 (13/16)
Skipping run, results found in /projects/bdrx/azhang14/SoberReasoningPlus/results/temp_0.8/Qwen-Qwen3-1.7B-bfloat16-34816/12-0.8-0.9-aime24-1-128-131072-32768

---> Starting run: seed=13 (14/16)
Skipping run, results found in /projects/bdrx/azhang14/SoberReasoningPlus/results/temp_0.8/Qwen-Qwen3-1.7B-bfloat16-34816/13-0.8-0.9-aime24-1-128-131072-32768

---> Starting run: seed=14 (15/16)
Skipping run, results found in /projects/bdrx/azhang14/SoberReasoningPlus/results/temp_0.8/Qwen-Qwen3-1.7B-bfloat16-34816/14-0.8-0.9-aime24-1-128-131072-32768

---> Starting run: seed=15 (16/16)
Skipping run, results found in /projects/bdrx/azhang14/SoberReasoningPlus/results/temp_0.8/Qwen-Qwen3-1.7B-bfloat16-34816/15-0.8-0.9-aime24-1-128-131072-32768
Running evaluation for task: custom|aime25|0|0, temperature: 0.8, top_p: 0.9, num_seeds: 16

---> Starting run: seed=0 (1/16)
Skipping run, results found in /projects/bdrx/azhang14/SoberReasoningPlus/results/temp_0.8/Qwen-Qwen3-1.7B-bfloat16-34816/0-0.8-0.9-aime25-1-128-131072-32768

---> Starting run: seed=1 (2/16)
Skipping run, results found in /projects/bdrx/azhang14/SoberReasoningPlus/results/temp_0.8/Qwen-Qwen3-1.7B-bfloat16-34816/1-0.8-0.9-aime25-1-128-131072-32768

---> Starting run: seed=2 (3/16)
Skipping run, results found in /projects/bdrx/azhang14/SoberReasoningPlus/results/temp_0.8/Qwen-Qwen3-1.7B-bfloat16-34816/2-0.8-0.9-aime25-1-128-131072-32768

---> Starting run: seed=3 (4/16)
Skipping run, results found in /projects/bdrx/azhang14/SoberReasoningPlus/results/temp_0.8/Qwen-Qwen3-1.7B-bfloat16-34816/3-0.8-0.9-aime25-1-128-131072-32768

---> Starting run: seed=4 (5/16)
Skipping run, results found in /projects/bdrx/azhang14/SoberReasoningPlus/results/temp_0.8/Qwen-Qwen3-1.7B-bfloat16-34816/4-0.8-0.9-aime25-1-128-131072-32768

---> Starting run: seed=5 (6/16)
Skipping run, results found in /projects/bdrx/azhang14/SoberReasoningPlus/results/temp_0.8/Qwen-Qwen3-1.7B-bfloat16-34816/5-0.8-0.9-aime25-1-128-131072-32768

---> Starting run: seed=6 (7/16)
Skipping run, results found in /projects/bdrx/azhang14/SoberReasoningPlus/results/temp_0.8/Qwen-Qwen3-1.7B-bfloat16-34816/6-0.8-0.9-aime25-1-128-131072-32768

---> Starting run: seed=7 (8/16)
Skipping run, results found in /projects/bdrx/azhang14/SoberReasoningPlus/results/temp_0.8/Qwen-Qwen3-1.7B-bfloat16-34816/7-0.8-0.9-aime25-1-128-131072-32768

---> Starting run: seed=8 (9/16)
Skipping run, results found in /projects/bdrx/azhang14/SoberReasoningPlus/results/temp_0.8/Qwen-Qwen3-1.7B-bfloat16-34816/8-0.8-0.9-aime25-1-128-131072-32768

---> Starting run: seed=9 (10/16)
Skipping run, results found in /projects/bdrx/azhang14/SoberReasoningPlus/results/temp_0.8/Qwen-Qwen3-1.7B-bfloat16-34816/9-0.8-0.9-aime25-1-128-131072-32768

---> Starting run: seed=10 (11/16)
Skipping run, results found in /projects/bdrx/azhang14/SoberReasoningPlus/results/temp_0.8/Qwen-Qwen3-1.7B-bfloat16-34816/10-0.8-0.9-aime25-1-128-131072-32768

---> Starting run: seed=11 (12/16)
Skipping run, results found in /projects/bdrx/azhang14/SoberReasoningPlus/results/temp_0.8/Qwen-Qwen3-1.7B-bfloat16-34816/11-0.8-0.9-aime25-1-128-131072-32768

---> Starting run: seed=12 (13/16)
Skipping run, results found in /projects/bdrx/azhang14/SoberReasoningPlus/results/temp_0.8/Qwen-Qwen3-1.7B-bfloat16-34816/12-0.8-0.9-aime25-1-128-131072-32768

---> Starting run: seed=13 (14/16)
Skipping run, results found in /projects/bdrx/azhang14/SoberReasoningPlus/results/temp_0.8/Qwen-Qwen3-1.7B-bfloat16-34816/13-0.8-0.9-aime25-1-128-131072-32768

---> Starting run: seed=14 (15/16)
Skipping run, results found in /projects/bdrx/azhang14/SoberReasoningPlus/results/temp_0.8/Qwen-Qwen3-1.7B-bfloat16-34816/14-0.8-0.9-aime25-1-128-131072-32768

---> Starting run: seed=15 (16/16)
Skipping run, results found in /projects/bdrx/azhang14/SoberReasoningPlus/results/temp_0.8/Qwen-Qwen3-1.7B-bfloat16-34816/15-0.8-0.9-aime25-1-128-131072-32768
Running evaluation for task: custom|amc23|0|0, temperature: 0.8, top_p: 0.9, num_seeds: 16

---> Starting run: seed=0 (1/16)
Skipping run, results found in /projects/bdrx/azhang14/SoberReasoningPlus/results/temp_0.8/Qwen-Qwen3-1.7B-bfloat16-34816/0-0.8-0.9-amc23-1-128-131072-32768

---> Starting run: seed=1 (2/16)
Skipping run, results found in /projects/bdrx/azhang14/SoberReasoningPlus/results/temp_0.8/Qwen-Qwen3-1.7B-bfloat16-34816/1-0.8-0.9-amc23-1-128-131072-32768

---> Starting run: seed=2 (3/16)
Skipping run, results found in /projects/bdrx/azhang14/SoberReasoningPlus/results/temp_0.8/Qwen-Qwen3-1.7B-bfloat16-34816/2-0.8-0.9-amc23-1-128-131072-32768

---> Starting run: seed=3 (4/16)
Skipping run, results found in /projects/bdrx/azhang14/SoberReasoningPlus/results/temp_0.8/Qwen-Qwen3-1.7B-bfloat16-34816/3-0.8-0.9-amc23-1-128-131072-32768

---> Starting run: seed=4 (5/16)
Skipping run, results found in /projects/bdrx/azhang14/SoberReasoningPlus/results/temp_0.8/Qwen-Qwen3-1.7B-bfloat16-34816/4-0.8-0.9-amc23-1-128-131072-32768

---> Starting run: seed=5 (6/16)
Skipping run, results found in /projects/bdrx/azhang14/SoberReasoningPlus/results/temp_0.8/Qwen-Qwen3-1.7B-bfloat16-34816/5-0.8-0.9-amc23-1-128-131072-32768

---> Starting run: seed=6 (7/16)
Skipping run, results found in /projects/bdrx/azhang14/SoberReasoningPlus/results/temp_0.8/Qwen-Qwen3-1.7B-bfloat16-34816/6-0.8-0.9-amc23-1-128-131072-32768

---> Starting run: seed=7 (8/16)
Skipping run, results found in /projects/bdrx/azhang14/SoberReasoningPlus/results/temp_0.8/Qwen-Qwen3-1.7B-bfloat16-34816/7-0.8-0.9-amc23-1-128-131072-32768

---> Starting run: seed=8 (9/16)
Skipping run, results found in /projects/bdrx/azhang14/SoberReasoningPlus/results/temp_0.8/Qwen-Qwen3-1.7B-bfloat16-34816/8-0.8-0.9-amc23-1-128-131072-32768

---> Starting run: seed=9 (10/16)
Skipping run, results found in /projects/bdrx/azhang14/SoberReasoningPlus/results/temp_0.8/Qwen-Qwen3-1.7B-bfloat16-34816/9-0.8-0.9-amc23-1-128-131072-32768

---> Starting run: seed=10 (11/16)
Skipping run, results found in /projects/bdrx/azhang14/SoberReasoningPlus/results/temp_0.8/Qwen-Qwen3-1.7B-bfloat16-34816/10-0.8-0.9-amc23-1-128-131072-32768

---> Starting run: seed=11 (12/16)
Skipping run, results found in /projects/bdrx/azhang14/SoberReasoningPlus/results/temp_0.8/Qwen-Qwen3-1.7B-bfloat16-34816/11-0.8-0.9-amc23-1-128-131072-32768

---> Starting run: seed=12 (13/16)
Skipping run, results found in /projects/bdrx/azhang14/SoberReasoningPlus/results/temp_0.8/Qwen-Qwen3-1.7B-bfloat16-34816/12-0.8-0.9-amc23-1-128-131072-32768

---> Starting run: seed=13 (14/16)
Skipping run, results found in /projects/bdrx/azhang14/SoberReasoningPlus/results/temp_0.8/Qwen-Qwen3-1.7B-bfloat16-34816/13-0.8-0.9-amc23-1-128-131072-32768

---> Starting run: seed=14 (15/16)
Skipping run, results found in /projects/bdrx/azhang14/SoberReasoningPlus/results/temp_0.8/Qwen-Qwen3-1.7B-bfloat16-34816/14-0.8-0.9-amc23-1-128-131072-32768

---> Starting run: seed=15 (16/16)
Skipping run, results found in /projects/bdrx/azhang14/SoberReasoningPlus/results/temp_0.8/Qwen-Qwen3-1.7B-bfloat16-34816/15-0.8-0.9-amc23-1-128-131072-32768
Running evaluation for task: custom|math_500|0|0, temperature: 0.8, top_p: 0.9, num_seeds: 3

---> Starting run: seed=0 (1/3)
Skipping run, results found in /projects/bdrx/azhang14/SoberReasoningPlus/results/temp_0.8/Qwen-Qwen3-1.7B-bfloat16-34816/0-0.8-0.9-math_500-1-128-131072-32768

---> Starting run: seed=1 (2/3)
Skipping run, results found in /projects/bdrx/azhang14/SoberReasoningPlus/results/temp_0.8/Qwen-Qwen3-1.7B-bfloat16-34816/1-0.8-0.9-math_500-1-128-131072-32768

---> Starting run: seed=2 (3/3)
Skipping run, results found in /projects/bdrx/azhang14/SoberReasoningPlus/results/temp_0.8/Qwen-Qwen3-1.7B-bfloat16-34816/2-0.8-0.9-math_500-1-128-131072-32768
Running evaluation for task: custom|minerva|0|0, temperature: 0.8, top_p: 0.9, num_seeds: 3

---> Starting run: seed=0 (1/3)
Skipping run, results found in /projects/bdrx/azhang14/SoberReasoningPlus/results/temp_0.8/Qwen-Qwen3-1.7B-bfloat16-34816/0-0.8-0.9-minerva-1-128-131072-32768

---> Starting run: seed=1 (2/3)
Skipping run, results found in /projects/bdrx/azhang14/SoberReasoningPlus/results/temp_0.8/Qwen-Qwen3-1.7B-bfloat16-34816/1-0.8-0.9-minerva-1-128-131072-32768

---> Starting run: seed=2 (3/3)
Skipping run, results found in /projects/bdrx/azhang14/SoberReasoningPlus/results/temp_0.8/Qwen-Qwen3-1.7B-bfloat16-34816/2-0.8-0.9-minerva-1-128-131072-32768
Running evaluation for task: custom|olympiadbench|0|0, temperature: 0.8, top_p: 0.9, num_seeds: 3

---> Starting run: seed=0 (1/3)
Skipping run, results found in /projects/bdrx/azhang14/SoberReasoningPlus/results/temp_0.8/Qwen-Qwen3-1.7B-bfloat16-34816/0-0.8-0.9-olympiadbench-1-128-131072-32768

---> Starting run: seed=1 (2/3)
Skipping run, results found in /projects/bdrx/azhang14/SoberReasoningPlus/results/temp_0.8/Qwen-Qwen3-1.7B-bfloat16-34816/1-0.8-0.9-olympiadbench-1-128-131072-32768

---> Starting run: seed=2 (3/3)
Skipping run, results found in /projects/bdrx/azhang14/SoberReasoningPlus/results/temp_0.8/Qwen-Qwen3-1.7B-bfloat16-34816/2-0.8-0.9-olympiadbench-1-128-131072-32768
Total execution time: 0:01:49.971338
======================================
Running: Model=Qwen/Qwen3-1.7B, Temp=0.8, Top_P=0.95
======================================
INFO 12-07 03:13:17 [__init__.py:244] Automatically detected platform cuda.
Loading model...
INFO 12-07 03:14:16 [__init__.py:244] Automatically detected platform cuda.
Model loaded successfully.
[0.8] [0.95]
<class 'list'> <class 'list'>
Running evaluation for task: custom|aime24|0|0, temperature: 0.8, top_p: 0.95, num_seeds: 16

---> Starting run: seed=0 (1/16)
Skipping run, results found in /projects/bdrx/azhang14/SoberReasoningPlus/results/temp_0.8/Qwen-Qwen3-1.7B-bfloat16-34816/0-0.8-0.95-aime24-1-128-131072-32768

---> Starting run: seed=1 (2/16)
Skipping run, results found in /projects/bdrx/azhang14/SoberReasoningPlus/results/temp_0.8/Qwen-Qwen3-1.7B-bfloat16-34816/1-0.8-0.95-aime24-1-128-131072-32768

---> Starting run: seed=2 (3/16)
Skipping run, results found in /projects/bdrx/azhang14/SoberReasoningPlus/results/temp_0.8/Qwen-Qwen3-1.7B-bfloat16-34816/2-0.8-0.95-aime24-1-128-131072-32768

---> Starting run: seed=3 (4/16)
Skipping run, results found in /projects/bdrx/azhang14/SoberReasoningPlus/results/temp_0.8/Qwen-Qwen3-1.7B-bfloat16-34816/3-0.8-0.95-aime24-1-128-131072-32768

---> Starting run: seed=4 (5/16)
Skipping run, results found in /projects/bdrx/azhang14/SoberReasoningPlus/results/temp_0.8/Qwen-Qwen3-1.7B-bfloat16-34816/4-0.8-0.95-aime24-1-128-131072-32768

---> Starting run: seed=5 (6/16)
Skipping run, results found in /projects/bdrx/azhang14/SoberReasoningPlus/results/temp_0.8/Qwen-Qwen3-1.7B-bfloat16-34816/5-0.8-0.95-aime24-1-128-131072-32768

---> Starting run: seed=6 (7/16)
Skipping run, results found in /projects/bdrx/azhang14/SoberReasoningPlus/results/temp_0.8/Qwen-Qwen3-1.7B-bfloat16-34816/6-0.8-0.95-aime24-1-128-131072-32768

---> Starting run: seed=7 (8/16)
Skipping run, results found in /projects/bdrx/azhang14/SoberReasoningPlus/results/temp_0.8/Qwen-Qwen3-1.7B-bfloat16-34816/7-0.8-0.95-aime24-1-128-131072-32768

---> Starting run: seed=8 (9/16)
Skipping run, results found in /projects/bdrx/azhang14/SoberReasoningPlus/results/temp_0.8/Qwen-Qwen3-1.7B-bfloat16-34816/8-0.8-0.95-aime24-1-128-131072-32768

---> Starting run: seed=9 (10/16)
Skipping run, results found in /projects/bdrx/azhang14/SoberReasoningPlus/results/temp_0.8/Qwen-Qwen3-1.7B-bfloat16-34816/9-0.8-0.95-aime24-1-128-131072-32768

---> Starting run: seed=10 (11/16)
Skipping run, results found in /projects/bdrx/azhang14/SoberReasoningPlus/results/temp_0.8/Qwen-Qwen3-1.7B-bfloat16-34816/10-0.8-0.95-aime24-1-128-131072-32768

---> Starting run: seed=11 (12/16)
Skipping run, results found in /projects/bdrx/azhang14/SoberReasoningPlus/results/temp_0.8/Qwen-Qwen3-1.7B-bfloat16-34816/11-0.8-0.95-aime24-1-128-131072-32768

---> Starting run: seed=12 (13/16)
Skipping run, results found in /projects/bdrx/azhang14/SoberReasoningPlus/results/temp_0.8/Qwen-Qwen3-1.7B-bfloat16-34816/12-0.8-0.95-aime24-1-128-131072-32768

---> Starting run: seed=13 (14/16)
Skipping run, results found in /projects/bdrx/azhang14/SoberReasoningPlus/results/temp_0.8/Qwen-Qwen3-1.7B-bfloat16-34816/13-0.8-0.95-aime24-1-128-131072-32768

---> Starting run: seed=14 (15/16)
Skipping run, results found in /projects/bdrx/azhang14/SoberReasoningPlus/results/temp_0.8/Qwen-Qwen3-1.7B-bfloat16-34816/14-0.8-0.95-aime24-1-128-131072-32768

---> Starting run: seed=15 (16/16)
Skipping run, results found in /projects/bdrx/azhang14/SoberReasoningPlus/results/temp_0.8/Qwen-Qwen3-1.7B-bfloat16-34816/15-0.8-0.95-aime24-1-128-131072-32768
Running evaluation for task: custom|aime25|0|0, temperature: 0.8, top_p: 0.95, num_seeds: 16

---> Starting run: seed=0 (1/16)
Skipping run, results found in /projects/bdrx/azhang14/SoberReasoningPlus/results/temp_0.8/Qwen-Qwen3-1.7B-bfloat16-34816/0-0.8-0.95-aime25-1-128-131072-32768

---> Starting run: seed=1 (2/16)
Skipping run, results found in /projects/bdrx/azhang14/SoberReasoningPlus/results/temp_0.8/Qwen-Qwen3-1.7B-bfloat16-34816/1-0.8-0.95-aime25-1-128-131072-32768

---> Starting run: seed=2 (3/16)
Skipping run, results found in /projects/bdrx/azhang14/SoberReasoningPlus/results/temp_0.8/Qwen-Qwen3-1.7B-bfloat16-34816/2-0.8-0.95-aime25-1-128-131072-32768

---> Starting run: seed=3 (4/16)
Skipping run, results found in /projects/bdrx/azhang14/SoberReasoningPlus/results/temp_0.8/Qwen-Qwen3-1.7B-bfloat16-34816/3-0.8-0.95-aime25-1-128-131072-32768

---> Starting run: seed=4 (5/16)
Skipping run, results found in /projects/bdrx/azhang14/SoberReasoningPlus/results/temp_0.8/Qwen-Qwen3-1.7B-bfloat16-34816/4-0.8-0.95-aime25-1-128-131072-32768

---> Starting run: seed=5 (6/16)
Skipping run, results found in /projects/bdrx/azhang14/SoberReasoningPlus/results/temp_0.8/Qwen-Qwen3-1.7B-bfloat16-34816/5-0.8-0.95-aime25-1-128-131072-32768

---> Starting run: seed=6 (7/16)
Skipping run, results found in /projects/bdrx/azhang14/SoberReasoningPlus/results/temp_0.8/Qwen-Qwen3-1.7B-bfloat16-34816/6-0.8-0.95-aime25-1-128-131072-32768

---> Starting run: seed=7 (8/16)
Skipping run, results found in /projects/bdrx/azhang14/SoberReasoningPlus/results/temp_0.8/Qwen-Qwen3-1.7B-bfloat16-34816/7-0.8-0.95-aime25-1-128-131072-32768

---> Starting run: seed=8 (9/16)
Skipping run, results found in /projects/bdrx/azhang14/SoberReasoningPlus/results/temp_0.8/Qwen-Qwen3-1.7B-bfloat16-34816/8-0.8-0.95-aime25-1-128-131072-32768

---> Starting run: seed=9 (10/16)
Skipping run, results found in /projects/bdrx/azhang14/SoberReasoningPlus/results/temp_0.8/Qwen-Qwen3-1.7B-bfloat16-34816/9-0.8-0.95-aime25-1-128-131072-32768

---> Starting run: seed=10 (11/16)
Skipping run, results found in /projects/bdrx/azhang14/SoberReasoningPlus/results/temp_0.8/Qwen-Qwen3-1.7B-bfloat16-34816/10-0.8-0.95-aime25-1-128-131072-32768

---> Starting run: seed=11 (12/16)
Skipping run, results found in /projects/bdrx/azhang14/SoberReasoningPlus/results/temp_0.8/Qwen-Qwen3-1.7B-bfloat16-34816/11-0.8-0.95-aime25-1-128-131072-32768

---> Starting run: seed=12 (13/16)
Skipping run, results found in /projects/bdrx/azhang14/SoberReasoningPlus/results/temp_0.8/Qwen-Qwen3-1.7B-bfloat16-34816/12-0.8-0.95-aime25-1-128-131072-32768

---> Starting run: seed=13 (14/16)
Skipping run, results found in /projects/bdrx/azhang14/SoberReasoningPlus/results/temp_0.8/Qwen-Qwen3-1.7B-bfloat16-34816/13-0.8-0.95-aime25-1-128-131072-32768

---> Starting run: seed=14 (15/16)
Skipping run, results found in /projects/bdrx/azhang14/SoberReasoningPlus/results/temp_0.8/Qwen-Qwen3-1.7B-bfloat16-34816/14-0.8-0.95-aime25-1-128-131072-32768

---> Starting run: seed=15 (16/16)
Skipping run, results found in /projects/bdrx/azhang14/SoberReasoningPlus/results/temp_0.8/Qwen-Qwen3-1.7B-bfloat16-34816/15-0.8-0.95-aime25-1-128-131072-32768
Running evaluation for task: custom|amc23|0|0, temperature: 0.8, top_p: 0.95, num_seeds: 16

---> Starting run: seed=0 (1/16)
Skipping run, results found in /projects/bdrx/azhang14/SoberReasoningPlus/results/temp_0.8/Qwen-Qwen3-1.7B-bfloat16-34816/0-0.8-0.95-amc23-1-128-131072-32768

---> Starting run: seed=1 (2/16)
Skipping run, results found in /projects/bdrx/azhang14/SoberReasoningPlus/results/temp_0.8/Qwen-Qwen3-1.7B-bfloat16-34816/1-0.8-0.95-amc23-1-128-131072-32768

---> Starting run: seed=2 (3/16)
Skipping run, results found in /projects/bdrx/azhang14/SoberReasoningPlus/results/temp_0.8/Qwen-Qwen3-1.7B-bfloat16-34816/2-0.8-0.95-amc23-1-128-131072-32768

---> Starting run: seed=3 (4/16)
Skipping run, results found in /projects/bdrx/azhang14/SoberReasoningPlus/results/temp_0.8/Qwen-Qwen3-1.7B-bfloat16-34816/3-0.8-0.95-amc23-1-128-131072-32768

---> Starting run: seed=4 (5/16)
Skipping run, results found in /projects/bdrx/azhang14/SoberReasoningPlus/results/temp_0.8/Qwen-Qwen3-1.7B-bfloat16-34816/4-0.8-0.95-amc23-1-128-131072-32768

---> Starting run: seed=5 (6/16)
Skipping run, results found in /projects/bdrx/azhang14/SoberReasoningPlus/results/temp_0.8/Qwen-Qwen3-1.7B-bfloat16-34816/5-0.8-0.95-amc23-1-128-131072-32768

---> Starting run: seed=6 (7/16)
Skipping run, results found in /projects/bdrx/azhang14/SoberReasoningPlus/results/temp_0.8/Qwen-Qwen3-1.7B-bfloat16-34816/6-0.8-0.95-amc23-1-128-131072-32768

---> Starting run: seed=7 (8/16)
Skipping run, results found in /projects/bdrx/azhang14/SoberReasoningPlus/results/temp_0.8/Qwen-Qwen3-1.7B-bfloat16-34816/7-0.8-0.95-amc23-1-128-131072-32768

---> Starting run: seed=8 (9/16)
Skipping run, results found in /projects/bdrx/azhang14/SoberReasoningPlus/results/temp_0.8/Qwen-Qwen3-1.7B-bfloat16-34816/8-0.8-0.95-amc23-1-128-131072-32768

---> Starting run: seed=9 (10/16)
Skipping run, results found in /projects/bdrx/azhang14/SoberReasoningPlus/results/temp_0.8/Qwen-Qwen3-1.7B-bfloat16-34816/9-0.8-0.95-amc23-1-128-131072-32768

---> Starting run: seed=10 (11/16)
Skipping run, results found in /projects/bdrx/azhang14/SoberReasoningPlus/results/temp_0.8/Qwen-Qwen3-1.7B-bfloat16-34816/10-0.8-0.95-amc23-1-128-131072-32768

---> Starting run: seed=11 (12/16)
Skipping run, results found in /projects/bdrx/azhang14/SoberReasoningPlus/results/temp_0.8/Qwen-Qwen3-1.7B-bfloat16-34816/11-0.8-0.95-amc23-1-128-131072-32768

---> Starting run: seed=12 (13/16)
Skipping run, results found in /projects/bdrx/azhang14/SoberReasoningPlus/results/temp_0.8/Qwen-Qwen3-1.7B-bfloat16-34816/12-0.8-0.95-amc23-1-128-131072-32768

---> Starting run: seed=13 (14/16)
Skipping run, results found in /projects/bdrx/azhang14/SoberReasoningPlus/results/temp_0.8/Qwen-Qwen3-1.7B-bfloat16-34816/13-0.8-0.95-amc23-1-128-131072-32768

---> Starting run: seed=14 (15/16)
Skipping run, results found in /projects/bdrx/azhang14/SoberReasoningPlus/results/temp_0.8/Qwen-Qwen3-1.7B-bfloat16-34816/14-0.8-0.95-amc23-1-128-131072-32768

---> Starting run: seed=15 (16/16)
Skipping run, results found in /projects/bdrx/azhang14/SoberReasoningPlus/results/temp_0.8/Qwen-Qwen3-1.7B-bfloat16-34816/15-0.8-0.95-amc23-1-128-131072-32768
Running evaluation for task: custom|math_500|0|0, temperature: 0.8, top_p: 0.95, num_seeds: 3

---> Starting run: seed=0 (1/3)
Skipping run, results found in /projects/bdrx/azhang14/SoberReasoningPlus/results/temp_0.8/Qwen-Qwen3-1.7B-bfloat16-34816/0-0.8-0.95-math_500-1-128-131072-32768

---> Starting run: seed=1 (2/3)
Skipping run, results found in /projects/bdrx/azhang14/SoberReasoningPlus/results/temp_0.8/Qwen-Qwen3-1.7B-bfloat16-34816/1-0.8-0.95-math_500-1-128-131072-32768

---> Starting run: seed=2 (3/3)
Skipping run, results found in /projects/bdrx/azhang14/SoberReasoningPlus/results/temp_0.8/Qwen-Qwen3-1.7B-bfloat16-34816/2-0.8-0.95-math_500-1-128-131072-32768
Running evaluation for task: custom|minerva|0|0, temperature: 0.8, top_p: 0.95, num_seeds: 3

---> Starting run: seed=0 (1/3)
Skipping run, results found in /projects/bdrx/azhang14/SoberReasoningPlus/results/temp_0.8/Qwen-Qwen3-1.7B-bfloat16-34816/0-0.8-0.95-minerva-1-128-131072-32768

---> Starting run: seed=1 (2/3)
Skipping run, results found in /projects/bdrx/azhang14/SoberReasoningPlus/results/temp_0.8/Qwen-Qwen3-1.7B-bfloat16-34816/1-0.8-0.95-minerva-1-128-131072-32768

---> Starting run: seed=2 (3/3)
Skipping run, results found in /projects/bdrx/azhang14/SoberReasoningPlus/results/temp_0.8/Qwen-Qwen3-1.7B-bfloat16-34816/2-0.8-0.95-minerva-1-128-131072-32768
Running evaluation for task: custom|olympiadbench|0|0, temperature: 0.8, top_p: 0.95, num_seeds: 3

---> Starting run: seed=0 (1/3)
Skipping run, results found in /projects/bdrx/azhang14/SoberReasoningPlus/results/temp_0.8/Qwen-Qwen3-1.7B-bfloat16-34816/0-0.8-0.95-olympiadbench-1-128-131072-32768

---> Starting run: seed=1 (2/3)
Skipping run, results found in /projects/bdrx/azhang14/SoberReasoningPlus/results/temp_0.8/Qwen-Qwen3-1.7B-bfloat16-34816/1-0.8-0.95-olympiadbench-1-128-131072-32768

---> Starting run: seed=2 (3/3)
Skipping run, results found in /projects/bdrx/azhang14/SoberReasoningPlus/results/temp_0.8/Qwen-Qwen3-1.7B-bfloat16-34816/2-0.8-0.95-olympiadbench-1-128-131072-32768
Total execution time: 0:01:54.000840
======================================
Running: Model=Qwen/Qwen3-1.7B, Temp=0.8, Top_P=1.0
======================================
INFO 12-07 03:15:47 [__init__.py:244] Automatically detected platform cuda.
Loading model...
INFO 12-07 03:16:44 [__init__.py:244] Automatically detected platform cuda.
Model loaded successfully.
[0.8] [1.0]
<class 'list'> <class 'list'>
Running evaluation for task: custom|aime24|0|0, temperature: 0.8, top_p: 1.0, num_seeds: 16

---> Starting run: seed=0 (1/16)
Skipping run, results found in /projects/bdrx/azhang14/SoberReasoningPlus/results/temp_0.8/Qwen-Qwen3-1.7B-bfloat16-34816/0-0.8-1.0-aime24-1-128-131072-32768

---> Starting run: seed=1 (2/16)
Skipping run, results found in /projects/bdrx/azhang14/SoberReasoningPlus/results/temp_0.8/Qwen-Qwen3-1.7B-bfloat16-34816/1-0.8-1.0-aime24-1-128-131072-32768

---> Starting run: seed=2 (3/16)
Skipping run, results found in /projects/bdrx/azhang14/SoberReasoningPlus/results/temp_0.8/Qwen-Qwen3-1.7B-bfloat16-34816/2-0.8-1.0-aime24-1-128-131072-32768

---> Starting run: seed=3 (4/16)
Skipping run, results found in /projects/bdrx/azhang14/SoberReasoningPlus/results/temp_0.8/Qwen-Qwen3-1.7B-bfloat16-34816/3-0.8-1.0-aime24-1-128-131072-32768

---> Starting run: seed=4 (5/16)
Skipping run, results found in /projects/bdrx/azhang14/SoberReasoningPlus/results/temp_0.8/Qwen-Qwen3-1.7B-bfloat16-34816/4-0.8-1.0-aime24-1-128-131072-32768

---> Starting run: seed=5 (6/16)
Skipping run, results found in /projects/bdrx/azhang14/SoberReasoningPlus/results/temp_0.8/Qwen-Qwen3-1.7B-bfloat16-34816/5-0.8-1.0-aime24-1-128-131072-32768

---> Starting run: seed=6 (7/16)
Skipping run, results found in /projects/bdrx/azhang14/SoberReasoningPlus/results/temp_0.8/Qwen-Qwen3-1.7B-bfloat16-34816/6-0.8-1.0-aime24-1-128-131072-32768

---> Starting run: seed=7 (8/16)
Skipping run, results found in /projects/bdrx/azhang14/SoberReasoningPlus/results/temp_0.8/Qwen-Qwen3-1.7B-bfloat16-34816/7-0.8-1.0-aime24-1-128-131072-32768

---> Starting run: seed=8 (9/16)
Skipping run, results found in /projects/bdrx/azhang14/SoberReasoningPlus/results/temp_0.8/Qwen-Qwen3-1.7B-bfloat16-34816/8-0.8-1.0-aime24-1-128-131072-32768

---> Starting run: seed=9 (10/16)
Skipping run, results found in /projects/bdrx/azhang14/SoberReasoningPlus/results/temp_0.8/Qwen-Qwen3-1.7B-bfloat16-34816/9-0.8-1.0-aime24-1-128-131072-32768

---> Starting run: seed=10 (11/16)
Skipping run, results found in /projects/bdrx/azhang14/SoberReasoningPlus/results/temp_0.8/Qwen-Qwen3-1.7B-bfloat16-34816/10-0.8-1.0-aime24-1-128-131072-32768

---> Starting run: seed=11 (12/16)
Skipping run, results found in /projects/bdrx/azhang14/SoberReasoningPlus/results/temp_0.8/Qwen-Qwen3-1.7B-bfloat16-34816/11-0.8-1.0-aime24-1-128-131072-32768

---> Starting run: seed=12 (13/16)
Skipping run, results found in /projects/bdrx/azhang14/SoberReasoningPlus/results/temp_0.8/Qwen-Qwen3-1.7B-bfloat16-34816/12-0.8-1.0-aime24-1-128-131072-32768

---> Starting run: seed=13 (14/16)
Skipping run, results found in /projects/bdrx/azhang14/SoberReasoningPlus/results/temp_0.8/Qwen-Qwen3-1.7B-bfloat16-34816/13-0.8-1.0-aime24-1-128-131072-32768

---> Starting run: seed=14 (15/16)
Skipping run, results found in /projects/bdrx/azhang14/SoberReasoningPlus/results/temp_0.8/Qwen-Qwen3-1.7B-bfloat16-34816/14-0.8-1.0-aime24-1-128-131072-32768

---> Starting run: seed=15 (16/16)
Skipping run, results found in /projects/bdrx/azhang14/SoberReasoningPlus/results/temp_0.8/Qwen-Qwen3-1.7B-bfloat16-34816/15-0.8-1.0-aime24-1-128-131072-32768
Running evaluation for task: custom|aime25|0|0, temperature: 0.8, top_p: 1.0, num_seeds: 16

---> Starting run: seed=0 (1/16)
Skipping run, results found in /projects/bdrx/azhang14/SoberReasoningPlus/results/temp_0.8/Qwen-Qwen3-1.7B-bfloat16-34816/0-0.8-1.0-aime25-1-128-131072-32768

---> Starting run: seed=1 (2/16)
Skipping run, results found in /projects/bdrx/azhang14/SoberReasoningPlus/results/temp_0.8/Qwen-Qwen3-1.7B-bfloat16-34816/1-0.8-1.0-aime25-1-128-131072-32768

---> Starting run: seed=2 (3/16)
Skipping run, results found in /projects/bdrx/azhang14/SoberReasoningPlus/results/temp_0.8/Qwen-Qwen3-1.7B-bfloat16-34816/2-0.8-1.0-aime25-1-128-131072-32768

---> Starting run: seed=3 (4/16)
Skipping run, results found in /projects/bdrx/azhang14/SoberReasoningPlus/results/temp_0.8/Qwen-Qwen3-1.7B-bfloat16-34816/3-0.8-1.0-aime25-1-128-131072-32768

---> Starting run: seed=4 (5/16)
Skipping run, results found in /projects/bdrx/azhang14/SoberReasoningPlus/results/temp_0.8/Qwen-Qwen3-1.7B-bfloat16-34816/4-0.8-1.0-aime25-1-128-131072-32768

---> Starting run: seed=5 (6/16)
Skipping run, results found in /projects/bdrx/azhang14/SoberReasoningPlus/results/temp_0.8/Qwen-Qwen3-1.7B-bfloat16-34816/5-0.8-1.0-aime25-1-128-131072-32768

---> Starting run: seed=6 (7/16)
Skipping run, results found in /projects/bdrx/azhang14/SoberReasoningPlus/results/temp_0.8/Qwen-Qwen3-1.7B-bfloat16-34816/6-0.8-1.0-aime25-1-128-131072-32768

---> Starting run: seed=7 (8/16)
Skipping run, results found in /projects/bdrx/azhang14/SoberReasoningPlus/results/temp_0.8/Qwen-Qwen3-1.7B-bfloat16-34816/7-0.8-1.0-aime25-1-128-131072-32768

---> Starting run: seed=8 (9/16)
Skipping run, results found in /projects/bdrx/azhang14/SoberReasoningPlus/results/temp_0.8/Qwen-Qwen3-1.7B-bfloat16-34816/8-0.8-1.0-aime25-1-128-131072-32768

---> Starting run: seed=9 (10/16)
Skipping run, results found in /projects/bdrx/azhang14/SoberReasoningPlus/results/temp_0.8/Qwen-Qwen3-1.7B-bfloat16-34816/9-0.8-1.0-aime25-1-128-131072-32768

---> Starting run: seed=10 (11/16)
Skipping run, results found in /projects/bdrx/azhang14/SoberReasoningPlus/results/temp_0.8/Qwen-Qwen3-1.7B-bfloat16-34816/10-0.8-1.0-aime25-1-128-131072-32768

---> Starting run: seed=11 (12/16)
Skipping run, results found in /projects/bdrx/azhang14/SoberReasoningPlus/results/temp_0.8/Qwen-Qwen3-1.7B-bfloat16-34816/11-0.8-1.0-aime25-1-128-131072-32768

---> Starting run: seed=12 (13/16)
Skipping run, results found in /projects/bdrx/azhang14/SoberReasoningPlus/results/temp_0.8/Qwen-Qwen3-1.7B-bfloat16-34816/12-0.8-1.0-aime25-1-128-131072-32768

---> Starting run: seed=13 (14/16)
Skipping run, results found in /projects/bdrx/azhang14/SoberReasoningPlus/results/temp_0.8/Qwen-Qwen3-1.7B-bfloat16-34816/13-0.8-1.0-aime25-1-128-131072-32768

---> Starting run: seed=14 (15/16)
Skipping run, results found in /projects/bdrx/azhang14/SoberReasoningPlus/results/temp_0.8/Qwen-Qwen3-1.7B-bfloat16-34816/14-0.8-1.0-aime25-1-128-131072-32768

---> Starting run: seed=15 (16/16)
Skipping run, results found in /projects/bdrx/azhang14/SoberReasoningPlus/results/temp_0.8/Qwen-Qwen3-1.7B-bfloat16-34816/15-0.8-1.0-aime25-1-128-131072-32768
Running evaluation for task: custom|amc23|0|0, temperature: 0.8, top_p: 1.0, num_seeds: 16

---> Starting run: seed=0 (1/16)
Skipping run, results found in /projects/bdrx/azhang14/SoberReasoningPlus/results/temp_0.8/Qwen-Qwen3-1.7B-bfloat16-34816/0-0.8-1.0-amc23-1-128-131072-32768

---> Starting run: seed=1 (2/16)
Skipping run, results found in /projects/bdrx/azhang14/SoberReasoningPlus/results/temp_0.8/Qwen-Qwen3-1.7B-bfloat16-34816/1-0.8-1.0-amc23-1-128-131072-32768

---> Starting run: seed=2 (3/16)
Skipping run, results found in /projects/bdrx/azhang14/SoberReasoningPlus/results/temp_0.8/Qwen-Qwen3-1.7B-bfloat16-34816/2-0.8-1.0-amc23-1-128-131072-32768

---> Starting run: seed=3 (4/16)
Skipping run, results found in /projects/bdrx/azhang14/SoberReasoningPlus/results/temp_0.8/Qwen-Qwen3-1.7B-bfloat16-34816/3-0.8-1.0-amc23-1-128-131072-32768

---> Starting run: seed=4 (5/16)
Skipping run, results found in /projects/bdrx/azhang14/SoberReasoningPlus/results/temp_0.8/Qwen-Qwen3-1.7B-bfloat16-34816/4-0.8-1.0-amc23-1-128-131072-32768

---> Starting run: seed=5 (6/16)
Skipping run, results found in /projects/bdrx/azhang14/SoberReasoningPlus/results/temp_0.8/Qwen-Qwen3-1.7B-bfloat16-34816/5-0.8-1.0-amc23-1-128-131072-32768

---> Starting run: seed=6 (7/16)
Skipping run, results found in /projects/bdrx/azhang14/SoberReasoningPlus/results/temp_0.8/Qwen-Qwen3-1.7B-bfloat16-34816/6-0.8-1.0-amc23-1-128-131072-32768

---> Starting run: seed=7 (8/16)
Skipping run, results found in /projects/bdrx/azhang14/SoberReasoningPlus/results/temp_0.8/Qwen-Qwen3-1.7B-bfloat16-34816/7-0.8-1.0-amc23-1-128-131072-32768

---> Starting run: seed=8 (9/16)
Skipping run, results found in /projects/bdrx/azhang14/SoberReasoningPlus/results/temp_0.8/Qwen-Qwen3-1.7B-bfloat16-34816/8-0.8-1.0-amc23-1-128-131072-32768

---> Starting run: seed=9 (10/16)
Skipping run, results found in /projects/bdrx/azhang14/SoberReasoningPlus/results/temp_0.8/Qwen-Qwen3-1.7B-bfloat16-34816/9-0.8-1.0-amc23-1-128-131072-32768

---> Starting run: seed=10 (11/16)
Skipping run, results found in /projects/bdrx/azhang14/SoberReasoningPlus/results/temp_0.8/Qwen-Qwen3-1.7B-bfloat16-34816/10-0.8-1.0-amc23-1-128-131072-32768

---> Starting run: seed=11 (12/16)
Skipping run, results found in /projects/bdrx/azhang14/SoberReasoningPlus/results/temp_0.8/Qwen-Qwen3-1.7B-bfloat16-34816/11-0.8-1.0-amc23-1-128-131072-32768

---> Starting run: seed=12 (13/16)
Skipping run, results found in /projects/bdrx/azhang14/SoberReasoningPlus/results/temp_0.8/Qwen-Qwen3-1.7B-bfloat16-34816/12-0.8-1.0-amc23-1-128-131072-32768

---> Starting run: seed=13 (14/16)
Skipping run, results found in /projects/bdrx/azhang14/SoberReasoningPlus/results/temp_0.8/Qwen-Qwen3-1.7B-bfloat16-34816/13-0.8-1.0-amc23-1-128-131072-32768

---> Starting run: seed=14 (15/16)
Skipping run, results found in /projects/bdrx/azhang14/SoberReasoningPlus/results/temp_0.8/Qwen-Qwen3-1.7B-bfloat16-34816/14-0.8-1.0-amc23-1-128-131072-32768

---> Starting run: seed=15 (16/16)
Skipping run, results found in /projects/bdrx/azhang14/SoberReasoningPlus/results/temp_0.8/Qwen-Qwen3-1.7B-bfloat16-34816/15-0.8-1.0-amc23-1-128-131072-32768
Running evaluation for task: custom|math_500|0|0, temperature: 0.8, top_p: 1.0, num_seeds: 3

---> Starting run: seed=0 (1/3)
Skipping run, results found in /projects/bdrx/azhang14/SoberReasoningPlus/results/temp_0.8/Qwen-Qwen3-1.7B-bfloat16-34816/0-0.8-1.0-math_500-1-128-131072-32768

---> Starting run: seed=1 (2/3)
Skipping run, results found in /projects/bdrx/azhang14/SoberReasoningPlus/results/temp_0.8/Qwen-Qwen3-1.7B-bfloat16-34816/1-0.8-1.0-math_500-1-128-131072-32768

---> Starting run: seed=2 (3/3)
Skipping run, results found in /projects/bdrx/azhang14/SoberReasoningPlus/results/temp_0.8/Qwen-Qwen3-1.7B-bfloat16-34816/2-0.8-1.0-math_500-1-128-131072-32768
Running evaluation for task: custom|minerva|0|0, temperature: 0.8, top_p: 1.0, num_seeds: 3

---> Starting run: seed=0 (1/3)
Skipping run, results found in /projects/bdrx/azhang14/SoberReasoningPlus/results/temp_0.8/Qwen-Qwen3-1.7B-bfloat16-34816/0-0.8-1.0-minerva-1-128-131072-32768

---> Starting run: seed=1 (2/3)
Skipping run, results found in /projects/bdrx/azhang14/SoberReasoningPlus/results/temp_0.8/Qwen-Qwen3-1.7B-bfloat16-34816/1-0.8-1.0-minerva-1-128-131072-32768

---> Starting run: seed=2 (3/3)
Skipping run, results found in /projects/bdrx/azhang14/SoberReasoningPlus/results/temp_0.8/Qwen-Qwen3-1.7B-bfloat16-34816/2-0.8-1.0-minerva-1-128-131072-32768
Running evaluation for task: custom|olympiadbench|0|0, temperature: 0.8, top_p: 1.0, num_seeds: 3

---> Starting run: seed=0 (1/3)
Skipping run, results found in /projects/bdrx/azhang14/SoberReasoningPlus/results/temp_0.8/Qwen-Qwen3-1.7B-bfloat16-34816/0-0.8-1.0-olympiadbench-1-128-131072-32768

---> Starting run: seed=1 (2/3)
Skipping run, results found in /projects/bdrx/azhang14/SoberReasoningPlus/results/temp_0.8/Qwen-Qwen3-1.7B-bfloat16-34816/1-0.8-1.0-olympiadbench-1-128-131072-32768

---> Starting run: seed=2 (3/3)
Skipping run, results found in /projects/bdrx/azhang14/SoberReasoningPlus/results/temp_0.8/Qwen-Qwen3-1.7B-bfloat16-34816/2-0.8-1.0-olympiadbench-1-128-131072-32768
Total execution time: 0:01:52.512388
======================================
Running: Model=Qwen/Qwen3-1.7B, Temp=1.0, Top_P=0.7
======================================
INFO 12-07 03:18:14 [__init__.py:244] Automatically detected platform cuda.
Loading model...
INFO 12-07 03:19:12 [__init__.py:244] Automatically detected platform cuda.
Model loaded successfully.
[1.0] [0.7]
<class 'list'> <class 'list'>
Running evaluation for task: custom|aime24|0|0, temperature: 1.0, top_p: 0.7, num_seeds: 16

---> Starting run: seed=0 (1/16)
Skipping run, results found in /projects/bdrx/azhang14/SoberReasoningPlus/results/temp_1.0/Qwen-Qwen3-1.7B-bfloat16-34816/0-1.0-0.7-aime24-1-128-131072-32768

---> Starting run: seed=1 (2/16)
Skipping run, results found in /projects/bdrx/azhang14/SoberReasoningPlus/results/temp_1.0/Qwen-Qwen3-1.7B-bfloat16-34816/1-1.0-0.7-aime24-1-128-131072-32768

---> Starting run: seed=2 (3/16)
Skipping run, results found in /projects/bdrx/azhang14/SoberReasoningPlus/results/temp_1.0/Qwen-Qwen3-1.7B-bfloat16-34816/2-1.0-0.7-aime24-1-128-131072-32768

---> Starting run: seed=3 (4/16)
Skipping run, results found in /projects/bdrx/azhang14/SoberReasoningPlus/results/temp_1.0/Qwen-Qwen3-1.7B-bfloat16-34816/3-1.0-0.7-aime24-1-128-131072-32768

---> Starting run: seed=4 (5/16)
Skipping run, results found in /projects/bdrx/azhang14/SoberReasoningPlus/results/temp_1.0/Qwen-Qwen3-1.7B-bfloat16-34816/4-1.0-0.7-aime24-1-128-131072-32768

---> Starting run: seed=5 (6/16)
Skipping run, results found in /projects/bdrx/azhang14/SoberReasoningPlus/results/temp_1.0/Qwen-Qwen3-1.7B-bfloat16-34816/5-1.0-0.7-aime24-1-128-131072-32768

---> Starting run: seed=6 (7/16)
Skipping run, results found in /projects/bdrx/azhang14/SoberReasoningPlus/results/temp_1.0/Qwen-Qwen3-1.7B-bfloat16-34816/6-1.0-0.7-aime24-1-128-131072-32768

---> Starting run: seed=7 (8/16)
Skipping run, results found in /projects/bdrx/azhang14/SoberReasoningPlus/results/temp_1.0/Qwen-Qwen3-1.7B-bfloat16-34816/7-1.0-0.7-aime24-1-128-131072-32768

---> Starting run: seed=8 (9/16)
Skipping run, results found in /projects/bdrx/azhang14/SoberReasoningPlus/results/temp_1.0/Qwen-Qwen3-1.7B-bfloat16-34816/8-1.0-0.7-aime24-1-128-131072-32768

---> Starting run: seed=9 (10/16)
Skipping run, results found in /projects/bdrx/azhang14/SoberReasoningPlus/results/temp_1.0/Qwen-Qwen3-1.7B-bfloat16-34816/9-1.0-0.7-aime24-1-128-131072-32768

---> Starting run: seed=10 (11/16)
Skipping run, results found in /projects/bdrx/azhang14/SoberReasoningPlus/results/temp_1.0/Qwen-Qwen3-1.7B-bfloat16-34816/10-1.0-0.7-aime24-1-128-131072-32768

---> Starting run: seed=11 (12/16)
Skipping run, results found in /projects/bdrx/azhang14/SoberReasoningPlus/results/temp_1.0/Qwen-Qwen3-1.7B-bfloat16-34816/11-1.0-0.7-aime24-1-128-131072-32768

---> Starting run: seed=12 (13/16)
Skipping run, results found in /projects/bdrx/azhang14/SoberReasoningPlus/results/temp_1.0/Qwen-Qwen3-1.7B-bfloat16-34816/12-1.0-0.7-aime24-1-128-131072-32768

---> Starting run: seed=13 (14/16)
Skipping run, results found in /projects/bdrx/azhang14/SoberReasoningPlus/results/temp_1.0/Qwen-Qwen3-1.7B-bfloat16-34816/13-1.0-0.7-aime24-1-128-131072-32768

---> Starting run: seed=14 (15/16)
Skipping run, results found in /projects/bdrx/azhang14/SoberReasoningPlus/results/temp_1.0/Qwen-Qwen3-1.7B-bfloat16-34816/14-1.0-0.7-aime24-1-128-131072-32768

---> Starting run: seed=15 (16/16)
Skipping run, results found in /projects/bdrx/azhang14/SoberReasoningPlus/results/temp_1.0/Qwen-Qwen3-1.7B-bfloat16-34816/15-1.0-0.7-aime24-1-128-131072-32768
Running evaluation for task: custom|aime25|0|0, temperature: 1.0, top_p: 0.7, num_seeds: 16

---> Starting run: seed=0 (1/16)
Skipping run, results found in /projects/bdrx/azhang14/SoberReasoningPlus/results/temp_1.0/Qwen-Qwen3-1.7B-bfloat16-34816/0-1.0-0.7-aime25-1-128-131072-32768

---> Starting run: seed=1 (2/16)
Skipping run, results found in /projects/bdrx/azhang14/SoberReasoningPlus/results/temp_1.0/Qwen-Qwen3-1.7B-bfloat16-34816/1-1.0-0.7-aime25-1-128-131072-32768

---> Starting run: seed=2 (3/16)
Skipping run, results found in /projects/bdrx/azhang14/SoberReasoningPlus/results/temp_1.0/Qwen-Qwen3-1.7B-bfloat16-34816/2-1.0-0.7-aime25-1-128-131072-32768

---> Starting run: seed=3 (4/16)
Skipping run, results found in /projects/bdrx/azhang14/SoberReasoningPlus/results/temp_1.0/Qwen-Qwen3-1.7B-bfloat16-34816/3-1.0-0.7-aime25-1-128-131072-32768

---> Starting run: seed=4 (5/16)
Skipping run, results found in /projects/bdrx/azhang14/SoberReasoningPlus/results/temp_1.0/Qwen-Qwen3-1.7B-bfloat16-34816/4-1.0-0.7-aime25-1-128-131072-32768

---> Starting run: seed=5 (6/16)
Skipping run, results found in /projects/bdrx/azhang14/SoberReasoningPlus/results/temp_1.0/Qwen-Qwen3-1.7B-bfloat16-34816/5-1.0-0.7-aime25-1-128-131072-32768

---> Starting run: seed=6 (7/16)
Skipping run, results found in /projects/bdrx/azhang14/SoberReasoningPlus/results/temp_1.0/Qwen-Qwen3-1.7B-bfloat16-34816/6-1.0-0.7-aime25-1-128-131072-32768

---> Starting run: seed=7 (8/16)
Skipping run, results found in /projects/bdrx/azhang14/SoberReasoningPlus/results/temp_1.0/Qwen-Qwen3-1.7B-bfloat16-34816/7-1.0-0.7-aime25-1-128-131072-32768

---> Starting run: seed=8 (9/16)
Skipping run, results found in /projects/bdrx/azhang14/SoberReasoningPlus/results/temp_1.0/Qwen-Qwen3-1.7B-bfloat16-34816/8-1.0-0.7-aime25-1-128-131072-32768

---> Starting run: seed=9 (10/16)
Skipping run, results found in /projects/bdrx/azhang14/SoberReasoningPlus/results/temp_1.0/Qwen-Qwen3-1.7B-bfloat16-34816/9-1.0-0.7-aime25-1-128-131072-32768

---> Starting run: seed=10 (11/16)
Skipping run, results found in /projects/bdrx/azhang14/SoberReasoningPlus/results/temp_1.0/Qwen-Qwen3-1.7B-bfloat16-34816/10-1.0-0.7-aime25-1-128-131072-32768

---> Starting run: seed=11 (12/16)
Skipping run, results found in /projects/bdrx/azhang14/SoberReasoningPlus/results/temp_1.0/Qwen-Qwen3-1.7B-bfloat16-34816/11-1.0-0.7-aime25-1-128-131072-32768

---> Starting run: seed=12 (13/16)
Skipping run, results found in /projects/bdrx/azhang14/SoberReasoningPlus/results/temp_1.0/Qwen-Qwen3-1.7B-bfloat16-34816/12-1.0-0.7-aime25-1-128-131072-32768

---> Starting run: seed=13 (14/16)
Skipping run, results found in /projects/bdrx/azhang14/SoberReasoningPlus/results/temp_1.0/Qwen-Qwen3-1.7B-bfloat16-34816/13-1.0-0.7-aime25-1-128-131072-32768

---> Starting run: seed=14 (15/16)
Skipping run, results found in /projects/bdrx/azhang14/SoberReasoningPlus/results/temp_1.0/Qwen-Qwen3-1.7B-bfloat16-34816/14-1.0-0.7-aime25-1-128-131072-32768

---> Starting run: seed=15 (16/16)
Skipping run, results found in /projects/bdrx/azhang14/SoberReasoningPlus/results/temp_1.0/Qwen-Qwen3-1.7B-bfloat16-34816/15-1.0-0.7-aime25-1-128-131072-32768
Running evaluation for task: custom|amc23|0|0, temperature: 1.0, top_p: 0.7, num_seeds: 16

---> Starting run: seed=0 (1/16)
Skipping run, results found in /projects/bdrx/azhang14/SoberReasoningPlus/results/temp_1.0/Qwen-Qwen3-1.7B-bfloat16-34816/0-1.0-0.7-amc23-1-128-131072-32768

---> Starting run: seed=1 (2/16)
Skipping run, results found in /projects/bdrx/azhang14/SoberReasoningPlus/results/temp_1.0/Qwen-Qwen3-1.7B-bfloat16-34816/1-1.0-0.7-amc23-1-128-131072-32768

---> Starting run: seed=2 (3/16)
Skipping run, results found in /projects/bdrx/azhang14/SoberReasoningPlus/results/temp_1.0/Qwen-Qwen3-1.7B-bfloat16-34816/2-1.0-0.7-amc23-1-128-131072-32768

---> Starting run: seed=3 (4/16)
Skipping run, results found in /projects/bdrx/azhang14/SoberReasoningPlus/results/temp_1.0/Qwen-Qwen3-1.7B-bfloat16-34816/3-1.0-0.7-amc23-1-128-131072-32768

---> Starting run: seed=4 (5/16)
Skipping run, results found in /projects/bdrx/azhang14/SoberReasoningPlus/results/temp_1.0/Qwen-Qwen3-1.7B-bfloat16-34816/4-1.0-0.7-amc23-1-128-131072-32768

---> Starting run: seed=5 (6/16)
Skipping run, results found in /projects/bdrx/azhang14/SoberReasoningPlus/results/temp_1.0/Qwen-Qwen3-1.7B-bfloat16-34816/5-1.0-0.7-amc23-1-128-131072-32768

---> Starting run: seed=6 (7/16)
Skipping run, results found in /projects/bdrx/azhang14/SoberReasoningPlus/results/temp_1.0/Qwen-Qwen3-1.7B-bfloat16-34816/6-1.0-0.7-amc23-1-128-131072-32768

---> Starting run: seed=7 (8/16)
Skipping run, results found in /projects/bdrx/azhang14/SoberReasoningPlus/results/temp_1.0/Qwen-Qwen3-1.7B-bfloat16-34816/7-1.0-0.7-amc23-1-128-131072-32768

---> Starting run: seed=8 (9/16)
Skipping run, results found in /projects/bdrx/azhang14/SoberReasoningPlus/results/temp_1.0/Qwen-Qwen3-1.7B-bfloat16-34816/8-1.0-0.7-amc23-1-128-131072-32768

---> Starting run: seed=9 (10/16)
Skipping run, results found in /projects/bdrx/azhang14/SoberReasoningPlus/results/temp_1.0/Qwen-Qwen3-1.7B-bfloat16-34816/9-1.0-0.7-amc23-1-128-131072-32768

---> Starting run: seed=10 (11/16)
Skipping run, results found in /projects/bdrx/azhang14/SoberReasoningPlus/results/temp_1.0/Qwen-Qwen3-1.7B-bfloat16-34816/10-1.0-0.7-amc23-1-128-131072-32768

---> Starting run: seed=11 (12/16)
Skipping run, results found in /projects/bdrx/azhang14/SoberReasoningPlus/results/temp_1.0/Qwen-Qwen3-1.7B-bfloat16-34816/11-1.0-0.7-amc23-1-128-131072-32768

---> Starting run: seed=12 (13/16)
Skipping run, results found in /projects/bdrx/azhang14/SoberReasoningPlus/results/temp_1.0/Qwen-Qwen3-1.7B-bfloat16-34816/12-1.0-0.7-amc23-1-128-131072-32768

---> Starting run: seed=13 (14/16)
Skipping run, results found in /projects/bdrx/azhang14/SoberReasoningPlus/results/temp_1.0/Qwen-Qwen3-1.7B-bfloat16-34816/13-1.0-0.7-amc23-1-128-131072-32768

---> Starting run: seed=14 (15/16)
Skipping run, results found in /projects/bdrx/azhang14/SoberReasoningPlus/results/temp_1.0/Qwen-Qwen3-1.7B-bfloat16-34816/14-1.0-0.7-amc23-1-128-131072-32768

---> Starting run: seed=15 (16/16)
Skipping run, results found in /projects/bdrx/azhang14/SoberReasoningPlus/results/temp_1.0/Qwen-Qwen3-1.7B-bfloat16-34816/15-1.0-0.7-amc23-1-128-131072-32768
Running evaluation for task: custom|math_500|0|0, temperature: 1.0, top_p: 0.7, num_seeds: 3

---> Starting run: seed=0 (1/3)
Skipping run, results found in /projects/bdrx/azhang14/SoberReasoningPlus/results/temp_1.0/Qwen-Qwen3-1.7B-bfloat16-34816/0-1.0-0.7-math_500-1-128-131072-32768

---> Starting run: seed=1 (2/3)
Skipping run, results found in /projects/bdrx/azhang14/SoberReasoningPlus/results/temp_1.0/Qwen-Qwen3-1.7B-bfloat16-34816/1-1.0-0.7-math_500-1-128-131072-32768

---> Starting run: seed=2 (3/3)
Skipping run, results found in /projects/bdrx/azhang14/SoberReasoningPlus/results/temp_1.0/Qwen-Qwen3-1.7B-bfloat16-34816/2-1.0-0.7-math_500-1-128-131072-32768
Running evaluation for task: custom|minerva|0|0, temperature: 1.0, top_p: 0.7, num_seeds: 3

---> Starting run: seed=0 (1/3)
Skipping run, results found in /projects/bdrx/azhang14/SoberReasoningPlus/results/temp_1.0/Qwen-Qwen3-1.7B-bfloat16-34816/0-1.0-0.7-minerva-1-128-131072-32768

---> Starting run: seed=1 (2/3)
Skipping run, results found in /projects/bdrx/azhang14/SoberReasoningPlus/results/temp_1.0/Qwen-Qwen3-1.7B-bfloat16-34816/1-1.0-0.7-minerva-1-128-131072-32768

---> Starting run: seed=2 (3/3)
Skipping run, results found in /projects/bdrx/azhang14/SoberReasoningPlus/results/temp_1.0/Qwen-Qwen3-1.7B-bfloat16-34816/2-1.0-0.7-minerva-1-128-131072-32768
Running evaluation for task: custom|olympiadbench|0|0, temperature: 1.0, top_p: 0.7, num_seeds: 3

---> Starting run: seed=0 (1/3)
Skipping run, results found in /projects/bdrx/azhang14/SoberReasoningPlus/results/temp_1.0/Qwen-Qwen3-1.7B-bfloat16-34816/0-1.0-0.7-olympiadbench-1-128-131072-32768

---> Starting run: seed=1 (2/3)
Skipping run, results found in /projects/bdrx/azhang14/SoberReasoningPlus/results/temp_1.0/Qwen-Qwen3-1.7B-bfloat16-34816/1-1.0-0.7-olympiadbench-1-128-131072-32768

---> Starting run: seed=2 (3/3)
Skipping run, results found in /projects/bdrx/azhang14/SoberReasoningPlus/results/temp_1.0/Qwen-Qwen3-1.7B-bfloat16-34816/2-1.0-0.7-olympiadbench-1-128-131072-32768
Total execution time: 0:01:53.892081
======================================
Running: Model=Qwen/Qwen3-1.7B, Temp=1.0, Top_P=0.8
======================================
INFO 12-07 03:20:43 [__init__.py:244] Automatically detected platform cuda.
Loading model...
INFO 12-07 03:21:41 [__init__.py:244] Automatically detected platform cuda.
Model loaded successfully.
[1.0] [0.8]
<class 'list'> <class 'list'>
Running evaluation for task: custom|aime24|0|0, temperature: 1.0, top_p: 0.8, num_seeds: 16

---> Starting run: seed=0 (1/16)
Skipping run, results found in /projects/bdrx/azhang14/SoberReasoningPlus/results/temp_1.0/Qwen-Qwen3-1.7B-bfloat16-34816/0-1.0-0.8-aime24-1-128-131072-32768

---> Starting run: seed=1 (2/16)
Skipping run, results found in /projects/bdrx/azhang14/SoberReasoningPlus/results/temp_1.0/Qwen-Qwen3-1.7B-bfloat16-34816/1-1.0-0.8-aime24-1-128-131072-32768

---> Starting run: seed=2 (3/16)
Skipping run, results found in /projects/bdrx/azhang14/SoberReasoningPlus/results/temp_1.0/Qwen-Qwen3-1.7B-bfloat16-34816/2-1.0-0.8-aime24-1-128-131072-32768

---> Starting run: seed=3 (4/16)
Skipping run, results found in /projects/bdrx/azhang14/SoberReasoningPlus/results/temp_1.0/Qwen-Qwen3-1.7B-bfloat16-34816/3-1.0-0.8-aime24-1-128-131072-32768

---> Starting run: seed=4 (5/16)
Skipping run, results found in /projects/bdrx/azhang14/SoberReasoningPlus/results/temp_1.0/Qwen-Qwen3-1.7B-bfloat16-34816/4-1.0-0.8-aime24-1-128-131072-32768

---> Starting run: seed=5 (6/16)
Skipping run, results found in /projects/bdrx/azhang14/SoberReasoningPlus/results/temp_1.0/Qwen-Qwen3-1.7B-bfloat16-34816/5-1.0-0.8-aime24-1-128-131072-32768

---> Starting run: seed=6 (7/16)
Skipping run, results found in /projects/bdrx/azhang14/SoberReasoningPlus/results/temp_1.0/Qwen-Qwen3-1.7B-bfloat16-34816/6-1.0-0.8-aime24-1-128-131072-32768

---> Starting run: seed=7 (8/16)
Skipping run, results found in /projects/bdrx/azhang14/SoberReasoningPlus/results/temp_1.0/Qwen-Qwen3-1.7B-bfloat16-34816/7-1.0-0.8-aime24-1-128-131072-32768

---> Starting run: seed=8 (9/16)
Skipping run, results found in /projects/bdrx/azhang14/SoberReasoningPlus/results/temp_1.0/Qwen-Qwen3-1.7B-bfloat16-34816/8-1.0-0.8-aime24-1-128-131072-32768

---> Starting run: seed=9 (10/16)
Skipping run, results found in /projects/bdrx/azhang14/SoberReasoningPlus/results/temp_1.0/Qwen-Qwen3-1.7B-bfloat16-34816/9-1.0-0.8-aime24-1-128-131072-32768

---> Starting run: seed=10 (11/16)
Skipping run, results found in /projects/bdrx/azhang14/SoberReasoningPlus/results/temp_1.0/Qwen-Qwen3-1.7B-bfloat16-34816/10-1.0-0.8-aime24-1-128-131072-32768

---> Starting run: seed=11 (12/16)
Skipping run, results found in /projects/bdrx/azhang14/SoberReasoningPlus/results/temp_1.0/Qwen-Qwen3-1.7B-bfloat16-34816/11-1.0-0.8-aime24-1-128-131072-32768

---> Starting run: seed=12 (13/16)
Skipping run, results found in /projects/bdrx/azhang14/SoberReasoningPlus/results/temp_1.0/Qwen-Qwen3-1.7B-bfloat16-34816/12-1.0-0.8-aime24-1-128-131072-32768

---> Starting run: seed=13 (14/16)
Skipping run, results found in /projects/bdrx/azhang14/SoberReasoningPlus/results/temp_1.0/Qwen-Qwen3-1.7B-bfloat16-34816/13-1.0-0.8-aime24-1-128-131072-32768

---> Starting run: seed=14 (15/16)
Skipping run, results found in /projects/bdrx/azhang14/SoberReasoningPlus/results/temp_1.0/Qwen-Qwen3-1.7B-bfloat16-34816/14-1.0-0.8-aime24-1-128-131072-32768

---> Starting run: seed=15 (16/16)
Skipping run, results found in /projects/bdrx/azhang14/SoberReasoningPlus/results/temp_1.0/Qwen-Qwen3-1.7B-bfloat16-34816/15-1.0-0.8-aime24-1-128-131072-32768
Running evaluation for task: custom|aime25|0|0, temperature: 1.0, top_p: 0.8, num_seeds: 16

---> Starting run: seed=0 (1/16)
Skipping run, results found in /projects/bdrx/azhang14/SoberReasoningPlus/results/temp_1.0/Qwen-Qwen3-1.7B-bfloat16-34816/0-1.0-0.8-aime25-1-128-131072-32768

---> Starting run: seed=1 (2/16)
Skipping run, results found in /projects/bdrx/azhang14/SoberReasoningPlus/results/temp_1.0/Qwen-Qwen3-1.7B-bfloat16-34816/1-1.0-0.8-aime25-1-128-131072-32768

---> Starting run: seed=2 (3/16)
Skipping run, results found in /projects/bdrx/azhang14/SoberReasoningPlus/results/temp_1.0/Qwen-Qwen3-1.7B-bfloat16-34816/2-1.0-0.8-aime25-1-128-131072-32768

---> Starting run: seed=3 (4/16)
Skipping run, results found in /projects/bdrx/azhang14/SoberReasoningPlus/results/temp_1.0/Qwen-Qwen3-1.7B-bfloat16-34816/3-1.0-0.8-aime25-1-128-131072-32768

---> Starting run: seed=4 (5/16)
Skipping run, results found in /projects/bdrx/azhang14/SoberReasoningPlus/results/temp_1.0/Qwen-Qwen3-1.7B-bfloat16-34816/4-1.0-0.8-aime25-1-128-131072-32768

---> Starting run: seed=5 (6/16)
Skipping run, results found in /projects/bdrx/azhang14/SoberReasoningPlus/results/temp_1.0/Qwen-Qwen3-1.7B-bfloat16-34816/5-1.0-0.8-aime25-1-128-131072-32768

---> Starting run: seed=6 (7/16)
Skipping run, results found in /projects/bdrx/azhang14/SoberReasoningPlus/results/temp_1.0/Qwen-Qwen3-1.7B-bfloat16-34816/6-1.0-0.8-aime25-1-128-131072-32768

---> Starting run: seed=7 (8/16)
Skipping run, results found in /projects/bdrx/azhang14/SoberReasoningPlus/results/temp_1.0/Qwen-Qwen3-1.7B-bfloat16-34816/7-1.0-0.8-aime25-1-128-131072-32768

---> Starting run: seed=8 (9/16)
Skipping run, results found in /projects/bdrx/azhang14/SoberReasoningPlus/results/temp_1.0/Qwen-Qwen3-1.7B-bfloat16-34816/8-1.0-0.8-aime25-1-128-131072-32768

---> Starting run: seed=9 (10/16)
Skipping run, results found in /projects/bdrx/azhang14/SoberReasoningPlus/results/temp_1.0/Qwen-Qwen3-1.7B-bfloat16-34816/9-1.0-0.8-aime25-1-128-131072-32768

---> Starting run: seed=10 (11/16)
Skipping run, results found in /projects/bdrx/azhang14/SoberReasoningPlus/results/temp_1.0/Qwen-Qwen3-1.7B-bfloat16-34816/10-1.0-0.8-aime25-1-128-131072-32768

---> Starting run: seed=11 (12/16)
Skipping run, results found in /projects/bdrx/azhang14/SoberReasoningPlus/results/temp_1.0/Qwen-Qwen3-1.7B-bfloat16-34816/11-1.0-0.8-aime25-1-128-131072-32768

---> Starting run: seed=12 (13/16)
Skipping run, results found in /projects/bdrx/azhang14/SoberReasoningPlus/results/temp_1.0/Qwen-Qwen3-1.7B-bfloat16-34816/12-1.0-0.8-aime25-1-128-131072-32768

---> Starting run: seed=13 (14/16)
Skipping run, results found in /projects/bdrx/azhang14/SoberReasoningPlus/results/temp_1.0/Qwen-Qwen3-1.7B-bfloat16-34816/13-1.0-0.8-aime25-1-128-131072-32768

---> Starting run: seed=14 (15/16)
Skipping run, results found in /projects/bdrx/azhang14/SoberReasoningPlus/results/temp_1.0/Qwen-Qwen3-1.7B-bfloat16-34816/14-1.0-0.8-aime25-1-128-131072-32768

---> Starting run: seed=15 (16/16)
Skipping run, results found in /projects/bdrx/azhang14/SoberReasoningPlus/results/temp_1.0/Qwen-Qwen3-1.7B-bfloat16-34816/15-1.0-0.8-aime25-1-128-131072-32768
Running evaluation for task: custom|amc23|0|0, temperature: 1.0, top_p: 0.8, num_seeds: 16

---> Starting run: seed=0 (1/16)
Skipping run, results found in /projects/bdrx/azhang14/SoberReasoningPlus/results/temp_1.0/Qwen-Qwen3-1.7B-bfloat16-34816/0-1.0-0.8-amc23-1-128-131072-32768

---> Starting run: seed=1 (2/16)
Skipping run, results found in /projects/bdrx/azhang14/SoberReasoningPlus/results/temp_1.0/Qwen-Qwen3-1.7B-bfloat16-34816/1-1.0-0.8-amc23-1-128-131072-32768

---> Starting run: seed=2 (3/16)
Skipping run, results found in /projects/bdrx/azhang14/SoberReasoningPlus/results/temp_1.0/Qwen-Qwen3-1.7B-bfloat16-34816/2-1.0-0.8-amc23-1-128-131072-32768

---> Starting run: seed=3 (4/16)
Skipping run, results found in /projects/bdrx/azhang14/SoberReasoningPlus/results/temp_1.0/Qwen-Qwen3-1.7B-bfloat16-34816/3-1.0-0.8-amc23-1-128-131072-32768

---> Starting run: seed=4 (5/16)
Skipping run, results found in /projects/bdrx/azhang14/SoberReasoningPlus/results/temp_1.0/Qwen-Qwen3-1.7B-bfloat16-34816/4-1.0-0.8-amc23-1-128-131072-32768

---> Starting run: seed=5 (6/16)
Skipping run, results found in /projects/bdrx/azhang14/SoberReasoningPlus/results/temp_1.0/Qwen-Qwen3-1.7B-bfloat16-34816/5-1.0-0.8-amc23-1-128-131072-32768

---> Starting run: seed=6 (7/16)
Skipping run, results found in /projects/bdrx/azhang14/SoberReasoningPlus/results/temp_1.0/Qwen-Qwen3-1.7B-bfloat16-34816/6-1.0-0.8-amc23-1-128-131072-32768

---> Starting run: seed=7 (8/16)
Skipping run, results found in /projects/bdrx/azhang14/SoberReasoningPlus/results/temp_1.0/Qwen-Qwen3-1.7B-bfloat16-34816/7-1.0-0.8-amc23-1-128-131072-32768

---> Starting run: seed=8 (9/16)
Skipping run, results found in /projects/bdrx/azhang14/SoberReasoningPlus/results/temp_1.0/Qwen-Qwen3-1.7B-bfloat16-34816/8-1.0-0.8-amc23-1-128-131072-32768

---> Starting run: seed=9 (10/16)
Skipping run, results found in /projects/bdrx/azhang14/SoberReasoningPlus/results/temp_1.0/Qwen-Qwen3-1.7B-bfloat16-34816/9-1.0-0.8-amc23-1-128-131072-32768

---> Starting run: seed=10 (11/16)
Skipping run, results found in /projects/bdrx/azhang14/SoberReasoningPlus/results/temp_1.0/Qwen-Qwen3-1.7B-bfloat16-34816/10-1.0-0.8-amc23-1-128-131072-32768

---> Starting run: seed=11 (12/16)
Skipping run, results found in /projects/bdrx/azhang14/SoberReasoningPlus/results/temp_1.0/Qwen-Qwen3-1.7B-bfloat16-34816/11-1.0-0.8-amc23-1-128-131072-32768

---> Starting run: seed=12 (13/16)
Skipping run, results found in /projects/bdrx/azhang14/SoberReasoningPlus/results/temp_1.0/Qwen-Qwen3-1.7B-bfloat16-34816/12-1.0-0.8-amc23-1-128-131072-32768

---> Starting run: seed=13 (14/16)
Skipping run, results found in /projects/bdrx/azhang14/SoberReasoningPlus/results/temp_1.0/Qwen-Qwen3-1.7B-bfloat16-34816/13-1.0-0.8-amc23-1-128-131072-32768

---> Starting run: seed=14 (15/16)
Skipping run, results found in /projects/bdrx/azhang14/SoberReasoningPlus/results/temp_1.0/Qwen-Qwen3-1.7B-bfloat16-34816/14-1.0-0.8-amc23-1-128-131072-32768

---> Starting run: seed=15 (16/16)
Skipping run, results found in /projects/bdrx/azhang14/SoberReasoningPlus/results/temp_1.0/Qwen-Qwen3-1.7B-bfloat16-34816/15-1.0-0.8-amc23-1-128-131072-32768
Running evaluation for task: custom|math_500|0|0, temperature: 1.0, top_p: 0.8, num_seeds: 3

---> Starting run: seed=0 (1/3)
Skipping run, results found in /projects/bdrx/azhang14/SoberReasoningPlus/results/temp_1.0/Qwen-Qwen3-1.7B-bfloat16-34816/0-1.0-0.8-math_500-1-128-131072-32768

---> Starting run: seed=1 (2/3)
Skipping run, results found in /projects/bdrx/azhang14/SoberReasoningPlus/results/temp_1.0/Qwen-Qwen3-1.7B-bfloat16-34816/1-1.0-0.8-math_500-1-128-131072-32768

---> Starting run: seed=2 (3/3)
Skipping run, results found in /projects/bdrx/azhang14/SoberReasoningPlus/results/temp_1.0/Qwen-Qwen3-1.7B-bfloat16-34816/2-1.0-0.8-math_500-1-128-131072-32768
Running evaluation for task: custom|minerva|0|0, temperature: 1.0, top_p: 0.8, num_seeds: 3

---> Starting run: seed=0 (1/3)
Skipping run, results found in /projects/bdrx/azhang14/SoberReasoningPlus/results/temp_1.0/Qwen-Qwen3-1.7B-bfloat16-34816/0-1.0-0.8-minerva-1-128-131072-32768

---> Starting run: seed=1 (2/3)
Skipping run, results found in /projects/bdrx/azhang14/SoberReasoningPlus/results/temp_1.0/Qwen-Qwen3-1.7B-bfloat16-34816/1-1.0-0.8-minerva-1-128-131072-32768

---> Starting run: seed=2 (3/3)
Skipping run, results found in /projects/bdrx/azhang14/SoberReasoningPlus/results/temp_1.0/Qwen-Qwen3-1.7B-bfloat16-34816/2-1.0-0.8-minerva-1-128-131072-32768
Running evaluation for task: custom|olympiadbench|0|0, temperature: 1.0, top_p: 0.8, num_seeds: 3

---> Starting run: seed=0 (1/3)
Skipping run, results found in /projects/bdrx/azhang14/SoberReasoningPlus/results/temp_1.0/Qwen-Qwen3-1.7B-bfloat16-34816/0-1.0-0.8-olympiadbench-1-128-131072-32768

---> Starting run: seed=1 (2/3)
Skipping run, results found in /projects/bdrx/azhang14/SoberReasoningPlus/results/temp_1.0/Qwen-Qwen3-1.7B-bfloat16-34816/1-1.0-0.8-olympiadbench-1-128-131072-32768

---> Starting run: seed=2 (3/3)
Skipping run, results found in /projects/bdrx/azhang14/SoberReasoningPlus/results/temp_1.0/Qwen-Qwen3-1.7B-bfloat16-34816/2-1.0-0.8-olympiadbench-1-128-131072-32768
Total execution time: 0:01:53.856912
======================================
Running: Model=Qwen/Qwen3-1.7B, Temp=1.0, Top_P=0.9
======================================
INFO 12-07 03:23:12 [__init__.py:244] Automatically detected platform cuda.
Loading model...
INFO 12-07 03:24:10 [__init__.py:244] Automatically detected platform cuda.
Model loaded successfully.
[1.0] [0.9]
<class 'list'> <class 'list'>
Running evaluation for task: custom|aime24|0|0, temperature: 1.0, top_p: 0.9, num_seeds: 16

---> Starting run: seed=0 (1/16)
Skipping run, results found in /projects/bdrx/azhang14/SoberReasoningPlus/results/temp_1.0/Qwen-Qwen3-1.7B-bfloat16-34816/0-1.0-0.9-aime24-1-128-131072-32768

---> Starting run: seed=1 (2/16)
Skipping run, results found in /projects/bdrx/azhang14/SoberReasoningPlus/results/temp_1.0/Qwen-Qwen3-1.7B-bfloat16-34816/1-1.0-0.9-aime24-1-128-131072-32768

---> Starting run: seed=2 (3/16)
Skipping run, results found in /projects/bdrx/azhang14/SoberReasoningPlus/results/temp_1.0/Qwen-Qwen3-1.7B-bfloat16-34816/2-1.0-0.9-aime24-1-128-131072-32768

---> Starting run: seed=3 (4/16)
Skipping run, results found in /projects/bdrx/azhang14/SoberReasoningPlus/results/temp_1.0/Qwen-Qwen3-1.7B-bfloat16-34816/3-1.0-0.9-aime24-1-128-131072-32768

---> Starting run: seed=4 (5/16)
Skipping run, results found in /projects/bdrx/azhang14/SoberReasoningPlus/results/temp_1.0/Qwen-Qwen3-1.7B-bfloat16-34816/4-1.0-0.9-aime24-1-128-131072-32768

---> Starting run: seed=5 (6/16)
Skipping run, results found in /projects/bdrx/azhang14/SoberReasoningPlus/results/temp_1.0/Qwen-Qwen3-1.7B-bfloat16-34816/5-1.0-0.9-aime24-1-128-131072-32768

---> Starting run: seed=6 (7/16)
Skipping run, results found in /projects/bdrx/azhang14/SoberReasoningPlus/results/temp_1.0/Qwen-Qwen3-1.7B-bfloat16-34816/6-1.0-0.9-aime24-1-128-131072-32768

---> Starting run: seed=7 (8/16)
Skipping run, results found in /projects/bdrx/azhang14/SoberReasoningPlus/results/temp_1.0/Qwen-Qwen3-1.7B-bfloat16-34816/7-1.0-0.9-aime24-1-128-131072-32768

---> Starting run: seed=8 (9/16)
Skipping run, results found in /projects/bdrx/azhang14/SoberReasoningPlus/results/temp_1.0/Qwen-Qwen3-1.7B-bfloat16-34816/8-1.0-0.9-aime24-1-128-131072-32768

---> Starting run: seed=9 (10/16)
Skipping run, results found in /projects/bdrx/azhang14/SoberReasoningPlus/results/temp_1.0/Qwen-Qwen3-1.7B-bfloat16-34816/9-1.0-0.9-aime24-1-128-131072-32768

---> Starting run: seed=10 (11/16)
Skipping run, results found in /projects/bdrx/azhang14/SoberReasoningPlus/results/temp_1.0/Qwen-Qwen3-1.7B-bfloat16-34816/10-1.0-0.9-aime24-1-128-131072-32768

---> Starting run: seed=11 (12/16)
Skipping run, results found in /projects/bdrx/azhang14/SoberReasoningPlus/results/temp_1.0/Qwen-Qwen3-1.7B-bfloat16-34816/11-1.0-0.9-aime24-1-128-131072-32768

---> Starting run: seed=12 (13/16)
Skipping run, results found in /projects/bdrx/azhang14/SoberReasoningPlus/results/temp_1.0/Qwen-Qwen3-1.7B-bfloat16-34816/12-1.0-0.9-aime24-1-128-131072-32768

---> Starting run: seed=13 (14/16)
Skipping run, results found in /projects/bdrx/azhang14/SoberReasoningPlus/results/temp_1.0/Qwen-Qwen3-1.7B-bfloat16-34816/13-1.0-0.9-aime24-1-128-131072-32768

---> Starting run: seed=14 (15/16)
Skipping run, results found in /projects/bdrx/azhang14/SoberReasoningPlus/results/temp_1.0/Qwen-Qwen3-1.7B-bfloat16-34816/14-1.0-0.9-aime24-1-128-131072-32768

---> Starting run: seed=15 (16/16)
Skipping run, results found in /projects/bdrx/azhang14/SoberReasoningPlus/results/temp_1.0/Qwen-Qwen3-1.7B-bfloat16-34816/15-1.0-0.9-aime24-1-128-131072-32768
Running evaluation for task: custom|aime25|0|0, temperature: 1.0, top_p: 0.9, num_seeds: 16

---> Starting run: seed=0 (1/16)
Skipping run, results found in /projects/bdrx/azhang14/SoberReasoningPlus/results/temp_1.0/Qwen-Qwen3-1.7B-bfloat16-34816/0-1.0-0.9-aime25-1-128-131072-32768

---> Starting run: seed=1 (2/16)
Skipping run, results found in /projects/bdrx/azhang14/SoberReasoningPlus/results/temp_1.0/Qwen-Qwen3-1.7B-bfloat16-34816/1-1.0-0.9-aime25-1-128-131072-32768

---> Starting run: seed=2 (3/16)
Skipping run, results found in /projects/bdrx/azhang14/SoberReasoningPlus/results/temp_1.0/Qwen-Qwen3-1.7B-bfloat16-34816/2-1.0-0.9-aime25-1-128-131072-32768

---> Starting run: seed=3 (4/16)
Skipping run, results found in /projects/bdrx/azhang14/SoberReasoningPlus/results/temp_1.0/Qwen-Qwen3-1.7B-bfloat16-34816/3-1.0-0.9-aime25-1-128-131072-32768

---> Starting run: seed=4 (5/16)
Skipping run, results found in /projects/bdrx/azhang14/SoberReasoningPlus/results/temp_1.0/Qwen-Qwen3-1.7B-bfloat16-34816/4-1.0-0.9-aime25-1-128-131072-32768

---> Starting run: seed=5 (6/16)
Skipping run, results found in /projects/bdrx/azhang14/SoberReasoningPlus/results/temp_1.0/Qwen-Qwen3-1.7B-bfloat16-34816/5-1.0-0.9-aime25-1-128-131072-32768

---> Starting run: seed=6 (7/16)
Skipping run, results found in /projects/bdrx/azhang14/SoberReasoningPlus/results/temp_1.0/Qwen-Qwen3-1.7B-bfloat16-34816/6-1.0-0.9-aime25-1-128-131072-32768

---> Starting run: seed=7 (8/16)
Skipping run, results found in /projects/bdrx/azhang14/SoberReasoningPlus/results/temp_1.0/Qwen-Qwen3-1.7B-bfloat16-34816/7-1.0-0.9-aime25-1-128-131072-32768

---> Starting run: seed=8 (9/16)
Skipping run, results found in /projects/bdrx/azhang14/SoberReasoningPlus/results/temp_1.0/Qwen-Qwen3-1.7B-bfloat16-34816/8-1.0-0.9-aime25-1-128-131072-32768

---> Starting run: seed=9 (10/16)
Skipping run, results found in /projects/bdrx/azhang14/SoberReasoningPlus/results/temp_1.0/Qwen-Qwen3-1.7B-bfloat16-34816/9-1.0-0.9-aime25-1-128-131072-32768

---> Starting run: seed=10 (11/16)
Skipping run, results found in /projects/bdrx/azhang14/SoberReasoningPlus/results/temp_1.0/Qwen-Qwen3-1.7B-bfloat16-34816/10-1.0-0.9-aime25-1-128-131072-32768

---> Starting run: seed=11 (12/16)
Skipping run, results found in /projects/bdrx/azhang14/SoberReasoningPlus/results/temp_1.0/Qwen-Qwen3-1.7B-bfloat16-34816/11-1.0-0.9-aime25-1-128-131072-32768

---> Starting run: seed=12 (13/16)
Skipping run, results found in /projects/bdrx/azhang14/SoberReasoningPlus/results/temp_1.0/Qwen-Qwen3-1.7B-bfloat16-34816/12-1.0-0.9-aime25-1-128-131072-32768

---> Starting run: seed=13 (14/16)
Skipping run, results found in /projects/bdrx/azhang14/SoberReasoningPlus/results/temp_1.0/Qwen-Qwen3-1.7B-bfloat16-34816/13-1.0-0.9-aime25-1-128-131072-32768

---> Starting run: seed=14 (15/16)
Skipping run, results found in /projects/bdrx/azhang14/SoberReasoningPlus/results/temp_1.0/Qwen-Qwen3-1.7B-bfloat16-34816/14-1.0-0.9-aime25-1-128-131072-32768

---> Starting run: seed=15 (16/16)
Skipping run, results found in /projects/bdrx/azhang14/SoberReasoningPlus/results/temp_1.0/Qwen-Qwen3-1.7B-bfloat16-34816/15-1.0-0.9-aime25-1-128-131072-32768
Running evaluation for task: custom|amc23|0|0, temperature: 1.0, top_p: 0.9, num_seeds: 16

---> Starting run: seed=0 (1/16)
Skipping run, results found in /projects/bdrx/azhang14/SoberReasoningPlus/results/temp_1.0/Qwen-Qwen3-1.7B-bfloat16-34816/0-1.0-0.9-amc23-1-128-131072-32768

---> Starting run: seed=1 (2/16)
Skipping run, results found in /projects/bdrx/azhang14/SoberReasoningPlus/results/temp_1.0/Qwen-Qwen3-1.7B-bfloat16-34816/1-1.0-0.9-amc23-1-128-131072-32768

---> Starting run: seed=2 (3/16)
Skipping run, results found in /projects/bdrx/azhang14/SoberReasoningPlus/results/temp_1.0/Qwen-Qwen3-1.7B-bfloat16-34816/2-1.0-0.9-amc23-1-128-131072-32768

---> Starting run: seed=3 (4/16)
Skipping run, results found in /projects/bdrx/azhang14/SoberReasoningPlus/results/temp_1.0/Qwen-Qwen3-1.7B-bfloat16-34816/3-1.0-0.9-amc23-1-128-131072-32768

---> Starting run: seed=4 (5/16)
Skipping run, results found in /projects/bdrx/azhang14/SoberReasoningPlus/results/temp_1.0/Qwen-Qwen3-1.7B-bfloat16-34816/4-1.0-0.9-amc23-1-128-131072-32768

---> Starting run: seed=5 (6/16)
Skipping run, results found in /projects/bdrx/azhang14/SoberReasoningPlus/results/temp_1.0/Qwen-Qwen3-1.7B-bfloat16-34816/5-1.0-0.9-amc23-1-128-131072-32768

---> Starting run: seed=6 (7/16)
Skipping run, results found in /projects/bdrx/azhang14/SoberReasoningPlus/results/temp_1.0/Qwen-Qwen3-1.7B-bfloat16-34816/6-1.0-0.9-amc23-1-128-131072-32768

---> Starting run: seed=7 (8/16)
Skipping run, results found in /projects/bdrx/azhang14/SoberReasoningPlus/results/temp_1.0/Qwen-Qwen3-1.7B-bfloat16-34816/7-1.0-0.9-amc23-1-128-131072-32768

---> Starting run: seed=8 (9/16)
Skipping run, results found in /projects/bdrx/azhang14/SoberReasoningPlus/results/temp_1.0/Qwen-Qwen3-1.7B-bfloat16-34816/8-1.0-0.9-amc23-1-128-131072-32768

---> Starting run: seed=9 (10/16)
Skipping run, results found in /projects/bdrx/azhang14/SoberReasoningPlus/results/temp_1.0/Qwen-Qwen3-1.7B-bfloat16-34816/9-1.0-0.9-amc23-1-128-131072-32768

---> Starting run: seed=10 (11/16)
Skipping run, results found in /projects/bdrx/azhang14/SoberReasoningPlus/results/temp_1.0/Qwen-Qwen3-1.7B-bfloat16-34816/10-1.0-0.9-amc23-1-128-131072-32768

---> Starting run: seed=11 (12/16)
Skipping run, results found in /projects/bdrx/azhang14/SoberReasoningPlus/results/temp_1.0/Qwen-Qwen3-1.7B-bfloat16-34816/11-1.0-0.9-amc23-1-128-131072-32768

---> Starting run: seed=12 (13/16)
Skipping run, results found in /projects/bdrx/azhang14/SoberReasoningPlus/results/temp_1.0/Qwen-Qwen3-1.7B-bfloat16-34816/12-1.0-0.9-amc23-1-128-131072-32768

---> Starting run: seed=13 (14/16)
Skipping run, results found in /projects/bdrx/azhang14/SoberReasoningPlus/results/temp_1.0/Qwen-Qwen3-1.7B-bfloat16-34816/13-1.0-0.9-amc23-1-128-131072-32768

---> Starting run: seed=14 (15/16)
Skipping run, results found in /projects/bdrx/azhang14/SoberReasoningPlus/results/temp_1.0/Qwen-Qwen3-1.7B-bfloat16-34816/14-1.0-0.9-amc23-1-128-131072-32768

---> Starting run: seed=15 (16/16)
Skipping run, results found in /projects/bdrx/azhang14/SoberReasoningPlus/results/temp_1.0/Qwen-Qwen3-1.7B-bfloat16-34816/15-1.0-0.9-amc23-1-128-131072-32768
Running evaluation for task: custom|math_500|0|0, temperature: 1.0, top_p: 0.9, num_seeds: 3

---> Starting run: seed=0 (1/3)
Skipping run, results found in /projects/bdrx/azhang14/SoberReasoningPlus/results/temp_1.0/Qwen-Qwen3-1.7B-bfloat16-34816/0-1.0-0.9-math_500-1-128-131072-32768

---> Starting run: seed=1 (2/3)
Skipping run, results found in /projects/bdrx/azhang14/SoberReasoningPlus/results/temp_1.0/Qwen-Qwen3-1.7B-bfloat16-34816/1-1.0-0.9-math_500-1-128-131072-32768

---> Starting run: seed=2 (3/3)
Skipping run, results found in /projects/bdrx/azhang14/SoberReasoningPlus/results/temp_1.0/Qwen-Qwen3-1.7B-bfloat16-34816/2-1.0-0.9-math_500-1-128-131072-32768
Running evaluation for task: custom|minerva|0|0, temperature: 1.0, top_p: 0.9, num_seeds: 3

---> Starting run: seed=0 (1/3)
Skipping run, results found in /projects/bdrx/azhang14/SoberReasoningPlus/results/temp_1.0/Qwen-Qwen3-1.7B-bfloat16-34816/0-1.0-0.9-minerva-1-128-131072-32768

---> Starting run: seed=1 (2/3)
Skipping run, results found in /projects/bdrx/azhang14/SoberReasoningPlus/results/temp_1.0/Qwen-Qwen3-1.7B-bfloat16-34816/1-1.0-0.9-minerva-1-128-131072-32768

---> Starting run: seed=2 (3/3)
Skipping run, results found in /projects/bdrx/azhang14/SoberReasoningPlus/results/temp_1.0/Qwen-Qwen3-1.7B-bfloat16-34816/2-1.0-0.9-minerva-1-128-131072-32768
Running evaluation for task: custom|olympiadbench|0|0, temperature: 1.0, top_p: 0.9, num_seeds: 3

---> Starting run: seed=0 (1/3)
Skipping run, results found in /projects/bdrx/azhang14/SoberReasoningPlus/results/temp_1.0/Qwen-Qwen3-1.7B-bfloat16-34816/0-1.0-0.9-olympiadbench-1-128-131072-32768

---> Starting run: seed=1 (2/3)
Skipping run, results found in /projects/bdrx/azhang14/SoberReasoningPlus/results/temp_1.0/Qwen-Qwen3-1.7B-bfloat16-34816/1-1.0-0.9-olympiadbench-1-128-131072-32768

---> Starting run: seed=2 (3/3)
Skipping run, results found in /projects/bdrx/azhang14/SoberReasoningPlus/results/temp_1.0/Qwen-Qwen3-1.7B-bfloat16-34816/2-1.0-0.9-olympiadbench-1-128-131072-32768
Total execution time: 0:01:53.351249
======================================
Running: Model=Qwen/Qwen3-1.7B, Temp=1.0, Top_P=0.95
======================================
INFO 12-07 03:25:41 [__init__.py:244] Automatically detected platform cuda.
Loading model...
INFO 12-07 03:26:39 [__init__.py:244] Automatically detected platform cuda.
Model loaded successfully.
[1.0] [0.95]
<class 'list'> <class 'list'>
Running evaluation for task: custom|aime24|0|0, temperature: 1.0, top_p: 0.95, num_seeds: 16

---> Starting run: seed=0 (1/16)
Skipping run, results found in /projects/bdrx/azhang14/SoberReasoningPlus/results/temp_1.0/Qwen-Qwen3-1.7B-bfloat16-34816/0-1.0-0.95-aime24-1-128-131072-32768

---> Starting run: seed=1 (2/16)
Skipping run, results found in /projects/bdrx/azhang14/SoberReasoningPlus/results/temp_1.0/Qwen-Qwen3-1.7B-bfloat16-34816/1-1.0-0.95-aime24-1-128-131072-32768

---> Starting run: seed=2 (3/16)
Skipping run, results found in /projects/bdrx/azhang14/SoberReasoningPlus/results/temp_1.0/Qwen-Qwen3-1.7B-bfloat16-34816/2-1.0-0.95-aime24-1-128-131072-32768

---> Starting run: seed=3 (4/16)
Skipping run, results found in /projects/bdrx/azhang14/SoberReasoningPlus/results/temp_1.0/Qwen-Qwen3-1.7B-bfloat16-34816/3-1.0-0.95-aime24-1-128-131072-32768

---> Starting run: seed=4 (5/16)
Skipping run, results found in /projects/bdrx/azhang14/SoberReasoningPlus/results/temp_1.0/Qwen-Qwen3-1.7B-bfloat16-34816/4-1.0-0.95-aime24-1-128-131072-32768

---> Starting run: seed=5 (6/16)
Skipping run, results found in /projects/bdrx/azhang14/SoberReasoningPlus/results/temp_1.0/Qwen-Qwen3-1.7B-bfloat16-34816/5-1.0-0.95-aime24-1-128-131072-32768

---> Starting run: seed=6 (7/16)
Skipping run, results found in /projects/bdrx/azhang14/SoberReasoningPlus/results/temp_1.0/Qwen-Qwen3-1.7B-bfloat16-34816/6-1.0-0.95-aime24-1-128-131072-32768

---> Starting run: seed=7 (8/16)
Skipping run, results found in /projects/bdrx/azhang14/SoberReasoningPlus/results/temp_1.0/Qwen-Qwen3-1.7B-bfloat16-34816/7-1.0-0.95-aime24-1-128-131072-32768

---> Starting run: seed=8 (9/16)
Skipping run, results found in /projects/bdrx/azhang14/SoberReasoningPlus/results/temp_1.0/Qwen-Qwen3-1.7B-bfloat16-34816/8-1.0-0.95-aime24-1-128-131072-32768

---> Starting run: seed=9 (10/16)
Skipping run, results found in /projects/bdrx/azhang14/SoberReasoningPlus/results/temp_1.0/Qwen-Qwen3-1.7B-bfloat16-34816/9-1.0-0.95-aime24-1-128-131072-32768

---> Starting run: seed=10 (11/16)
Skipping run, results found in /projects/bdrx/azhang14/SoberReasoningPlus/results/temp_1.0/Qwen-Qwen3-1.7B-bfloat16-34816/10-1.0-0.95-aime24-1-128-131072-32768

---> Starting run: seed=11 (12/16)
Skipping run, results found in /projects/bdrx/azhang14/SoberReasoningPlus/results/temp_1.0/Qwen-Qwen3-1.7B-bfloat16-34816/11-1.0-0.95-aime24-1-128-131072-32768

---> Starting run: seed=12 (13/16)
Skipping run, results found in /projects/bdrx/azhang14/SoberReasoningPlus/results/temp_1.0/Qwen-Qwen3-1.7B-bfloat16-34816/12-1.0-0.95-aime24-1-128-131072-32768

---> Starting run: seed=13 (14/16)
Skipping run, results found in /projects/bdrx/azhang14/SoberReasoningPlus/results/temp_1.0/Qwen-Qwen3-1.7B-bfloat16-34816/13-1.0-0.95-aime24-1-128-131072-32768

---> Starting run: seed=14 (15/16)
Skipping run, results found in /projects/bdrx/azhang14/SoberReasoningPlus/results/temp_1.0/Qwen-Qwen3-1.7B-bfloat16-34816/14-1.0-0.95-aime24-1-128-131072-32768

---> Starting run: seed=15 (16/16)
Skipping run, results found in /projects/bdrx/azhang14/SoberReasoningPlus/results/temp_1.0/Qwen-Qwen3-1.7B-bfloat16-34816/15-1.0-0.95-aime24-1-128-131072-32768
Running evaluation for task: custom|aime25|0|0, temperature: 1.0, top_p: 0.95, num_seeds: 16

---> Starting run: seed=0 (1/16)
Skipping run, results found in /projects/bdrx/azhang14/SoberReasoningPlus/results/temp_1.0/Qwen-Qwen3-1.7B-bfloat16-34816/0-1.0-0.95-aime25-1-128-131072-32768

---> Starting run: seed=1 (2/16)
Skipping run, results found in /projects/bdrx/azhang14/SoberReasoningPlus/results/temp_1.0/Qwen-Qwen3-1.7B-bfloat16-34816/1-1.0-0.95-aime25-1-128-131072-32768

---> Starting run: seed=2 (3/16)
Skipping run, results found in /projects/bdrx/azhang14/SoberReasoningPlus/results/temp_1.0/Qwen-Qwen3-1.7B-bfloat16-34816/2-1.0-0.95-aime25-1-128-131072-32768

---> Starting run: seed=3 (4/16)
Skipping run, results found in /projects/bdrx/azhang14/SoberReasoningPlus/results/temp_1.0/Qwen-Qwen3-1.7B-bfloat16-34816/3-1.0-0.95-aime25-1-128-131072-32768

---> Starting run: seed=4 (5/16)
Skipping run, results found in /projects/bdrx/azhang14/SoberReasoningPlus/results/temp_1.0/Qwen-Qwen3-1.7B-bfloat16-34816/4-1.0-0.95-aime25-1-128-131072-32768

---> Starting run: seed=5 (6/16)
Skipping run, results found in /projects/bdrx/azhang14/SoberReasoningPlus/results/temp_1.0/Qwen-Qwen3-1.7B-bfloat16-34816/5-1.0-0.95-aime25-1-128-131072-32768

---> Starting run: seed=6 (7/16)
Skipping run, results found in /projects/bdrx/azhang14/SoberReasoningPlus/results/temp_1.0/Qwen-Qwen3-1.7B-bfloat16-34816/6-1.0-0.95-aime25-1-128-131072-32768

---> Starting run: seed=7 (8/16)
Skipping run, results found in /projects/bdrx/azhang14/SoberReasoningPlus/results/temp_1.0/Qwen-Qwen3-1.7B-bfloat16-34816/7-1.0-0.95-aime25-1-128-131072-32768

---> Starting run: seed=8 (9/16)
Skipping run, results found in /projects/bdrx/azhang14/SoberReasoningPlus/results/temp_1.0/Qwen-Qwen3-1.7B-bfloat16-34816/8-1.0-0.95-aime25-1-128-131072-32768

---> Starting run: seed=9 (10/16)
Skipping run, results found in /projects/bdrx/azhang14/SoberReasoningPlus/results/temp_1.0/Qwen-Qwen3-1.7B-bfloat16-34816/9-1.0-0.95-aime25-1-128-131072-32768

---> Starting run: seed=10 (11/16)
Skipping run, results found in /projects/bdrx/azhang14/SoberReasoningPlus/results/temp_1.0/Qwen-Qwen3-1.7B-bfloat16-34816/10-1.0-0.95-aime25-1-128-131072-32768

---> Starting run: seed=11 (12/16)
Skipping run, results found in /projects/bdrx/azhang14/SoberReasoningPlus/results/temp_1.0/Qwen-Qwen3-1.7B-bfloat16-34816/11-1.0-0.95-aime25-1-128-131072-32768

---> Starting run: seed=12 (13/16)
Skipping run, results found in /projects/bdrx/azhang14/SoberReasoningPlus/results/temp_1.0/Qwen-Qwen3-1.7B-bfloat16-34816/12-1.0-0.95-aime25-1-128-131072-32768

---> Starting run: seed=13 (14/16)
Skipping run, results found in /projects/bdrx/azhang14/SoberReasoningPlus/results/temp_1.0/Qwen-Qwen3-1.7B-bfloat16-34816/13-1.0-0.95-aime25-1-128-131072-32768

---> Starting run: seed=14 (15/16)
Skipping run, results found in /projects/bdrx/azhang14/SoberReasoningPlus/results/temp_1.0/Qwen-Qwen3-1.7B-bfloat16-34816/14-1.0-0.95-aime25-1-128-131072-32768

---> Starting run: seed=15 (16/16)
Skipping run, results found in /projects/bdrx/azhang14/SoberReasoningPlus/results/temp_1.0/Qwen-Qwen3-1.7B-bfloat16-34816/15-1.0-0.95-aime25-1-128-131072-32768
Running evaluation for task: custom|amc23|0|0, temperature: 1.0, top_p: 0.95, num_seeds: 16

---> Starting run: seed=0 (1/16)
Skipping run, results found in /projects/bdrx/azhang14/SoberReasoningPlus/results/temp_1.0/Qwen-Qwen3-1.7B-bfloat16-34816/0-1.0-0.95-amc23-1-128-131072-32768

---> Starting run: seed=1 (2/16)
Skipping run, results found in /projects/bdrx/azhang14/SoberReasoningPlus/results/temp_1.0/Qwen-Qwen3-1.7B-bfloat16-34816/1-1.0-0.95-amc23-1-128-131072-32768

---> Starting run: seed=2 (3/16)
Skipping run, results found in /projects/bdrx/azhang14/SoberReasoningPlus/results/temp_1.0/Qwen-Qwen3-1.7B-bfloat16-34816/2-1.0-0.95-amc23-1-128-131072-32768

---> Starting run: seed=3 (4/16)
Skipping run, results found in /projects/bdrx/azhang14/SoberReasoningPlus/results/temp_1.0/Qwen-Qwen3-1.7B-bfloat16-34816/3-1.0-0.95-amc23-1-128-131072-32768

---> Starting run: seed=4 (5/16)
Skipping run, results found in /projects/bdrx/azhang14/SoberReasoningPlus/results/temp_1.0/Qwen-Qwen3-1.7B-bfloat16-34816/4-1.0-0.95-amc23-1-128-131072-32768

---> Starting run: seed=5 (6/16)
Skipping run, results found in /projects/bdrx/azhang14/SoberReasoningPlus/results/temp_1.0/Qwen-Qwen3-1.7B-bfloat16-34816/5-1.0-0.95-amc23-1-128-131072-32768

---> Starting run: seed=6 (7/16)
Skipping run, results found in /projects/bdrx/azhang14/SoberReasoningPlus/results/temp_1.0/Qwen-Qwen3-1.7B-bfloat16-34816/6-1.0-0.95-amc23-1-128-131072-32768

---> Starting run: seed=7 (8/16)
Skipping run, results found in /projects/bdrx/azhang14/SoberReasoningPlus/results/temp_1.0/Qwen-Qwen3-1.7B-bfloat16-34816/7-1.0-0.95-amc23-1-128-131072-32768

---> Starting run: seed=8 (9/16)
Skipping run, results found in /projects/bdrx/azhang14/SoberReasoningPlus/results/temp_1.0/Qwen-Qwen3-1.7B-bfloat16-34816/8-1.0-0.95-amc23-1-128-131072-32768

---> Starting run: seed=9 (10/16)
Skipping run, results found in /projects/bdrx/azhang14/SoberReasoningPlus/results/temp_1.0/Qwen-Qwen3-1.7B-bfloat16-34816/9-1.0-0.95-amc23-1-128-131072-32768

---> Starting run: seed=10 (11/16)
Skipping run, results found in /projects/bdrx/azhang14/SoberReasoningPlus/results/temp_1.0/Qwen-Qwen3-1.7B-bfloat16-34816/10-1.0-0.95-amc23-1-128-131072-32768

---> Starting run: seed=11 (12/16)
Skipping run, results found in /projects/bdrx/azhang14/SoberReasoningPlus/results/temp_1.0/Qwen-Qwen3-1.7B-bfloat16-34816/11-1.0-0.95-amc23-1-128-131072-32768

---> Starting run: seed=12 (13/16)
Skipping run, results found in /projects/bdrx/azhang14/SoberReasoningPlus/results/temp_1.0/Qwen-Qwen3-1.7B-bfloat16-34816/12-1.0-0.95-amc23-1-128-131072-32768

---> Starting run: seed=13 (14/16)
Skipping run, results found in /projects/bdrx/azhang14/SoberReasoningPlus/results/temp_1.0/Qwen-Qwen3-1.7B-bfloat16-34816/13-1.0-0.95-amc23-1-128-131072-32768

---> Starting run: seed=14 (15/16)
Skipping run, results found in /projects/bdrx/azhang14/SoberReasoningPlus/results/temp_1.0/Qwen-Qwen3-1.7B-bfloat16-34816/14-1.0-0.95-amc23-1-128-131072-32768

---> Starting run: seed=15 (16/16)
Skipping run, results found in /projects/bdrx/azhang14/SoberReasoningPlus/results/temp_1.0/Qwen-Qwen3-1.7B-bfloat16-34816/15-1.0-0.95-amc23-1-128-131072-32768
Running evaluation for task: custom|math_500|0|0, temperature: 1.0, top_p: 0.95, num_seeds: 3

---> Starting run: seed=0 (1/3)
Skipping run, results found in /projects/bdrx/azhang14/SoberReasoningPlus/results/temp_1.0/Qwen-Qwen3-1.7B-bfloat16-34816/0-1.0-0.95-math_500-1-128-131072-32768

---> Starting run: seed=1 (2/3)
Skipping run, results found in /projects/bdrx/azhang14/SoberReasoningPlus/results/temp_1.0/Qwen-Qwen3-1.7B-bfloat16-34816/1-1.0-0.95-math_500-1-128-131072-32768

---> Starting run: seed=2 (3/3)
Skipping run, results found in /projects/bdrx/azhang14/SoberReasoningPlus/results/temp_1.0/Qwen-Qwen3-1.7B-bfloat16-34816/2-1.0-0.95-math_500-1-128-131072-32768
Running evaluation for task: custom|minerva|0|0, temperature: 1.0, top_p: 0.95, num_seeds: 3

---> Starting run: seed=0 (1/3)
Skipping run, results found in /projects/bdrx/azhang14/SoberReasoningPlus/results/temp_1.0/Qwen-Qwen3-1.7B-bfloat16-34816/0-1.0-0.95-minerva-1-128-131072-32768

---> Starting run: seed=1 (2/3)
Skipping run, results found in /projects/bdrx/azhang14/SoberReasoningPlus/results/temp_1.0/Qwen-Qwen3-1.7B-bfloat16-34816/1-1.0-0.95-minerva-1-128-131072-32768

---> Starting run: seed=2 (3/3)
Skipping run, results found in /projects/bdrx/azhang14/SoberReasoningPlus/results/temp_1.0/Qwen-Qwen3-1.7B-bfloat16-34816/2-1.0-0.95-minerva-1-128-131072-32768
Running evaluation for task: custom|olympiadbench|0|0, temperature: 1.0, top_p: 0.95, num_seeds: 3

---> Starting run: seed=0 (1/3)
Skipping run, results found in /projects/bdrx/azhang14/SoberReasoningPlus/results/temp_1.0/Qwen-Qwen3-1.7B-bfloat16-34816/0-1.0-0.95-olympiadbench-1-128-131072-32768

---> Starting run: seed=1 (2/3)
Skipping run, results found in /projects/bdrx/azhang14/SoberReasoningPlus/results/temp_1.0/Qwen-Qwen3-1.7B-bfloat16-34816/1-1.0-0.95-olympiadbench-1-128-131072-32768

---> Starting run: seed=2 (3/3)
Skipping run, results found in /projects/bdrx/azhang14/SoberReasoningPlus/results/temp_1.0/Qwen-Qwen3-1.7B-bfloat16-34816/2-1.0-0.95-olympiadbench-1-128-131072-32768
Total execution time: 0:01:52.896864
======================================
Running: Model=Qwen/Qwen3-1.7B, Temp=1.0, Top_P=1.0
======================================
INFO 12-07 03:28:09 [__init__.py:244] Automatically detected platform cuda.
Loading model...
INFO 12-07 03:29:07 [__init__.py:244] Automatically detected platform cuda.
Model loaded successfully.
[1.0] [1.0]
<class 'list'> <class 'list'>
Running evaluation for task: custom|aime24|0|0, temperature: 1.0, top_p: 1.0, num_seeds: 16

---> Starting run: seed=0 (1/16)
Skipping run, results found in /projects/bdrx/azhang14/SoberReasoningPlus/results/temp_1.0/Qwen-Qwen3-1.7B-bfloat16-34816/0-1.0-1.0-aime24-1-128-131072-32768

---> Starting run: seed=1 (2/16)
Skipping run, results found in /projects/bdrx/azhang14/SoberReasoningPlus/results/temp_1.0/Qwen-Qwen3-1.7B-bfloat16-34816/1-1.0-1.0-aime24-1-128-131072-32768

---> Starting run: seed=2 (3/16)
Skipping run, results found in /projects/bdrx/azhang14/SoberReasoningPlus/results/temp_1.0/Qwen-Qwen3-1.7B-bfloat16-34816/2-1.0-1.0-aime24-1-128-131072-32768

---> Starting run: seed=3 (4/16)
Skipping run, results found in /projects/bdrx/azhang14/SoberReasoningPlus/results/temp_1.0/Qwen-Qwen3-1.7B-bfloat16-34816/3-1.0-1.0-aime24-1-128-131072-32768

---> Starting run: seed=4 (5/16)
Skipping run, results found in /projects/bdrx/azhang14/SoberReasoningPlus/results/temp_1.0/Qwen-Qwen3-1.7B-bfloat16-34816/4-1.0-1.0-aime24-1-128-131072-32768

---> Starting run: seed=5 (6/16)
Skipping run, results found in /projects/bdrx/azhang14/SoberReasoningPlus/results/temp_1.0/Qwen-Qwen3-1.7B-bfloat16-34816/5-1.0-1.0-aime24-1-128-131072-32768

---> Starting run: seed=6 (7/16)
Skipping run, results found in /projects/bdrx/azhang14/SoberReasoningPlus/results/temp_1.0/Qwen-Qwen3-1.7B-bfloat16-34816/6-1.0-1.0-aime24-1-128-131072-32768

---> Starting run: seed=7 (8/16)
Skipping run, results found in /projects/bdrx/azhang14/SoberReasoningPlus/results/temp_1.0/Qwen-Qwen3-1.7B-bfloat16-34816/7-1.0-1.0-aime24-1-128-131072-32768

---> Starting run: seed=8 (9/16)
Skipping run, results found in /projects/bdrx/azhang14/SoberReasoningPlus/results/temp_1.0/Qwen-Qwen3-1.7B-bfloat16-34816/8-1.0-1.0-aime24-1-128-131072-32768

---> Starting run: seed=9 (10/16)
Skipping run, results found in /projects/bdrx/azhang14/SoberReasoningPlus/results/temp_1.0/Qwen-Qwen3-1.7B-bfloat16-34816/9-1.0-1.0-aime24-1-128-131072-32768

---> Starting run: seed=10 (11/16)
Skipping run, results found in /projects/bdrx/azhang14/SoberReasoningPlus/results/temp_1.0/Qwen-Qwen3-1.7B-bfloat16-34816/10-1.0-1.0-aime24-1-128-131072-32768

---> Starting run: seed=11 (12/16)
Skipping run, results found in /projects/bdrx/azhang14/SoberReasoningPlus/results/temp_1.0/Qwen-Qwen3-1.7B-bfloat16-34816/11-1.0-1.0-aime24-1-128-131072-32768

---> Starting run: seed=12 (13/16)
Skipping run, results found in /projects/bdrx/azhang14/SoberReasoningPlus/results/temp_1.0/Qwen-Qwen3-1.7B-bfloat16-34816/12-1.0-1.0-aime24-1-128-131072-32768

---> Starting run: seed=13 (14/16)
Skipping run, results found in /projects/bdrx/azhang14/SoberReasoningPlus/results/temp_1.0/Qwen-Qwen3-1.7B-bfloat16-34816/13-1.0-1.0-aime24-1-128-131072-32768

---> Starting run: seed=14 (15/16)
Skipping run, results found in /projects/bdrx/azhang14/SoberReasoningPlus/results/temp_1.0/Qwen-Qwen3-1.7B-bfloat16-34816/14-1.0-1.0-aime24-1-128-131072-32768

---> Starting run: seed=15 (16/16)
Skipping run, results found in /projects/bdrx/azhang14/SoberReasoningPlus/results/temp_1.0/Qwen-Qwen3-1.7B-bfloat16-34816/15-1.0-1.0-aime24-1-128-131072-32768
Running evaluation for task: custom|aime25|0|0, temperature: 1.0, top_p: 1.0, num_seeds: 16

---> Starting run: seed=0 (1/16)
Skipping run, results found in /projects/bdrx/azhang14/SoberReasoningPlus/results/temp_1.0/Qwen-Qwen3-1.7B-bfloat16-34816/0-1.0-1.0-aime25-1-128-131072-32768

---> Starting run: seed=1 (2/16)
Skipping run, results found in /projects/bdrx/azhang14/SoberReasoningPlus/results/temp_1.0/Qwen-Qwen3-1.7B-bfloat16-34816/1-1.0-1.0-aime25-1-128-131072-32768

---> Starting run: seed=2 (3/16)
Skipping run, results found in /projects/bdrx/azhang14/SoberReasoningPlus/results/temp_1.0/Qwen-Qwen3-1.7B-bfloat16-34816/2-1.0-1.0-aime25-1-128-131072-32768

---> Starting run: seed=3 (4/16)
Skipping run, results found in /projects/bdrx/azhang14/SoberReasoningPlus/results/temp_1.0/Qwen-Qwen3-1.7B-bfloat16-34816/3-1.0-1.0-aime25-1-128-131072-32768

---> Starting run: seed=4 (5/16)
Skipping run, results found in /projects/bdrx/azhang14/SoberReasoningPlus/results/temp_1.0/Qwen-Qwen3-1.7B-bfloat16-34816/4-1.0-1.0-aime25-1-128-131072-32768

---> Starting run: seed=5 (6/16)
Skipping run, results found in /projects/bdrx/azhang14/SoberReasoningPlus/results/temp_1.0/Qwen-Qwen3-1.7B-bfloat16-34816/5-1.0-1.0-aime25-1-128-131072-32768

---> Starting run: seed=6 (7/16)
Skipping run, results found in /projects/bdrx/azhang14/SoberReasoningPlus/results/temp_1.0/Qwen-Qwen3-1.7B-bfloat16-34816/6-1.0-1.0-aime25-1-128-131072-32768

---> Starting run: seed=7 (8/16)
Skipping run, results found in /projects/bdrx/azhang14/SoberReasoningPlus/results/temp_1.0/Qwen-Qwen3-1.7B-bfloat16-34816/7-1.0-1.0-aime25-1-128-131072-32768

---> Starting run: seed=8 (9/16)
Skipping run, results found in /projects/bdrx/azhang14/SoberReasoningPlus/results/temp_1.0/Qwen-Qwen3-1.7B-bfloat16-34816/8-1.0-1.0-aime25-1-128-131072-32768

---> Starting run: seed=9 (10/16)
Skipping run, results found in /projects/bdrx/azhang14/SoberReasoningPlus/results/temp_1.0/Qwen-Qwen3-1.7B-bfloat16-34816/9-1.0-1.0-aime25-1-128-131072-32768

---> Starting run: seed=10 (11/16)
Skipping run, results found in /projects/bdrx/azhang14/SoberReasoningPlus/results/temp_1.0/Qwen-Qwen3-1.7B-bfloat16-34816/10-1.0-1.0-aime25-1-128-131072-32768

---> Starting run: seed=11 (12/16)
Skipping run, results found in /projects/bdrx/azhang14/SoberReasoningPlus/results/temp_1.0/Qwen-Qwen3-1.7B-bfloat16-34816/11-1.0-1.0-aime25-1-128-131072-32768

---> Starting run: seed=12 (13/16)
Skipping run, results found in /projects/bdrx/azhang14/SoberReasoningPlus/results/temp_1.0/Qwen-Qwen3-1.7B-bfloat16-34816/12-1.0-1.0-aime25-1-128-131072-32768

---> Starting run: seed=13 (14/16)
Skipping run, results found in /projects/bdrx/azhang14/SoberReasoningPlus/results/temp_1.0/Qwen-Qwen3-1.7B-bfloat16-34816/13-1.0-1.0-aime25-1-128-131072-32768

---> Starting run: seed=14 (15/16)
Skipping run, results found in /projects/bdrx/azhang14/SoberReasoningPlus/results/temp_1.0/Qwen-Qwen3-1.7B-bfloat16-34816/14-1.0-1.0-aime25-1-128-131072-32768

---> Starting run: seed=15 (16/16)
Skipping run, results found in /projects/bdrx/azhang14/SoberReasoningPlus/results/temp_1.0/Qwen-Qwen3-1.7B-bfloat16-34816/15-1.0-1.0-aime25-1-128-131072-32768
Running evaluation for task: custom|amc23|0|0, temperature: 1.0, top_p: 1.0, num_seeds: 16

---> Starting run: seed=0 (1/16)
Skipping run, results found in /projects/bdrx/azhang14/SoberReasoningPlus/results/temp_1.0/Qwen-Qwen3-1.7B-bfloat16-34816/0-1.0-1.0-amc23-1-128-131072-32768

---> Starting run: seed=1 (2/16)
Skipping run, results found in /projects/bdrx/azhang14/SoberReasoningPlus/results/temp_1.0/Qwen-Qwen3-1.7B-bfloat16-34816/1-1.0-1.0-amc23-1-128-131072-32768

---> Starting run: seed=2 (3/16)
Skipping run, results found in /projects/bdrx/azhang14/SoberReasoningPlus/results/temp_1.0/Qwen-Qwen3-1.7B-bfloat16-34816/2-1.0-1.0-amc23-1-128-131072-32768

---> Starting run: seed=3 (4/16)
Skipping run, results found in /projects/bdrx/azhang14/SoberReasoningPlus/results/temp_1.0/Qwen-Qwen3-1.7B-bfloat16-34816/3-1.0-1.0-amc23-1-128-131072-32768

---> Starting run: seed=4 (5/16)
Skipping run, results found in /projects/bdrx/azhang14/SoberReasoningPlus/results/temp_1.0/Qwen-Qwen3-1.7B-bfloat16-34816/4-1.0-1.0-amc23-1-128-131072-32768

---> Starting run: seed=5 (6/16)
Skipping run, results found in /projects/bdrx/azhang14/SoberReasoningPlus/results/temp_1.0/Qwen-Qwen3-1.7B-bfloat16-34816/5-1.0-1.0-amc23-1-128-131072-32768

---> Starting run: seed=6 (7/16)
Skipping run, results found in /projects/bdrx/azhang14/SoberReasoningPlus/results/temp_1.0/Qwen-Qwen3-1.7B-bfloat16-34816/6-1.0-1.0-amc23-1-128-131072-32768

---> Starting run: seed=7 (8/16)
Skipping run, results found in /projects/bdrx/azhang14/SoberReasoningPlus/results/temp_1.0/Qwen-Qwen3-1.7B-bfloat16-34816/7-1.0-1.0-amc23-1-128-131072-32768

---> Starting run: seed=8 (9/16)
Skipping run, results found in /projects/bdrx/azhang14/SoberReasoningPlus/results/temp_1.0/Qwen-Qwen3-1.7B-bfloat16-34816/8-1.0-1.0-amc23-1-128-131072-32768

---> Starting run: seed=9 (10/16)
Skipping run, results found in /projects/bdrx/azhang14/SoberReasoningPlus/results/temp_1.0/Qwen-Qwen3-1.7B-bfloat16-34816/9-1.0-1.0-amc23-1-128-131072-32768

---> Starting run: seed=10 (11/16)
Skipping run, results found in /projects/bdrx/azhang14/SoberReasoningPlus/results/temp_1.0/Qwen-Qwen3-1.7B-bfloat16-34816/10-1.0-1.0-amc23-1-128-131072-32768

---> Starting run: seed=11 (12/16)
Skipping run, results found in /projects/bdrx/azhang14/SoberReasoningPlus/results/temp_1.0/Qwen-Qwen3-1.7B-bfloat16-34816/11-1.0-1.0-amc23-1-128-131072-32768

---> Starting run: seed=12 (13/16)
Skipping run, results found in /projects/bdrx/azhang14/SoberReasoningPlus/results/temp_1.0/Qwen-Qwen3-1.7B-bfloat16-34816/12-1.0-1.0-amc23-1-128-131072-32768

---> Starting run: seed=13 (14/16)
Skipping run, results found in /projects/bdrx/azhang14/SoberReasoningPlus/results/temp_1.0/Qwen-Qwen3-1.7B-bfloat16-34816/13-1.0-1.0-amc23-1-128-131072-32768

---> Starting run: seed=14 (15/16)
Skipping run, results found in /projects/bdrx/azhang14/SoberReasoningPlus/results/temp_1.0/Qwen-Qwen3-1.7B-bfloat16-34816/14-1.0-1.0-amc23-1-128-131072-32768

---> Starting run: seed=15 (16/16)
Skipping run, results found in /projects/bdrx/azhang14/SoberReasoningPlus/results/temp_1.0/Qwen-Qwen3-1.7B-bfloat16-34816/15-1.0-1.0-amc23-1-128-131072-32768
Running evaluation for task: custom|math_500|0|0, temperature: 1.0, top_p: 1.0, num_seeds: 3

---> Starting run: seed=0 (1/3)
Skipping run, results found in /projects/bdrx/azhang14/SoberReasoningPlus/results/temp_1.0/Qwen-Qwen3-1.7B-bfloat16-34816/0-1.0-1.0-math_500-1-128-131072-32768

---> Starting run: seed=1 (2/3)
Skipping run, results found in /projects/bdrx/azhang14/SoberReasoningPlus/results/temp_1.0/Qwen-Qwen3-1.7B-bfloat16-34816/1-1.0-1.0-math_500-1-128-131072-32768

---> Starting run: seed=2 (3/3)
Skipping run, results found in /projects/bdrx/azhang14/SoberReasoningPlus/results/temp_1.0/Qwen-Qwen3-1.7B-bfloat16-34816/2-1.0-1.0-math_500-1-128-131072-32768
Running evaluation for task: custom|minerva|0|0, temperature: 1.0, top_p: 1.0, num_seeds: 3

---> Starting run: seed=0 (1/3)
Skipping run, results found in /projects/bdrx/azhang14/SoberReasoningPlus/results/temp_1.0/Qwen-Qwen3-1.7B-bfloat16-34816/0-1.0-1.0-minerva-1-128-131072-32768

---> Starting run: seed=1 (2/3)
Skipping run, results found in /projects/bdrx/azhang14/SoberReasoningPlus/results/temp_1.0/Qwen-Qwen3-1.7B-bfloat16-34816/1-1.0-1.0-minerva-1-128-131072-32768

---> Starting run: seed=2 (3/3)
Skipping run, results found in /projects/bdrx/azhang14/SoberReasoningPlus/results/temp_1.0/Qwen-Qwen3-1.7B-bfloat16-34816/2-1.0-1.0-minerva-1-128-131072-32768
Running evaluation for task: custom|olympiadbench|0|0, temperature: 1.0, top_p: 1.0, num_seeds: 3

---> Starting run: seed=0 (1/3)
Skipping run, results found in /projects/bdrx/azhang14/SoberReasoningPlus/results/temp_1.0/Qwen-Qwen3-1.7B-bfloat16-34816/0-1.0-1.0-olympiadbench-1-128-131072-32768

---> Starting run: seed=1 (2/3)
Skipping run, results found in /projects/bdrx/azhang14/SoberReasoningPlus/results/temp_1.0/Qwen-Qwen3-1.7B-bfloat16-34816/1-1.0-1.0-olympiadbench-1-128-131072-32768

---> Starting run: seed=2 (3/3)
Skipping run, results found in /projects/bdrx/azhang14/SoberReasoningPlus/results/temp_1.0/Qwen-Qwen3-1.7B-bfloat16-34816/2-1.0-1.0-olympiadbench-1-128-131072-32768
Total execution time: 0:01:52.125947
