HF_HOME is set to /projects/bdrx/azhang14/huggingface_cache
======================================
Running: Model=Qwen/Qwen3-1.7B, Temp=0, Top_P=0.7
======================================
INFO 12-03 15:03:33 [__init__.py:244] Automatically detected platform cuda.
Loading model...
INFO 12-03 15:06:36 [__init__.py:244] Automatically detected platform cuda.
Model loaded successfully.
[0.0] [0.7]
<class 'list'> <class 'list'>
Running evaluation for task: custom|aime24|0|0, temperature: 0.0, top_p: 0.7, num_seeds: 16

---> Starting run: seed=0 (1/16)
Skipping run, results found in /projects/bdrx/azhang14/SoberReasoningPlus/results/temp_0/Qwen-Qwen3-1.7B-bfloat16-34816/0-0.0-0.7-aime24-1-128-131072-32768

---> Starting run: seed=1 (2/16)
Skipping run, results found in /projects/bdrx/azhang14/SoberReasoningPlus/results/temp_0/Qwen-Qwen3-1.7B-bfloat16-34816/1-0.0-0.7-aime24-1-128-131072-32768

---> Starting run: seed=2 (3/16)
Skipping run, results found in /projects/bdrx/azhang14/SoberReasoningPlus/results/temp_0/Qwen-Qwen3-1.7B-bfloat16-34816/2-0.0-0.7-aime24-1-128-131072-32768

---> Starting run: seed=3 (4/16)
Skipping run, results found in /projects/bdrx/azhang14/SoberReasoningPlus/results/temp_0/Qwen-Qwen3-1.7B-bfloat16-34816/3-0.0-0.7-aime24-1-128-131072-32768

---> Starting run: seed=4 (5/16)
Skipping run, results found in /projects/bdrx/azhang14/SoberReasoningPlus/results/temp_0/Qwen-Qwen3-1.7B-bfloat16-34816/4-0.0-0.7-aime24-1-128-131072-32768

---> Starting run: seed=5 (6/16)
Skipping run, results found in /projects/bdrx/azhang14/SoberReasoningPlus/results/temp_0/Qwen-Qwen3-1.7B-bfloat16-34816/5-0.0-0.7-aime24-1-128-131072-32768

---> Starting run: seed=6 (7/16)
Skipping run, results found in /projects/bdrx/azhang14/SoberReasoningPlus/results/temp_0/Qwen-Qwen3-1.7B-bfloat16-34816/6-0.0-0.7-aime24-1-128-131072-32768

---> Starting run: seed=7 (8/16)
Skipping run, results found in /projects/bdrx/azhang14/SoberReasoningPlus/results/temp_0/Qwen-Qwen3-1.7B-bfloat16-34816/7-0.0-0.7-aime24-1-128-131072-32768

---> Starting run: seed=8 (9/16)
Skipping run, results found in /projects/bdrx/azhang14/SoberReasoningPlus/results/temp_0/Qwen-Qwen3-1.7B-bfloat16-34816/8-0.0-0.7-aime24-1-128-131072-32768

---> Starting run: seed=9 (10/16)
Skipping run, results found in /projects/bdrx/azhang14/SoberReasoningPlus/results/temp_0/Qwen-Qwen3-1.7B-bfloat16-34816/9-0.0-0.7-aime24-1-128-131072-32768

---> Starting run: seed=10 (11/16)
Skipping run, results found in /projects/bdrx/azhang14/SoberReasoningPlus/results/temp_0/Qwen-Qwen3-1.7B-bfloat16-34816/10-0.0-0.7-aime24-1-128-131072-32768

---> Starting run: seed=11 (12/16)
Skipping run, results found in /projects/bdrx/azhang14/SoberReasoningPlus/results/temp_0/Qwen-Qwen3-1.7B-bfloat16-34816/11-0.0-0.7-aime24-1-128-131072-32768

---> Starting run: seed=12 (13/16)
Skipping run, results found in /projects/bdrx/azhang14/SoberReasoningPlus/results/temp_0/Qwen-Qwen3-1.7B-bfloat16-34816/12-0.0-0.7-aime24-1-128-131072-32768

---> Starting run: seed=13 (14/16)
Skipping run, results found in /projects/bdrx/azhang14/SoberReasoningPlus/results/temp_0/Qwen-Qwen3-1.7B-bfloat16-34816/13-0.0-0.7-aime24-1-128-131072-32768

---> Starting run: seed=14 (15/16)
Skipping run, results found in /projects/bdrx/azhang14/SoberReasoningPlus/results/temp_0/Qwen-Qwen3-1.7B-bfloat16-34816/14-0.0-0.7-aime24-1-128-131072-32768

---> Starting run: seed=15 (16/16)
Skipping run, results found in /projects/bdrx/azhang14/SoberReasoningPlus/results/temp_0/Qwen-Qwen3-1.7B-bfloat16-34816/15-0.0-0.7-aime24-1-128-131072-32768
Running evaluation for task: custom|aime25|0|0, temperature: 0.0, top_p: 0.7, num_seeds: 16

---> Starting run: seed=0 (1/16)
Skipping run, results found in /projects/bdrx/azhang14/SoberReasoningPlus/results/temp_0/Qwen-Qwen3-1.7B-bfloat16-34816/0-0.0-0.7-aime25-1-128-131072-32768

---> Starting run: seed=1 (2/16)
Skipping run, results found in /projects/bdrx/azhang14/SoberReasoningPlus/results/temp_0/Qwen-Qwen3-1.7B-bfloat16-34816/1-0.0-0.7-aime25-1-128-131072-32768

---> Starting run: seed=2 (3/16)
Skipping run, results found in /projects/bdrx/azhang14/SoberReasoningPlus/results/temp_0/Qwen-Qwen3-1.7B-bfloat16-34816/2-0.0-0.7-aime25-1-128-131072-32768

---> Starting run: seed=3 (4/16)
Skipping run, results found in /projects/bdrx/azhang14/SoberReasoningPlus/results/temp_0/Qwen-Qwen3-1.7B-bfloat16-34816/3-0.0-0.7-aime25-1-128-131072-32768

---> Starting run: seed=4 (5/16)
Skipping run, results found in /projects/bdrx/azhang14/SoberReasoningPlus/results/temp_0/Qwen-Qwen3-1.7B-bfloat16-34816/4-0.0-0.7-aime25-1-128-131072-32768

---> Starting run: seed=5 (6/16)
Skipping run, results found in /projects/bdrx/azhang14/SoberReasoningPlus/results/temp_0/Qwen-Qwen3-1.7B-bfloat16-34816/5-0.0-0.7-aime25-1-128-131072-32768

---> Starting run: seed=6 (7/16)
Skipping run, results found in /projects/bdrx/azhang14/SoberReasoningPlus/results/temp_0/Qwen-Qwen3-1.7B-bfloat16-34816/6-0.0-0.7-aime25-1-128-131072-32768

---> Starting run: seed=7 (8/16)
Skipping run, results found in /projects/bdrx/azhang14/SoberReasoningPlus/results/temp_0/Qwen-Qwen3-1.7B-bfloat16-34816/7-0.0-0.7-aime25-1-128-131072-32768

---> Starting run: seed=8 (9/16)
Skipping run, results found in /projects/bdrx/azhang14/SoberReasoningPlus/results/temp_0/Qwen-Qwen3-1.7B-bfloat16-34816/8-0.0-0.7-aime25-1-128-131072-32768

---> Starting run: seed=9 (10/16)
Skipping run, results found in /projects/bdrx/azhang14/SoberReasoningPlus/results/temp_0/Qwen-Qwen3-1.7B-bfloat16-34816/9-0.0-0.7-aime25-1-128-131072-32768

---> Starting run: seed=10 (11/16)
Skipping run, results found in /projects/bdrx/azhang14/SoberReasoningPlus/results/temp_0/Qwen-Qwen3-1.7B-bfloat16-34816/10-0.0-0.7-aime25-1-128-131072-32768

---> Starting run: seed=11 (12/16)
Skipping run, results found in /projects/bdrx/azhang14/SoberReasoningPlus/results/temp_0/Qwen-Qwen3-1.7B-bfloat16-34816/11-0.0-0.7-aime25-1-128-131072-32768

---> Starting run: seed=12 (13/16)
Skipping run, results found in /projects/bdrx/azhang14/SoberReasoningPlus/results/temp_0/Qwen-Qwen3-1.7B-bfloat16-34816/12-0.0-0.7-aime25-1-128-131072-32768

---> Starting run: seed=13 (14/16)
Skipping run, results found in /projects/bdrx/azhang14/SoberReasoningPlus/results/temp_0/Qwen-Qwen3-1.7B-bfloat16-34816/13-0.0-0.7-aime25-1-128-131072-32768

---> Starting run: seed=14 (15/16)
Skipping run, results found in /projects/bdrx/azhang14/SoberReasoningPlus/results/temp_0/Qwen-Qwen3-1.7B-bfloat16-34816/14-0.0-0.7-aime25-1-128-131072-32768

---> Starting run: seed=15 (16/16)
Skipping run, results found in /projects/bdrx/azhang14/SoberReasoningPlus/results/temp_0/Qwen-Qwen3-1.7B-bfloat16-34816/15-0.0-0.7-aime25-1-128-131072-32768
Running evaluation for task: custom|amc23|0|0, temperature: 0.0, top_p: 0.7, num_seeds: 16

---> Starting run: seed=0 (1/16)
Skipping run, results found in /projects/bdrx/azhang14/SoberReasoningPlus/results/temp_0/Qwen-Qwen3-1.7B-bfloat16-34816/0-0.0-0.7-amc23-1-128-131072-32768

---> Starting run: seed=1 (2/16)
Skipping run, results found in /projects/bdrx/azhang14/SoberReasoningPlus/results/temp_0/Qwen-Qwen3-1.7B-bfloat16-34816/1-0.0-0.7-amc23-1-128-131072-32768

---> Starting run: seed=2 (3/16)
Skipping run, results found in /projects/bdrx/azhang14/SoberReasoningPlus/results/temp_0/Qwen-Qwen3-1.7B-bfloat16-34816/2-0.0-0.7-amc23-1-128-131072-32768

---> Starting run: seed=3 (4/16)
Skipping run, results found in /projects/bdrx/azhang14/SoberReasoningPlus/results/temp_0/Qwen-Qwen3-1.7B-bfloat16-34816/3-0.0-0.7-amc23-1-128-131072-32768

---> Starting run: seed=4 (5/16)
Skipping run, results found in /projects/bdrx/azhang14/SoberReasoningPlus/results/temp_0/Qwen-Qwen3-1.7B-bfloat16-34816/4-0.0-0.7-amc23-1-128-131072-32768

---> Starting run: seed=5 (6/16)
Skipping run, results found in /projects/bdrx/azhang14/SoberReasoningPlus/results/temp_0/Qwen-Qwen3-1.7B-bfloat16-34816/5-0.0-0.7-amc23-1-128-131072-32768

---> Starting run: seed=6 (7/16)
Skipping run, results found in /projects/bdrx/azhang14/SoberReasoningPlus/results/temp_0/Qwen-Qwen3-1.7B-bfloat16-34816/6-0.0-0.7-amc23-1-128-131072-32768

---> Starting run: seed=7 (8/16)
Skipping run, results found in /projects/bdrx/azhang14/SoberReasoningPlus/results/temp_0/Qwen-Qwen3-1.7B-bfloat16-34816/7-0.0-0.7-amc23-1-128-131072-32768

---> Starting run: seed=8 (9/16)
Skipping run, results found in /projects/bdrx/azhang14/SoberReasoningPlus/results/temp_0/Qwen-Qwen3-1.7B-bfloat16-34816/8-0.0-0.7-amc23-1-128-131072-32768

---> Starting run: seed=9 (10/16)
Skipping run, results found in /projects/bdrx/azhang14/SoberReasoningPlus/results/temp_0/Qwen-Qwen3-1.7B-bfloat16-34816/9-0.0-0.7-amc23-1-128-131072-32768

---> Starting run: seed=10 (11/16)
Skipping run, results found in /projects/bdrx/azhang14/SoberReasoningPlus/results/temp_0/Qwen-Qwen3-1.7B-bfloat16-34816/10-0.0-0.7-amc23-1-128-131072-32768

---> Starting run: seed=11 (12/16)
Skipping run, results found in /projects/bdrx/azhang14/SoberReasoningPlus/results/temp_0/Qwen-Qwen3-1.7B-bfloat16-34816/11-0.0-0.7-amc23-1-128-131072-32768

---> Starting run: seed=12 (13/16)
Skipping run, results found in /projects/bdrx/azhang14/SoberReasoningPlus/results/temp_0/Qwen-Qwen3-1.7B-bfloat16-34816/12-0.0-0.7-amc23-1-128-131072-32768

---> Starting run: seed=13 (14/16)
Skipping run, results found in /projects/bdrx/azhang14/SoberReasoningPlus/results/temp_0/Qwen-Qwen3-1.7B-bfloat16-34816/13-0.0-0.7-amc23-1-128-131072-32768

---> Starting run: seed=14 (15/16)
Skipping run, results found in /projects/bdrx/azhang14/SoberReasoningPlus/results/temp_0/Qwen-Qwen3-1.7B-bfloat16-34816/14-0.0-0.7-amc23-1-128-131072-32768

---> Starting run: seed=15 (16/16)
Skipping run, results found in /projects/bdrx/azhang14/SoberReasoningPlus/results/temp_0/Qwen-Qwen3-1.7B-bfloat16-34816/15-0.0-0.7-amc23-1-128-131072-32768
Running evaluation for task: custom|math_500|0|0, temperature: 0.0, top_p: 0.7, num_seeds: 3

---> Starting run: seed=0 (1/3)
Skipping run, results found in /projects/bdrx/azhang14/SoberReasoningPlus/results/temp_0/Qwen-Qwen3-1.7B-bfloat16-34816/0-0.0-0.7-math_500-1-128-131072-32768

---> Starting run: seed=1 (2/3)
Skipping run, results found in /projects/bdrx/azhang14/SoberReasoningPlus/results/temp_0/Qwen-Qwen3-1.7B-bfloat16-34816/1-0.0-0.7-math_500-1-128-131072-32768

---> Starting run: seed=2 (3/3)
Skipping run, results found in /projects/bdrx/azhang14/SoberReasoningPlus/results/temp_0/Qwen-Qwen3-1.7B-bfloat16-34816/2-0.0-0.7-math_500-1-128-131072-32768
Running evaluation for task: custom|minerva|0|0, temperature: 0.0, top_p: 0.7, num_seeds: 3

---> Starting run: seed=0 (1/3)
Skipping run, results found in /projects/bdrx/azhang14/SoberReasoningPlus/results/temp_0/Qwen-Qwen3-1.7B-bfloat16-34816/0-0.0-0.7-minerva-1-128-131072-32768

---> Starting run: seed=1 (2/3)
Skipping run, results found in /projects/bdrx/azhang14/SoberReasoningPlus/results/temp_0/Qwen-Qwen3-1.7B-bfloat16-34816/1-0.0-0.7-minerva-1-128-131072-32768

---> Starting run: seed=2 (3/3)
Skipping run, results found in /projects/bdrx/azhang14/SoberReasoningPlus/results/temp_0/Qwen-Qwen3-1.7B-bfloat16-34816/2-0.0-0.7-minerva-1-128-131072-32768
Running evaluation for task: custom|olympiadbench|0|0, temperature: 0.0, top_p: 0.7, num_seeds: 3

---> Starting run: seed=0 (1/3)
Skipping run, results found in /projects/bdrx/azhang14/SoberReasoningPlus/results/temp_0/Qwen-Qwen3-1.7B-bfloat16-34816/0-0.0-0.7-olympiadbench-1-128-131072-32768

---> Starting run: seed=1 (2/3)
Skipping run, results found in /projects/bdrx/azhang14/SoberReasoningPlus/results/temp_0/Qwen-Qwen3-1.7B-bfloat16-34816/1-0.0-0.7-olympiadbench-1-128-131072-32768

---> Starting run: seed=2 (3/3)
Skipping run, results found in /projects/bdrx/azhang14/SoberReasoningPlus/results/temp_0/Qwen-Qwen3-1.7B-bfloat16-34816/2-0.0-0.7-olympiadbench-1-128-131072-32768
Total execution time: 0:04:25.004667
======================================
Running: Model=Qwen/Qwen3-1.7B, Temp=0, Top_P=0.8
======================================
INFO 12-03 15:09:28 [__init__.py:244] Automatically detected platform cuda.
Loading model...
INFO 12-03 15:11:45 [__init__.py:244] Automatically detected platform cuda.
Model loaded successfully.
[0.0] [0.8]
<class 'list'> <class 'list'>
Running evaluation for task: custom|aime24|0|0, temperature: 0.0, top_p: 0.8, num_seeds: 16

---> Starting run: seed=0 (1/16)
Skipping run, results found in /projects/bdrx/azhang14/SoberReasoningPlus/results/temp_0/Qwen-Qwen3-1.7B-bfloat16-34816/0-0.0-0.8-aime24-1-128-131072-32768

---> Starting run: seed=1 (2/16)
Skipping run, results found in /projects/bdrx/azhang14/SoberReasoningPlus/results/temp_0/Qwen-Qwen3-1.7B-bfloat16-34816/1-0.0-0.8-aime24-1-128-131072-32768

---> Starting run: seed=2 (3/16)
Skipping run, results found in /projects/bdrx/azhang14/SoberReasoningPlus/results/temp_0/Qwen-Qwen3-1.7B-bfloat16-34816/2-0.0-0.8-aime24-1-128-131072-32768

---> Starting run: seed=3 (4/16)
Skipping run, results found in /projects/bdrx/azhang14/SoberReasoningPlus/results/temp_0/Qwen-Qwen3-1.7B-bfloat16-34816/3-0.0-0.8-aime24-1-128-131072-32768

---> Starting run: seed=4 (5/16)
Skipping run, results found in /projects/bdrx/azhang14/SoberReasoningPlus/results/temp_0/Qwen-Qwen3-1.7B-bfloat16-34816/4-0.0-0.8-aime24-1-128-131072-32768

---> Starting run: seed=5 (6/16)
Skipping run, results found in /projects/bdrx/azhang14/SoberReasoningPlus/results/temp_0/Qwen-Qwen3-1.7B-bfloat16-34816/5-0.0-0.8-aime24-1-128-131072-32768

---> Starting run: seed=6 (7/16)
Skipping run, results found in /projects/bdrx/azhang14/SoberReasoningPlus/results/temp_0/Qwen-Qwen3-1.7B-bfloat16-34816/6-0.0-0.8-aime24-1-128-131072-32768

---> Starting run: seed=7 (8/16)
Skipping run, results found in /projects/bdrx/azhang14/SoberReasoningPlus/results/temp_0/Qwen-Qwen3-1.7B-bfloat16-34816/7-0.0-0.8-aime24-1-128-131072-32768

---> Starting run: seed=8 (9/16)
Skipping run, results found in /projects/bdrx/azhang14/SoberReasoningPlus/results/temp_0/Qwen-Qwen3-1.7B-bfloat16-34816/8-0.0-0.8-aime24-1-128-131072-32768

---> Starting run: seed=9 (10/16)
Skipping run, results found in /projects/bdrx/azhang14/SoberReasoningPlus/results/temp_0/Qwen-Qwen3-1.7B-bfloat16-34816/9-0.0-0.8-aime24-1-128-131072-32768

---> Starting run: seed=10 (11/16)
Skipping run, results found in /projects/bdrx/azhang14/SoberReasoningPlus/results/temp_0/Qwen-Qwen3-1.7B-bfloat16-34816/10-0.0-0.8-aime24-1-128-131072-32768

---> Starting run: seed=11 (12/16)
Skipping run, results found in /projects/bdrx/azhang14/SoberReasoningPlus/results/temp_0/Qwen-Qwen3-1.7B-bfloat16-34816/11-0.0-0.8-aime24-1-128-131072-32768

---> Starting run: seed=12 (13/16)
Skipping run, results found in /projects/bdrx/azhang14/SoberReasoningPlus/results/temp_0/Qwen-Qwen3-1.7B-bfloat16-34816/12-0.0-0.8-aime24-1-128-131072-32768

---> Starting run: seed=13 (14/16)
Skipping run, results found in /projects/bdrx/azhang14/SoberReasoningPlus/results/temp_0/Qwen-Qwen3-1.7B-bfloat16-34816/13-0.0-0.8-aime24-1-128-131072-32768

---> Starting run: seed=14 (15/16)
Skipping run, results found in /projects/bdrx/azhang14/SoberReasoningPlus/results/temp_0/Qwen-Qwen3-1.7B-bfloat16-34816/14-0.0-0.8-aime24-1-128-131072-32768

---> Starting run: seed=15 (16/16)
Skipping run, results found in /projects/bdrx/azhang14/SoberReasoningPlus/results/temp_0/Qwen-Qwen3-1.7B-bfloat16-34816/15-0.0-0.8-aime24-1-128-131072-32768
Running evaluation for task: custom|aime25|0|0, temperature: 0.0, top_p: 0.8, num_seeds: 16

---> Starting run: seed=0 (1/16)
Skipping run, results found in /projects/bdrx/azhang14/SoberReasoningPlus/results/temp_0/Qwen-Qwen3-1.7B-bfloat16-34816/0-0.0-0.8-aime25-1-128-131072-32768

---> Starting run: seed=1 (2/16)
Skipping run, results found in /projects/bdrx/azhang14/SoberReasoningPlus/results/temp_0/Qwen-Qwen3-1.7B-bfloat16-34816/1-0.0-0.8-aime25-1-128-131072-32768

---> Starting run: seed=2 (3/16)
Skipping run, results found in /projects/bdrx/azhang14/SoberReasoningPlus/results/temp_0/Qwen-Qwen3-1.7B-bfloat16-34816/2-0.0-0.8-aime25-1-128-131072-32768

---> Starting run: seed=3 (4/16)
Skipping run, results found in /projects/bdrx/azhang14/SoberReasoningPlus/results/temp_0/Qwen-Qwen3-1.7B-bfloat16-34816/3-0.0-0.8-aime25-1-128-131072-32768

---> Starting run: seed=4 (5/16)
Skipping run, results found in /projects/bdrx/azhang14/SoberReasoningPlus/results/temp_0/Qwen-Qwen3-1.7B-bfloat16-34816/4-0.0-0.8-aime25-1-128-131072-32768

---> Starting run: seed=5 (6/16)
Skipping run, results found in /projects/bdrx/azhang14/SoberReasoningPlus/results/temp_0/Qwen-Qwen3-1.7B-bfloat16-34816/5-0.0-0.8-aime25-1-128-131072-32768

---> Starting run: seed=6 (7/16)
Skipping run, results found in /projects/bdrx/azhang14/SoberReasoningPlus/results/temp_0/Qwen-Qwen3-1.7B-bfloat16-34816/6-0.0-0.8-aime25-1-128-131072-32768

---> Starting run: seed=7 (8/16)
Skipping run, results found in /projects/bdrx/azhang14/SoberReasoningPlus/results/temp_0/Qwen-Qwen3-1.7B-bfloat16-34816/7-0.0-0.8-aime25-1-128-131072-32768

---> Starting run: seed=8 (9/16)
Skipping run, results found in /projects/bdrx/azhang14/SoberReasoningPlus/results/temp_0/Qwen-Qwen3-1.7B-bfloat16-34816/8-0.0-0.8-aime25-1-128-131072-32768

---> Starting run: seed=9 (10/16)
Skipping run, results found in /projects/bdrx/azhang14/SoberReasoningPlus/results/temp_0/Qwen-Qwen3-1.7B-bfloat16-34816/9-0.0-0.8-aime25-1-128-131072-32768

---> Starting run: seed=10 (11/16)
Skipping run, results found in /projects/bdrx/azhang14/SoberReasoningPlus/results/temp_0/Qwen-Qwen3-1.7B-bfloat16-34816/10-0.0-0.8-aime25-1-128-131072-32768

---> Starting run: seed=11 (12/16)
Skipping run, results found in /projects/bdrx/azhang14/SoberReasoningPlus/results/temp_0/Qwen-Qwen3-1.7B-bfloat16-34816/11-0.0-0.8-aime25-1-128-131072-32768

---> Starting run: seed=12 (13/16)
Skipping run, results found in /projects/bdrx/azhang14/SoberReasoningPlus/results/temp_0/Qwen-Qwen3-1.7B-bfloat16-34816/12-0.0-0.8-aime25-1-128-131072-32768

---> Starting run: seed=13 (14/16)
Skipping run, results found in /projects/bdrx/azhang14/SoberReasoningPlus/results/temp_0/Qwen-Qwen3-1.7B-bfloat16-34816/13-0.0-0.8-aime25-1-128-131072-32768

---> Starting run: seed=14 (15/16)
Skipping run, results found in /projects/bdrx/azhang14/SoberReasoningPlus/results/temp_0/Qwen-Qwen3-1.7B-bfloat16-34816/14-0.0-0.8-aime25-1-128-131072-32768

---> Starting run: seed=15 (16/16)
Skipping run, results found in /projects/bdrx/azhang14/SoberReasoningPlus/results/temp_0/Qwen-Qwen3-1.7B-bfloat16-34816/15-0.0-0.8-aime25-1-128-131072-32768
Running evaluation for task: custom|amc23|0|0, temperature: 0.0, top_p: 0.8, num_seeds: 16

---> Starting run: seed=0 (1/16)
Skipping run, results found in /projects/bdrx/azhang14/SoberReasoningPlus/results/temp_0/Qwen-Qwen3-1.7B-bfloat16-34816/0-0.0-0.8-amc23-1-128-131072-32768

---> Starting run: seed=1 (2/16)
Skipping run, results found in /projects/bdrx/azhang14/SoberReasoningPlus/results/temp_0/Qwen-Qwen3-1.7B-bfloat16-34816/1-0.0-0.8-amc23-1-128-131072-32768

---> Starting run: seed=2 (3/16)
Skipping run, results found in /projects/bdrx/azhang14/SoberReasoningPlus/results/temp_0/Qwen-Qwen3-1.7B-bfloat16-34816/2-0.0-0.8-amc23-1-128-131072-32768

---> Starting run: seed=3 (4/16)
Skipping run, results found in /projects/bdrx/azhang14/SoberReasoningPlus/results/temp_0/Qwen-Qwen3-1.7B-bfloat16-34816/3-0.0-0.8-amc23-1-128-131072-32768

---> Starting run: seed=4 (5/16)
Skipping run, results found in /projects/bdrx/azhang14/SoberReasoningPlus/results/temp_0/Qwen-Qwen3-1.7B-bfloat16-34816/4-0.0-0.8-amc23-1-128-131072-32768

---> Starting run: seed=5 (6/16)
Skipping run, results found in /projects/bdrx/azhang14/SoberReasoningPlus/results/temp_0/Qwen-Qwen3-1.7B-bfloat16-34816/5-0.0-0.8-amc23-1-128-131072-32768

---> Starting run: seed=6 (7/16)
Skipping run, results found in /projects/bdrx/azhang14/SoberReasoningPlus/results/temp_0/Qwen-Qwen3-1.7B-bfloat16-34816/6-0.0-0.8-amc23-1-128-131072-32768

---> Starting run: seed=7 (8/16)
Skipping run, results found in /projects/bdrx/azhang14/SoberReasoningPlus/results/temp_0/Qwen-Qwen3-1.7B-bfloat16-34816/7-0.0-0.8-amc23-1-128-131072-32768

---> Starting run: seed=8 (9/16)
Skipping run, results found in /projects/bdrx/azhang14/SoberReasoningPlus/results/temp_0/Qwen-Qwen3-1.7B-bfloat16-34816/8-0.0-0.8-amc23-1-128-131072-32768

---> Starting run: seed=9 (10/16)
Skipping run, results found in /projects/bdrx/azhang14/SoberReasoningPlus/results/temp_0/Qwen-Qwen3-1.7B-bfloat16-34816/9-0.0-0.8-amc23-1-128-131072-32768

---> Starting run: seed=10 (11/16)
Skipping run, results found in /projects/bdrx/azhang14/SoberReasoningPlus/results/temp_0/Qwen-Qwen3-1.7B-bfloat16-34816/10-0.0-0.8-amc23-1-128-131072-32768

---> Starting run: seed=11 (12/16)
Skipping run, results found in /projects/bdrx/azhang14/SoberReasoningPlus/results/temp_0/Qwen-Qwen3-1.7B-bfloat16-34816/11-0.0-0.8-amc23-1-128-131072-32768

---> Starting run: seed=12 (13/16)
Skipping run, results found in /projects/bdrx/azhang14/SoberReasoningPlus/results/temp_0/Qwen-Qwen3-1.7B-bfloat16-34816/12-0.0-0.8-amc23-1-128-131072-32768

---> Starting run: seed=13 (14/16)
Skipping run, results found in /projects/bdrx/azhang14/SoberReasoningPlus/results/temp_0/Qwen-Qwen3-1.7B-bfloat16-34816/13-0.0-0.8-amc23-1-128-131072-32768

---> Starting run: seed=14 (15/16)
Skipping run, results found in /projects/bdrx/azhang14/SoberReasoningPlus/results/temp_0/Qwen-Qwen3-1.7B-bfloat16-34816/14-0.0-0.8-amc23-1-128-131072-32768

---> Starting run: seed=15 (16/16)
Skipping run, results found in /projects/bdrx/azhang14/SoberReasoningPlus/results/temp_0/Qwen-Qwen3-1.7B-bfloat16-34816/15-0.0-0.8-amc23-1-128-131072-32768
Running evaluation for task: custom|math_500|0|0, temperature: 0.0, top_p: 0.8, num_seeds: 3

---> Starting run: seed=0 (1/3)
Skipping run, results found in /projects/bdrx/azhang14/SoberReasoningPlus/results/temp_0/Qwen-Qwen3-1.7B-bfloat16-34816/0-0.0-0.8-math_500-1-128-131072-32768

---> Starting run: seed=1 (2/3)
Skipping run, results found in /projects/bdrx/azhang14/SoberReasoningPlus/results/temp_0/Qwen-Qwen3-1.7B-bfloat16-34816/1-0.0-0.8-math_500-1-128-131072-32768

---> Starting run: seed=2 (3/3)
Skipping run, results found in /projects/bdrx/azhang14/SoberReasoningPlus/results/temp_0/Qwen-Qwen3-1.7B-bfloat16-34816/2-0.0-0.8-math_500-1-128-131072-32768
Running evaluation for task: custom|minerva|0|0, temperature: 0.0, top_p: 0.8, num_seeds: 3

---> Starting run: seed=0 (1/3)
Skipping run, results found in /projects/bdrx/azhang14/SoberReasoningPlus/results/temp_0/Qwen-Qwen3-1.7B-bfloat16-34816/0-0.0-0.8-minerva-1-128-131072-32768

---> Starting run: seed=1 (2/3)
Skipping run, results found in /projects/bdrx/azhang14/SoberReasoningPlus/results/temp_0/Qwen-Qwen3-1.7B-bfloat16-34816/1-0.0-0.8-minerva-1-128-131072-32768

---> Starting run: seed=2 (3/3)
Skipping run, results found in /projects/bdrx/azhang14/SoberReasoningPlus/results/temp_0/Qwen-Qwen3-1.7B-bfloat16-34816/2-0.0-0.8-minerva-1-128-131072-32768
Running evaluation for task: custom|olympiadbench|0|0, temperature: 0.0, top_p: 0.8, num_seeds: 3

---> Starting run: seed=0 (1/3)
Skipping run, results found in /projects/bdrx/azhang14/SoberReasoningPlus/results/temp_0/Qwen-Qwen3-1.7B-bfloat16-34816/0-0.0-0.8-olympiadbench-1-128-131072-32768

---> Starting run: seed=1 (2/3)
Skipping run, results found in /projects/bdrx/azhang14/SoberReasoningPlus/results/temp_0/Qwen-Qwen3-1.7B-bfloat16-34816/1-0.0-0.8-olympiadbench-1-128-131072-32768

---> Starting run: seed=2 (3/3)
Skipping run, results found in /projects/bdrx/azhang14/SoberReasoningPlus/results/temp_0/Qwen-Qwen3-1.7B-bfloat16-34816/2-0.0-0.8-olympiadbench-1-128-131072-32768
Total execution time: 0:03:20.332255
======================================
Running: Model=Qwen/Qwen3-1.7B, Temp=0, Top_P=0.9
======================================
INFO 12-03 15:14:13 [__init__.py:244] Automatically detected platform cuda.
Loading model...
INFO 12-03 15:16:22 [__init__.py:244] Automatically detected platform cuda.
Model loaded successfully.
[0.0] [0.9]
<class 'list'> <class 'list'>
Running evaluation for task: custom|aime24|0|0, temperature: 0.0, top_p: 0.9, num_seeds: 16

---> Starting run: seed=0 (1/16)
Skipping run, results found in /projects/bdrx/azhang14/SoberReasoningPlus/results/temp_0/Qwen-Qwen3-1.7B-bfloat16-34816/0-0.0-0.9-aime24-1-128-131072-32768

---> Starting run: seed=1 (2/16)
Skipping run, results found in /projects/bdrx/azhang14/SoberReasoningPlus/results/temp_0/Qwen-Qwen3-1.7B-bfloat16-34816/1-0.0-0.9-aime24-1-128-131072-32768

---> Starting run: seed=2 (3/16)
Skipping run, results found in /projects/bdrx/azhang14/SoberReasoningPlus/results/temp_0/Qwen-Qwen3-1.7B-bfloat16-34816/2-0.0-0.9-aime24-1-128-131072-32768

---> Starting run: seed=3 (4/16)
Skipping run, results found in /projects/bdrx/azhang14/SoberReasoningPlus/results/temp_0/Qwen-Qwen3-1.7B-bfloat16-34816/3-0.0-0.9-aime24-1-128-131072-32768

---> Starting run: seed=4 (5/16)
Skipping run, results found in /projects/bdrx/azhang14/SoberReasoningPlus/results/temp_0/Qwen-Qwen3-1.7B-bfloat16-34816/4-0.0-0.9-aime24-1-128-131072-32768

---> Starting run: seed=5 (6/16)
Skipping run, results found in /projects/bdrx/azhang14/SoberReasoningPlus/results/temp_0/Qwen-Qwen3-1.7B-bfloat16-34816/5-0.0-0.9-aime24-1-128-131072-32768

---> Starting run: seed=6 (7/16)
Skipping run, results found in /projects/bdrx/azhang14/SoberReasoningPlus/results/temp_0/Qwen-Qwen3-1.7B-bfloat16-34816/6-0.0-0.9-aime24-1-128-131072-32768

---> Starting run: seed=7 (8/16)
Skipping run, results found in /projects/bdrx/azhang14/SoberReasoningPlus/results/temp_0/Qwen-Qwen3-1.7B-bfloat16-34816/7-0.0-0.9-aime24-1-128-131072-32768

---> Starting run: seed=8 (9/16)
Skipping run, results found in /projects/bdrx/azhang14/SoberReasoningPlus/results/temp_0/Qwen-Qwen3-1.7B-bfloat16-34816/8-0.0-0.9-aime24-1-128-131072-32768

---> Starting run: seed=9 (10/16)
Skipping run, results found in /projects/bdrx/azhang14/SoberReasoningPlus/results/temp_0/Qwen-Qwen3-1.7B-bfloat16-34816/9-0.0-0.9-aime24-1-128-131072-32768

---> Starting run: seed=10 (11/16)
Skipping run, results found in /projects/bdrx/azhang14/SoberReasoningPlus/results/temp_0/Qwen-Qwen3-1.7B-bfloat16-34816/10-0.0-0.9-aime24-1-128-131072-32768

---> Starting run: seed=11 (12/16)
Skipping run, results found in /projects/bdrx/azhang14/SoberReasoningPlus/results/temp_0/Qwen-Qwen3-1.7B-bfloat16-34816/11-0.0-0.9-aime24-1-128-131072-32768

---> Starting run: seed=12 (13/16)
Skipping run, results found in /projects/bdrx/azhang14/SoberReasoningPlus/results/temp_0/Qwen-Qwen3-1.7B-bfloat16-34816/12-0.0-0.9-aime24-1-128-131072-32768

---> Starting run: seed=13 (14/16)
Skipping run, results found in /projects/bdrx/azhang14/SoberReasoningPlus/results/temp_0/Qwen-Qwen3-1.7B-bfloat16-34816/13-0.0-0.9-aime24-1-128-131072-32768

---> Starting run: seed=14 (15/16)
Skipping run, results found in /projects/bdrx/azhang14/SoberReasoningPlus/results/temp_0/Qwen-Qwen3-1.7B-bfloat16-34816/14-0.0-0.9-aime24-1-128-131072-32768

---> Starting run: seed=15 (16/16)
Skipping run, results found in /projects/bdrx/azhang14/SoberReasoningPlus/results/temp_0/Qwen-Qwen3-1.7B-bfloat16-34816/15-0.0-0.9-aime24-1-128-131072-32768
Running evaluation for task: custom|aime25|0|0, temperature: 0.0, top_p: 0.9, num_seeds: 16

---> Starting run: seed=0 (1/16)
Skipping run, results found in /projects/bdrx/azhang14/SoberReasoningPlus/results/temp_0/Qwen-Qwen3-1.7B-bfloat16-34816/0-0.0-0.9-aime25-1-128-131072-32768

---> Starting run: seed=1 (2/16)
Skipping run, results found in /projects/bdrx/azhang14/SoberReasoningPlus/results/temp_0/Qwen-Qwen3-1.7B-bfloat16-34816/1-0.0-0.9-aime25-1-128-131072-32768

---> Starting run: seed=2 (3/16)
Skipping run, results found in /projects/bdrx/azhang14/SoberReasoningPlus/results/temp_0/Qwen-Qwen3-1.7B-bfloat16-34816/2-0.0-0.9-aime25-1-128-131072-32768

---> Starting run: seed=3 (4/16)
Skipping run, results found in /projects/bdrx/azhang14/SoberReasoningPlus/results/temp_0/Qwen-Qwen3-1.7B-bfloat16-34816/3-0.0-0.9-aime25-1-128-131072-32768

---> Starting run: seed=4 (5/16)
Skipping run, results found in /projects/bdrx/azhang14/SoberReasoningPlus/results/temp_0/Qwen-Qwen3-1.7B-bfloat16-34816/4-0.0-0.9-aime25-1-128-131072-32768

---> Starting run: seed=5 (6/16)
Skipping run, results found in /projects/bdrx/azhang14/SoberReasoningPlus/results/temp_0/Qwen-Qwen3-1.7B-bfloat16-34816/5-0.0-0.9-aime25-1-128-131072-32768

---> Starting run: seed=6 (7/16)
Skipping run, results found in /projects/bdrx/azhang14/SoberReasoningPlus/results/temp_0/Qwen-Qwen3-1.7B-bfloat16-34816/6-0.0-0.9-aime25-1-128-131072-32768

---> Starting run: seed=7 (8/16)
Skipping run, results found in /projects/bdrx/azhang14/SoberReasoningPlus/results/temp_0/Qwen-Qwen3-1.7B-bfloat16-34816/7-0.0-0.9-aime25-1-128-131072-32768

---> Starting run: seed=8 (9/16)
Skipping run, results found in /projects/bdrx/azhang14/SoberReasoningPlus/results/temp_0/Qwen-Qwen3-1.7B-bfloat16-34816/8-0.0-0.9-aime25-1-128-131072-32768

---> Starting run: seed=9 (10/16)
Skipping run, results found in /projects/bdrx/azhang14/SoberReasoningPlus/results/temp_0/Qwen-Qwen3-1.7B-bfloat16-34816/9-0.0-0.9-aime25-1-128-131072-32768

---> Starting run: seed=10 (11/16)
Skipping run, results found in /projects/bdrx/azhang14/SoberReasoningPlus/results/temp_0/Qwen-Qwen3-1.7B-bfloat16-34816/10-0.0-0.9-aime25-1-128-131072-32768

---> Starting run: seed=11 (12/16)
Skipping run, results found in /projects/bdrx/azhang14/SoberReasoningPlus/results/temp_0/Qwen-Qwen3-1.7B-bfloat16-34816/11-0.0-0.9-aime25-1-128-131072-32768

---> Starting run: seed=12 (13/16)
Skipping run, results found in /projects/bdrx/azhang14/SoberReasoningPlus/results/temp_0/Qwen-Qwen3-1.7B-bfloat16-34816/12-0.0-0.9-aime25-1-128-131072-32768

---> Starting run: seed=13 (14/16)
Skipping run, results found in /projects/bdrx/azhang14/SoberReasoningPlus/results/temp_0/Qwen-Qwen3-1.7B-bfloat16-34816/13-0.0-0.9-aime25-1-128-131072-32768

---> Starting run: seed=14 (15/16)
Skipping run, results found in /projects/bdrx/azhang14/SoberReasoningPlus/results/temp_0/Qwen-Qwen3-1.7B-bfloat16-34816/14-0.0-0.9-aime25-1-128-131072-32768

---> Starting run: seed=15 (16/16)
Skipping run, results found in /projects/bdrx/azhang14/SoberReasoningPlus/results/temp_0/Qwen-Qwen3-1.7B-bfloat16-34816/15-0.0-0.9-aime25-1-128-131072-32768
Running evaluation for task: custom|amc23|0|0, temperature: 0.0, top_p: 0.9, num_seeds: 16

---> Starting run: seed=0 (1/16)
Skipping run, results found in /projects/bdrx/azhang14/SoberReasoningPlus/results/temp_0/Qwen-Qwen3-1.7B-bfloat16-34816/0-0.0-0.9-amc23-1-128-131072-32768

---> Starting run: seed=1 (2/16)
Skipping run, results found in /projects/bdrx/azhang14/SoberReasoningPlus/results/temp_0/Qwen-Qwen3-1.7B-bfloat16-34816/1-0.0-0.9-amc23-1-128-131072-32768

---> Starting run: seed=2 (3/16)
Skipping run, results found in /projects/bdrx/azhang14/SoberReasoningPlus/results/temp_0/Qwen-Qwen3-1.7B-bfloat16-34816/2-0.0-0.9-amc23-1-128-131072-32768

---> Starting run: seed=3 (4/16)
Skipping run, results found in /projects/bdrx/azhang14/SoberReasoningPlus/results/temp_0/Qwen-Qwen3-1.7B-bfloat16-34816/3-0.0-0.9-amc23-1-128-131072-32768

---> Starting run: seed=4 (5/16)
Skipping run, results found in /projects/bdrx/azhang14/SoberReasoningPlus/results/temp_0/Qwen-Qwen3-1.7B-bfloat16-34816/4-0.0-0.9-amc23-1-128-131072-32768

---> Starting run: seed=5 (6/16)
Skipping run, results found in /projects/bdrx/azhang14/SoberReasoningPlus/results/temp_0/Qwen-Qwen3-1.7B-bfloat16-34816/5-0.0-0.9-amc23-1-128-131072-32768

---> Starting run: seed=6 (7/16)
Skipping run, results found in /projects/bdrx/azhang14/SoberReasoningPlus/results/temp_0/Qwen-Qwen3-1.7B-bfloat16-34816/6-0.0-0.9-amc23-1-128-131072-32768

---> Starting run: seed=7 (8/16)
Skipping run, results found in /projects/bdrx/azhang14/SoberReasoningPlus/results/temp_0/Qwen-Qwen3-1.7B-bfloat16-34816/7-0.0-0.9-amc23-1-128-131072-32768

---> Starting run: seed=8 (9/16)
Skipping run, results found in /projects/bdrx/azhang14/SoberReasoningPlus/results/temp_0/Qwen-Qwen3-1.7B-bfloat16-34816/8-0.0-0.9-amc23-1-128-131072-32768

---> Starting run: seed=9 (10/16)
Skipping run, results found in /projects/bdrx/azhang14/SoberReasoningPlus/results/temp_0/Qwen-Qwen3-1.7B-bfloat16-34816/9-0.0-0.9-amc23-1-128-131072-32768

---> Starting run: seed=10 (11/16)
Skipping run, results found in /projects/bdrx/azhang14/SoberReasoningPlus/results/temp_0/Qwen-Qwen3-1.7B-bfloat16-34816/10-0.0-0.9-amc23-1-128-131072-32768

---> Starting run: seed=11 (12/16)
Skipping run, results found in /projects/bdrx/azhang14/SoberReasoningPlus/results/temp_0/Qwen-Qwen3-1.7B-bfloat16-34816/11-0.0-0.9-amc23-1-128-131072-32768

---> Starting run: seed=12 (13/16)
Skipping run, results found in /projects/bdrx/azhang14/SoberReasoningPlus/results/temp_0/Qwen-Qwen3-1.7B-bfloat16-34816/12-0.0-0.9-amc23-1-128-131072-32768

---> Starting run: seed=13 (14/16)
Skipping run, results found in /projects/bdrx/azhang14/SoberReasoningPlus/results/temp_0/Qwen-Qwen3-1.7B-bfloat16-34816/13-0.0-0.9-amc23-1-128-131072-32768

---> Starting run: seed=14 (15/16)
Skipping run, results found in /projects/bdrx/azhang14/SoberReasoningPlus/results/temp_0/Qwen-Qwen3-1.7B-bfloat16-34816/14-0.0-0.9-amc23-1-128-131072-32768

---> Starting run: seed=15 (16/16)
Skipping run, results found in /projects/bdrx/azhang14/SoberReasoningPlus/results/temp_0/Qwen-Qwen3-1.7B-bfloat16-34816/15-0.0-0.9-amc23-1-128-131072-32768
Running evaluation for task: custom|math_500|0|0, temperature: 0.0, top_p: 0.9, num_seeds: 3

---> Starting run: seed=0 (1/3)
Skipping run, results found in /projects/bdrx/azhang14/SoberReasoningPlus/results/temp_0/Qwen-Qwen3-1.7B-bfloat16-34816/0-0.0-0.9-math_500-1-128-131072-32768

---> Starting run: seed=1 (2/3)
Skipping run, results found in /projects/bdrx/azhang14/SoberReasoningPlus/results/temp_0/Qwen-Qwen3-1.7B-bfloat16-34816/1-0.0-0.9-math_500-1-128-131072-32768

---> Starting run: seed=2 (3/3)
Skipping run, results found in /projects/bdrx/azhang14/SoberReasoningPlus/results/temp_0/Qwen-Qwen3-1.7B-bfloat16-34816/2-0.0-0.9-math_500-1-128-131072-32768
Running evaluation for task: custom|minerva|0|0, temperature: 0.0, top_p: 0.9, num_seeds: 3

---> Starting run: seed=0 (1/3)
Skipping run, results found in /projects/bdrx/azhang14/SoberReasoningPlus/results/temp_0/Qwen-Qwen3-1.7B-bfloat16-34816/0-0.0-0.9-minerva-1-128-131072-32768

---> Starting run: seed=1 (2/3)
Skipping run, results found in /projects/bdrx/azhang14/SoberReasoningPlus/results/temp_0/Qwen-Qwen3-1.7B-bfloat16-34816/1-0.0-0.9-minerva-1-128-131072-32768

---> Starting run: seed=2 (3/3)
Skipping run, results found in /projects/bdrx/azhang14/SoberReasoningPlus/results/temp_0/Qwen-Qwen3-1.7B-bfloat16-34816/2-0.0-0.9-minerva-1-128-131072-32768
Running evaluation for task: custom|olympiadbench|0|0, temperature: 0.0, top_p: 0.9, num_seeds: 3

---> Starting run: seed=0 (1/3)
Skipping run, results found in /projects/bdrx/azhang14/SoberReasoningPlus/results/temp_0/Qwen-Qwen3-1.7B-bfloat16-34816/0-0.0-0.9-olympiadbench-1-128-131072-32768

---> Starting run: seed=1 (2/3)
Skipping run, results found in /projects/bdrx/azhang14/SoberReasoningPlus/results/temp_0/Qwen-Qwen3-1.7B-bfloat16-34816/1-0.0-0.9-olympiadbench-1-128-131072-32768

---> Starting run: seed=2 (3/3)
Skipping run, results found in /projects/bdrx/azhang14/SoberReasoningPlus/results/temp_0/Qwen-Qwen3-1.7B-bfloat16-34816/2-0.0-0.9-olympiadbench-1-128-131072-32768
Total execution time: 0:03:18.714944
======================================
Running: Model=Qwen/Qwen3-1.7B, Temp=0, Top_P=0.95
======================================
INFO 12-03 15:18:41 [__init__.py:244] Automatically detected platform cuda.
Loading model...
INFO 12-03 15:20:51 [__init__.py:244] Automatically detected platform cuda.
Model loaded successfully.
[0.0] [0.95]
<class 'list'> <class 'list'>
Running evaluation for task: custom|aime24|0|0, temperature: 0.0, top_p: 0.95, num_seeds: 16

---> Starting run: seed=0 (1/16)
Skipping run, results found in /projects/bdrx/azhang14/SoberReasoningPlus/results/temp_0/Qwen-Qwen3-1.7B-bfloat16-34816/0-0.0-0.95-aime24-1-128-131072-32768

---> Starting run: seed=1 (2/16)
Skipping run, results found in /projects/bdrx/azhang14/SoberReasoningPlus/results/temp_0/Qwen-Qwen3-1.7B-bfloat16-34816/1-0.0-0.95-aime24-1-128-131072-32768

---> Starting run: seed=2 (3/16)
Skipping run, results found in /projects/bdrx/azhang14/SoberReasoningPlus/results/temp_0/Qwen-Qwen3-1.7B-bfloat16-34816/2-0.0-0.95-aime24-1-128-131072-32768

---> Starting run: seed=3 (4/16)
Skipping run, results found in /projects/bdrx/azhang14/SoberReasoningPlus/results/temp_0/Qwen-Qwen3-1.7B-bfloat16-34816/3-0.0-0.95-aime24-1-128-131072-32768

---> Starting run: seed=4 (5/16)
Skipping run, results found in /projects/bdrx/azhang14/SoberReasoningPlus/results/temp_0/Qwen-Qwen3-1.7B-bfloat16-34816/4-0.0-0.95-aime24-1-128-131072-32768

---> Starting run: seed=5 (6/16)
Skipping run, results found in /projects/bdrx/azhang14/SoberReasoningPlus/results/temp_0/Qwen-Qwen3-1.7B-bfloat16-34816/5-0.0-0.95-aime24-1-128-131072-32768

---> Starting run: seed=6 (7/16)
Skipping run, results found in /projects/bdrx/azhang14/SoberReasoningPlus/results/temp_0/Qwen-Qwen3-1.7B-bfloat16-34816/6-0.0-0.95-aime24-1-128-131072-32768

---> Starting run: seed=7 (8/16)
Skipping run, results found in /projects/bdrx/azhang14/SoberReasoningPlus/results/temp_0/Qwen-Qwen3-1.7B-bfloat16-34816/7-0.0-0.95-aime24-1-128-131072-32768

---> Starting run: seed=8 (9/16)
Skipping run, results found in /projects/bdrx/azhang14/SoberReasoningPlus/results/temp_0/Qwen-Qwen3-1.7B-bfloat16-34816/8-0.0-0.95-aime24-1-128-131072-32768

---> Starting run: seed=9 (10/16)
Skipping run, results found in /projects/bdrx/azhang14/SoberReasoningPlus/results/temp_0/Qwen-Qwen3-1.7B-bfloat16-34816/9-0.0-0.95-aime24-1-128-131072-32768

---> Starting run: seed=10 (11/16)
Skipping run, results found in /projects/bdrx/azhang14/SoberReasoningPlus/results/temp_0/Qwen-Qwen3-1.7B-bfloat16-34816/10-0.0-0.95-aime24-1-128-131072-32768

---> Starting run: seed=11 (12/16)
Skipping run, results found in /projects/bdrx/azhang14/SoberReasoningPlus/results/temp_0/Qwen-Qwen3-1.7B-bfloat16-34816/11-0.0-0.95-aime24-1-128-131072-32768

---> Starting run: seed=12 (13/16)
Skipping run, results found in /projects/bdrx/azhang14/SoberReasoningPlus/results/temp_0/Qwen-Qwen3-1.7B-bfloat16-34816/12-0.0-0.95-aime24-1-128-131072-32768

---> Starting run: seed=13 (14/16)
Skipping run, results found in /projects/bdrx/azhang14/SoberReasoningPlus/results/temp_0/Qwen-Qwen3-1.7B-bfloat16-34816/13-0.0-0.95-aime24-1-128-131072-32768

---> Starting run: seed=14 (15/16)
Skipping run, results found in /projects/bdrx/azhang14/SoberReasoningPlus/results/temp_0/Qwen-Qwen3-1.7B-bfloat16-34816/14-0.0-0.95-aime24-1-128-131072-32768

---> Starting run: seed=15 (16/16)
Skipping run, results found in /projects/bdrx/azhang14/SoberReasoningPlus/results/temp_0/Qwen-Qwen3-1.7B-bfloat16-34816/15-0.0-0.95-aime24-1-128-131072-32768
Running evaluation for task: custom|aime25|0|0, temperature: 0.0, top_p: 0.95, num_seeds: 16

---> Starting run: seed=0 (1/16)
Skipping run, results found in /projects/bdrx/azhang14/SoberReasoningPlus/results/temp_0/Qwen-Qwen3-1.7B-bfloat16-34816/0-0.0-0.95-aime25-1-128-131072-32768

---> Starting run: seed=1 (2/16)
Skipping run, results found in /projects/bdrx/azhang14/SoberReasoningPlus/results/temp_0/Qwen-Qwen3-1.7B-bfloat16-34816/1-0.0-0.95-aime25-1-128-131072-32768

---> Starting run: seed=2 (3/16)
Skipping run, results found in /projects/bdrx/azhang14/SoberReasoningPlus/results/temp_0/Qwen-Qwen3-1.7B-bfloat16-34816/2-0.0-0.95-aime25-1-128-131072-32768

---> Starting run: seed=3 (4/16)
Skipping run, results found in /projects/bdrx/azhang14/SoberReasoningPlus/results/temp_0/Qwen-Qwen3-1.7B-bfloat16-34816/3-0.0-0.95-aime25-1-128-131072-32768

---> Starting run: seed=4 (5/16)
Skipping run, results found in /projects/bdrx/azhang14/SoberReasoningPlus/results/temp_0/Qwen-Qwen3-1.7B-bfloat16-34816/4-0.0-0.95-aime25-1-128-131072-32768

---> Starting run: seed=5 (6/16)
Skipping run, results found in /projects/bdrx/azhang14/SoberReasoningPlus/results/temp_0/Qwen-Qwen3-1.7B-bfloat16-34816/5-0.0-0.95-aime25-1-128-131072-32768

---> Starting run: seed=6 (7/16)
Skipping run, results found in /projects/bdrx/azhang14/SoberReasoningPlus/results/temp_0/Qwen-Qwen3-1.7B-bfloat16-34816/6-0.0-0.95-aime25-1-128-131072-32768

---> Starting run: seed=7 (8/16)
Skipping run, results found in /projects/bdrx/azhang14/SoberReasoningPlus/results/temp_0/Qwen-Qwen3-1.7B-bfloat16-34816/7-0.0-0.95-aime25-1-128-131072-32768

---> Starting run: seed=8 (9/16)
Skipping run, results found in /projects/bdrx/azhang14/SoberReasoningPlus/results/temp_0/Qwen-Qwen3-1.7B-bfloat16-34816/8-0.0-0.95-aime25-1-128-131072-32768

---> Starting run: seed=9 (10/16)
Skipping run, results found in /projects/bdrx/azhang14/SoberReasoningPlus/results/temp_0/Qwen-Qwen3-1.7B-bfloat16-34816/9-0.0-0.95-aime25-1-128-131072-32768

---> Starting run: seed=10 (11/16)
Skipping run, results found in /projects/bdrx/azhang14/SoberReasoningPlus/results/temp_0/Qwen-Qwen3-1.7B-bfloat16-34816/10-0.0-0.95-aime25-1-128-131072-32768

---> Starting run: seed=11 (12/16)
Skipping run, results found in /projects/bdrx/azhang14/SoberReasoningPlus/results/temp_0/Qwen-Qwen3-1.7B-bfloat16-34816/11-0.0-0.95-aime25-1-128-131072-32768

---> Starting run: seed=12 (13/16)
Skipping run, results found in /projects/bdrx/azhang14/SoberReasoningPlus/results/temp_0/Qwen-Qwen3-1.7B-bfloat16-34816/12-0.0-0.95-aime25-1-128-131072-32768

---> Starting run: seed=13 (14/16)
Skipping run, results found in /projects/bdrx/azhang14/SoberReasoningPlus/results/temp_0/Qwen-Qwen3-1.7B-bfloat16-34816/13-0.0-0.95-aime25-1-128-131072-32768

---> Starting run: seed=14 (15/16)
Skipping run, results found in /projects/bdrx/azhang14/SoberReasoningPlus/results/temp_0/Qwen-Qwen3-1.7B-bfloat16-34816/14-0.0-0.95-aime25-1-128-131072-32768

---> Starting run: seed=15 (16/16)
Skipping run, results found in /projects/bdrx/azhang14/SoberReasoningPlus/results/temp_0/Qwen-Qwen3-1.7B-bfloat16-34816/15-0.0-0.95-aime25-1-128-131072-32768
Running evaluation for task: custom|amc23|0|0, temperature: 0.0, top_p: 0.95, num_seeds: 16

---> Starting run: seed=0 (1/16)
Skipping run, results found in /projects/bdrx/azhang14/SoberReasoningPlus/results/temp_0/Qwen-Qwen3-1.7B-bfloat16-34816/0-0.0-0.95-amc23-1-128-131072-32768

---> Starting run: seed=1 (2/16)
Skipping run, results found in /projects/bdrx/azhang14/SoberReasoningPlus/results/temp_0/Qwen-Qwen3-1.7B-bfloat16-34816/1-0.0-0.95-amc23-1-128-131072-32768

---> Starting run: seed=2 (3/16)
Skipping run, results found in /projects/bdrx/azhang14/SoberReasoningPlus/results/temp_0/Qwen-Qwen3-1.7B-bfloat16-34816/2-0.0-0.95-amc23-1-128-131072-32768

---> Starting run: seed=3 (4/16)
Skipping run, results found in /projects/bdrx/azhang14/SoberReasoningPlus/results/temp_0/Qwen-Qwen3-1.7B-bfloat16-34816/3-0.0-0.95-amc23-1-128-131072-32768

---> Starting run: seed=4 (5/16)
Skipping run, results found in /projects/bdrx/azhang14/SoberReasoningPlus/results/temp_0/Qwen-Qwen3-1.7B-bfloat16-34816/4-0.0-0.95-amc23-1-128-131072-32768

---> Starting run: seed=5 (6/16)
Skipping run, results found in /projects/bdrx/azhang14/SoberReasoningPlus/results/temp_0/Qwen-Qwen3-1.7B-bfloat16-34816/5-0.0-0.95-amc23-1-128-131072-32768

---> Starting run: seed=6 (7/16)
Skipping run, results found in /projects/bdrx/azhang14/SoberReasoningPlus/results/temp_0/Qwen-Qwen3-1.7B-bfloat16-34816/6-0.0-0.95-amc23-1-128-131072-32768

---> Starting run: seed=7 (8/16)
Skipping run, results found in /projects/bdrx/azhang14/SoberReasoningPlus/results/temp_0/Qwen-Qwen3-1.7B-bfloat16-34816/7-0.0-0.95-amc23-1-128-131072-32768

---> Starting run: seed=8 (9/16)
Skipping run, results found in /projects/bdrx/azhang14/SoberReasoningPlus/results/temp_0/Qwen-Qwen3-1.7B-bfloat16-34816/8-0.0-0.95-amc23-1-128-131072-32768

---> Starting run: seed=9 (10/16)
Skipping run, results found in /projects/bdrx/azhang14/SoberReasoningPlus/results/temp_0/Qwen-Qwen3-1.7B-bfloat16-34816/9-0.0-0.95-amc23-1-128-131072-32768

---> Starting run: seed=10 (11/16)
Skipping run, results found in /projects/bdrx/azhang14/SoberReasoningPlus/results/temp_0/Qwen-Qwen3-1.7B-bfloat16-34816/10-0.0-0.95-amc23-1-128-131072-32768

---> Starting run: seed=11 (12/16)
Skipping run, results found in /projects/bdrx/azhang14/SoberReasoningPlus/results/temp_0/Qwen-Qwen3-1.7B-bfloat16-34816/11-0.0-0.95-amc23-1-128-131072-32768

---> Starting run: seed=12 (13/16)
Skipping run, results found in /projects/bdrx/azhang14/SoberReasoningPlus/results/temp_0/Qwen-Qwen3-1.7B-bfloat16-34816/12-0.0-0.95-amc23-1-128-131072-32768

---> Starting run: seed=13 (14/16)
Skipping run, results found in /projects/bdrx/azhang14/SoberReasoningPlus/results/temp_0/Qwen-Qwen3-1.7B-bfloat16-34816/13-0.0-0.95-amc23-1-128-131072-32768

---> Starting run: seed=14 (15/16)
Skipping run, results found in /projects/bdrx/azhang14/SoberReasoningPlus/results/temp_0/Qwen-Qwen3-1.7B-bfloat16-34816/14-0.0-0.95-amc23-1-128-131072-32768

---> Starting run: seed=15 (16/16)
Skipping run, results found in /projects/bdrx/azhang14/SoberReasoningPlus/results/temp_0/Qwen-Qwen3-1.7B-bfloat16-34816/15-0.0-0.95-amc23-1-128-131072-32768
Running evaluation for task: custom|math_500|0|0, temperature: 0.0, top_p: 0.95, num_seeds: 3

---> Starting run: seed=0 (1/3)
Skipping run, results found in /projects/bdrx/azhang14/SoberReasoningPlus/results/temp_0/Qwen-Qwen3-1.7B-bfloat16-34816/0-0.0-0.95-math_500-1-128-131072-32768

---> Starting run: seed=1 (2/3)
Skipping run, results found in /projects/bdrx/azhang14/SoberReasoningPlus/results/temp_0/Qwen-Qwen3-1.7B-bfloat16-34816/1-0.0-0.95-math_500-1-128-131072-32768

---> Starting run: seed=2 (3/3)
Skipping run, results found in /projects/bdrx/azhang14/SoberReasoningPlus/results/temp_0/Qwen-Qwen3-1.7B-bfloat16-34816/2-0.0-0.95-math_500-1-128-131072-32768
Running evaluation for task: custom|minerva|0|0, temperature: 0.0, top_p: 0.95, num_seeds: 3

---> Starting run: seed=0 (1/3)
Skipping run, results found in /projects/bdrx/azhang14/SoberReasoningPlus/results/temp_0/Qwen-Qwen3-1.7B-bfloat16-34816/0-0.0-0.95-minerva-1-128-131072-32768

---> Starting run: seed=1 (2/3)
Skipping run, results found in /projects/bdrx/azhang14/SoberReasoningPlus/results/temp_0/Qwen-Qwen3-1.7B-bfloat16-34816/1-0.0-0.95-minerva-1-128-131072-32768

---> Starting run: seed=2 (3/3)
Skipping run, results found in /projects/bdrx/azhang14/SoberReasoningPlus/results/temp_0/Qwen-Qwen3-1.7B-bfloat16-34816/2-0.0-0.95-minerva-1-128-131072-32768
Running evaluation for task: custom|olympiadbench|0|0, temperature: 0.0, top_p: 0.95, num_seeds: 3

---> Starting run: seed=0 (1/3)
Skipping run, results found in /projects/bdrx/azhang14/SoberReasoningPlus/results/temp_0/Qwen-Qwen3-1.7B-bfloat16-34816/0-0.0-0.95-olympiadbench-1-128-131072-32768

---> Starting run: seed=1 (2/3)
Skipping run, results found in /projects/bdrx/azhang14/SoberReasoningPlus/results/temp_0/Qwen-Qwen3-1.7B-bfloat16-34816/1-0.0-0.95-olympiadbench-1-128-131072-32768

---> Starting run: seed=2 (3/3)
Incomplete run found in /projects/bdrx/azhang14/SoberReasoningPlus/results/temp_0/Qwen-Qwen3-1.7B-bfloat16-34816/2-0.0-0.95-olympiadbench-1-128-131072-32768. Deleting and re-running.
Results will be saved
EvaluationTracker initialized with output directory
PipelineParameters set
Pipeline initialized
|         Task         |Version|     Metric     |Value |   |Stderr|
|----------------------|------:|----------------|-----:|---|-----:|
|all                   |       |extractive_match|0.6267|±  |0.0186|
|custom:olympiadbench:0|      1|extractive_match|0.6267|±  |0.0186|

Finished run for all seeds
Total execution time: 3:45:14.344616
======================================
Running: Model=Qwen/Qwen3-1.7B, Temp=0, Top_P=1.0
======================================
INFO 12-03 19:07:42 [__init__.py:244] Automatically detected platform cuda.
Loading model...
INFO 12-03 19:09:26 [__init__.py:244] Automatically detected platform cuda.
Model loaded successfully.
[0.0] [1.0]
<class 'list'> <class 'list'>
Running evaluation for task: custom|aime24|0|0, temperature: 0.0, top_p: 1.0, num_seeds: 16

---> Starting run: seed=0 (1/16)
Skipping run, results found in /projects/bdrx/azhang14/SoberReasoningPlus/results/temp_0/Qwen-Qwen3-1.7B-bfloat16-34816/0-0.0-1.0-aime24-1-128-131072-32768

---> Starting run: seed=1 (2/16)
Skipping run, results found in /projects/bdrx/azhang14/SoberReasoningPlus/results/temp_0/Qwen-Qwen3-1.7B-bfloat16-34816/1-0.0-1.0-aime24-1-128-131072-32768

---> Starting run: seed=2 (3/16)
Skipping run, results found in /projects/bdrx/azhang14/SoberReasoningPlus/results/temp_0/Qwen-Qwen3-1.7B-bfloat16-34816/2-0.0-1.0-aime24-1-128-131072-32768

---> Starting run: seed=3 (4/16)
Skipping run, results found in /projects/bdrx/azhang14/SoberReasoningPlus/results/temp_0/Qwen-Qwen3-1.7B-bfloat16-34816/3-0.0-1.0-aime24-1-128-131072-32768

---> Starting run: seed=4 (5/16)
Skipping run, results found in /projects/bdrx/azhang14/SoberReasoningPlus/results/temp_0/Qwen-Qwen3-1.7B-bfloat16-34816/4-0.0-1.0-aime24-1-128-131072-32768

---> Starting run: seed=5 (6/16)
Skipping run, results found in /projects/bdrx/azhang14/SoberReasoningPlus/results/temp_0/Qwen-Qwen3-1.7B-bfloat16-34816/5-0.0-1.0-aime24-1-128-131072-32768

---> Starting run: seed=6 (7/16)
Skipping run, results found in /projects/bdrx/azhang14/SoberReasoningPlus/results/temp_0/Qwen-Qwen3-1.7B-bfloat16-34816/6-0.0-1.0-aime24-1-128-131072-32768

---> Starting run: seed=7 (8/16)
Skipping run, results found in /projects/bdrx/azhang14/SoberReasoningPlus/results/temp_0/Qwen-Qwen3-1.7B-bfloat16-34816/7-0.0-1.0-aime24-1-128-131072-32768

---> Starting run: seed=8 (9/16)
Skipping run, results found in /projects/bdrx/azhang14/SoberReasoningPlus/results/temp_0/Qwen-Qwen3-1.7B-bfloat16-34816/8-0.0-1.0-aime24-1-128-131072-32768

---> Starting run: seed=9 (10/16)
Skipping run, results found in /projects/bdrx/azhang14/SoberReasoningPlus/results/temp_0/Qwen-Qwen3-1.7B-bfloat16-34816/9-0.0-1.0-aime24-1-128-131072-32768

---> Starting run: seed=10 (11/16)
Skipping run, results found in /projects/bdrx/azhang14/SoberReasoningPlus/results/temp_0/Qwen-Qwen3-1.7B-bfloat16-34816/10-0.0-1.0-aime24-1-128-131072-32768

---> Starting run: seed=11 (12/16)
Skipping run, results found in /projects/bdrx/azhang14/SoberReasoningPlus/results/temp_0/Qwen-Qwen3-1.7B-bfloat16-34816/11-0.0-1.0-aime24-1-128-131072-32768

---> Starting run: seed=12 (13/16)
Skipping run, results found in /projects/bdrx/azhang14/SoberReasoningPlus/results/temp_0/Qwen-Qwen3-1.7B-bfloat16-34816/12-0.0-1.0-aime24-1-128-131072-32768

---> Starting run: seed=13 (14/16)
Skipping run, results found in /projects/bdrx/azhang14/SoberReasoningPlus/results/temp_0/Qwen-Qwen3-1.7B-bfloat16-34816/13-0.0-1.0-aime24-1-128-131072-32768

---> Starting run: seed=14 (15/16)
Skipping run, results found in /projects/bdrx/azhang14/SoberReasoningPlus/results/temp_0/Qwen-Qwen3-1.7B-bfloat16-34816/14-0.0-1.0-aime24-1-128-131072-32768

---> Starting run: seed=15 (16/16)
Skipping run, results found in /projects/bdrx/azhang14/SoberReasoningPlus/results/temp_0/Qwen-Qwen3-1.7B-bfloat16-34816/15-0.0-1.0-aime24-1-128-131072-32768
Running evaluation for task: custom|aime25|0|0, temperature: 0.0, top_p: 1.0, num_seeds: 16

---> Starting run: seed=0 (1/16)
Skipping run, results found in /projects/bdrx/azhang14/SoberReasoningPlus/results/temp_0/Qwen-Qwen3-1.7B-bfloat16-34816/0-0.0-1.0-aime25-1-128-131072-32768

---> Starting run: seed=1 (2/16)
Skipping run, results found in /projects/bdrx/azhang14/SoberReasoningPlus/results/temp_0/Qwen-Qwen3-1.7B-bfloat16-34816/1-0.0-1.0-aime25-1-128-131072-32768

---> Starting run: seed=2 (3/16)
Skipping run, results found in /projects/bdrx/azhang14/SoberReasoningPlus/results/temp_0/Qwen-Qwen3-1.7B-bfloat16-34816/2-0.0-1.0-aime25-1-128-131072-32768

---> Starting run: seed=3 (4/16)
Skipping run, results found in /projects/bdrx/azhang14/SoberReasoningPlus/results/temp_0/Qwen-Qwen3-1.7B-bfloat16-34816/3-0.0-1.0-aime25-1-128-131072-32768

---> Starting run: seed=4 (5/16)
Skipping run, results found in /projects/bdrx/azhang14/SoberReasoningPlus/results/temp_0/Qwen-Qwen3-1.7B-bfloat16-34816/4-0.0-1.0-aime25-1-128-131072-32768

---> Starting run: seed=5 (6/16)
Skipping run, results found in /projects/bdrx/azhang14/SoberReasoningPlus/results/temp_0/Qwen-Qwen3-1.7B-bfloat16-34816/5-0.0-1.0-aime25-1-128-131072-32768

---> Starting run: seed=6 (7/16)
Skipping run, results found in /projects/bdrx/azhang14/SoberReasoningPlus/results/temp_0/Qwen-Qwen3-1.7B-bfloat16-34816/6-0.0-1.0-aime25-1-128-131072-32768

---> Starting run: seed=7 (8/16)
Skipping run, results found in /projects/bdrx/azhang14/SoberReasoningPlus/results/temp_0/Qwen-Qwen3-1.7B-bfloat16-34816/7-0.0-1.0-aime25-1-128-131072-32768

---> Starting run: seed=8 (9/16)
Skipping run, results found in /projects/bdrx/azhang14/SoberReasoningPlus/results/temp_0/Qwen-Qwen3-1.7B-bfloat16-34816/8-0.0-1.0-aime25-1-128-131072-32768

---> Starting run: seed=9 (10/16)
Skipping run, results found in /projects/bdrx/azhang14/SoberReasoningPlus/results/temp_0/Qwen-Qwen3-1.7B-bfloat16-34816/9-0.0-1.0-aime25-1-128-131072-32768

---> Starting run: seed=10 (11/16)
Skipping run, results found in /projects/bdrx/azhang14/SoberReasoningPlus/results/temp_0/Qwen-Qwen3-1.7B-bfloat16-34816/10-0.0-1.0-aime25-1-128-131072-32768

---> Starting run: seed=11 (12/16)
Skipping run, results found in /projects/bdrx/azhang14/SoberReasoningPlus/results/temp_0/Qwen-Qwen3-1.7B-bfloat16-34816/11-0.0-1.0-aime25-1-128-131072-32768

---> Starting run: seed=12 (13/16)
Skipping run, results found in /projects/bdrx/azhang14/SoberReasoningPlus/results/temp_0/Qwen-Qwen3-1.7B-bfloat16-34816/12-0.0-1.0-aime25-1-128-131072-32768

---> Starting run: seed=13 (14/16)
Skipping run, results found in /projects/bdrx/azhang14/SoberReasoningPlus/results/temp_0/Qwen-Qwen3-1.7B-bfloat16-34816/13-0.0-1.0-aime25-1-128-131072-32768

---> Starting run: seed=14 (15/16)
Skipping run, results found in /projects/bdrx/azhang14/SoberReasoningPlus/results/temp_0/Qwen-Qwen3-1.7B-bfloat16-34816/14-0.0-1.0-aime25-1-128-131072-32768

---> Starting run: seed=15 (16/16)
Skipping run, results found in /projects/bdrx/azhang14/SoberReasoningPlus/results/temp_0/Qwen-Qwen3-1.7B-bfloat16-34816/15-0.0-1.0-aime25-1-128-131072-32768
Running evaluation for task: custom|amc23|0|0, temperature: 0.0, top_p: 1.0, num_seeds: 16

---> Starting run: seed=0 (1/16)
Skipping run, results found in /projects/bdrx/azhang14/SoberReasoningPlus/results/temp_0/Qwen-Qwen3-1.7B-bfloat16-34816/0-0.0-1.0-amc23-1-128-131072-32768

---> Starting run: seed=1 (2/16)
Skipping run, results found in /projects/bdrx/azhang14/SoberReasoningPlus/results/temp_0/Qwen-Qwen3-1.7B-bfloat16-34816/1-0.0-1.0-amc23-1-128-131072-32768

---> Starting run: seed=2 (3/16)
Skipping run, results found in /projects/bdrx/azhang14/SoberReasoningPlus/results/temp_0/Qwen-Qwen3-1.7B-bfloat16-34816/2-0.0-1.0-amc23-1-128-131072-32768

---> Starting run: seed=3 (4/16)
Skipping run, results found in /projects/bdrx/azhang14/SoberReasoningPlus/results/temp_0/Qwen-Qwen3-1.7B-bfloat16-34816/3-0.0-1.0-amc23-1-128-131072-32768

---> Starting run: seed=4 (5/16)
Skipping run, results found in /projects/bdrx/azhang14/SoberReasoningPlus/results/temp_0/Qwen-Qwen3-1.7B-bfloat16-34816/4-0.0-1.0-amc23-1-128-131072-32768

---> Starting run: seed=5 (6/16)
Skipping run, results found in /projects/bdrx/azhang14/SoberReasoningPlus/results/temp_0/Qwen-Qwen3-1.7B-bfloat16-34816/5-0.0-1.0-amc23-1-128-131072-32768

---> Starting run: seed=6 (7/16)
Skipping run, results found in /projects/bdrx/azhang14/SoberReasoningPlus/results/temp_0/Qwen-Qwen3-1.7B-bfloat16-34816/6-0.0-1.0-amc23-1-128-131072-32768

---> Starting run: seed=7 (8/16)
Skipping run, results found in /projects/bdrx/azhang14/SoberReasoningPlus/results/temp_0/Qwen-Qwen3-1.7B-bfloat16-34816/7-0.0-1.0-amc23-1-128-131072-32768

---> Starting run: seed=8 (9/16)
Skipping run, results found in /projects/bdrx/azhang14/SoberReasoningPlus/results/temp_0/Qwen-Qwen3-1.7B-bfloat16-34816/8-0.0-1.0-amc23-1-128-131072-32768

---> Starting run: seed=9 (10/16)
Skipping run, results found in /projects/bdrx/azhang14/SoberReasoningPlus/results/temp_0/Qwen-Qwen3-1.7B-bfloat16-34816/9-0.0-1.0-amc23-1-128-131072-32768

---> Starting run: seed=10 (11/16)
Skipping run, results found in /projects/bdrx/azhang14/SoberReasoningPlus/results/temp_0/Qwen-Qwen3-1.7B-bfloat16-34816/10-0.0-1.0-amc23-1-128-131072-32768

---> Starting run: seed=11 (12/16)
Skipping run, results found in /projects/bdrx/azhang14/SoberReasoningPlus/results/temp_0/Qwen-Qwen3-1.7B-bfloat16-34816/11-0.0-1.0-amc23-1-128-131072-32768

---> Starting run: seed=12 (13/16)
Skipping run, results found in /projects/bdrx/azhang14/SoberReasoningPlus/results/temp_0/Qwen-Qwen3-1.7B-bfloat16-34816/12-0.0-1.0-amc23-1-128-131072-32768

---> Starting run: seed=13 (14/16)
Skipping run, results found in /projects/bdrx/azhang14/SoberReasoningPlus/results/temp_0/Qwen-Qwen3-1.7B-bfloat16-34816/13-0.0-1.0-amc23-1-128-131072-32768

---> Starting run: seed=14 (15/16)
Skipping run, results found in /projects/bdrx/azhang14/SoberReasoningPlus/results/temp_0/Qwen-Qwen3-1.7B-bfloat16-34816/14-0.0-1.0-amc23-1-128-131072-32768

---> Starting run: seed=15 (16/16)
Skipping run, results found in /projects/bdrx/azhang14/SoberReasoningPlus/results/temp_0/Qwen-Qwen3-1.7B-bfloat16-34816/15-0.0-1.0-amc23-1-128-131072-32768
Running evaluation for task: custom|math_500|0|0, temperature: 0.0, top_p: 1.0, num_seeds: 3

---> Starting run: seed=0 (1/3)
Skipping run, results found in /projects/bdrx/azhang14/SoberReasoningPlus/results/temp_0/Qwen-Qwen3-1.7B-bfloat16-34816/0-0.0-1.0-math_500-1-128-131072-32768

---> Starting run: seed=1 (2/3)
Skipping run, results found in /projects/bdrx/azhang14/SoberReasoningPlus/results/temp_0/Qwen-Qwen3-1.7B-bfloat16-34816/1-0.0-1.0-math_500-1-128-131072-32768

---> Starting run: seed=2 (3/3)
Skipping run, results found in /projects/bdrx/azhang14/SoberReasoningPlus/results/temp_0/Qwen-Qwen3-1.7B-bfloat16-34816/2-0.0-1.0-math_500-1-128-131072-32768
Running evaluation for task: custom|minerva|0|0, temperature: 0.0, top_p: 1.0, num_seeds: 3

---> Starting run: seed=0 (1/3)
Incomplete run found in /projects/bdrx/azhang14/SoberReasoningPlus/results/temp_0/Qwen-Qwen3-1.7B-bfloat16-34816/0-0.0-1.0-minerva-1-128-131072-32768. Deleting and re-running.
Results will be saved
EvaluationTracker initialized with output directory
PipelineParameters set
Pipeline initialized
|      Task      |Version|     Metric     |Value |   |Stderr|
|----------------|------:|----------------|-----:|---|-----:|
|all             |       |extractive_match|0.3676|±  |0.0293|
|custom:minerva:0|      1|extractive_match|0.3676|±  |0.0293|

Finished run for all seeds

---> Starting run: seed=1 (2/3)
Results will be saved
EvaluationTracker initialized with output directory
PipelineParameters set
Pipeline initialized
|      Task      |Version|     Metric     |Value|   |Stderr|
|----------------|------:|----------------|----:|---|-----:|
|all             |       |extractive_match|0.375|±  |0.0294|
|custom:minerva:0|      1|extractive_match|0.375|±  |0.0294|

Finished run for all seeds

---> Starting run: seed=2 (3/3)
Results will be saved
EvaluationTracker initialized with output directory
PipelineParameters set
Pipeline initialized
|      Task      |Version|     Metric     |Value |   |Stderr|
|----------------|------:|----------------|-----:|---|-----:|
|all             |       |extractive_match|0.3566|±  |0.0291|
|custom:minerva:0|      1|extractive_match|0.3566|±  |0.0291|

Finished run for all seeds
Running evaluation for task: custom|olympiadbench|0|0, temperature: 0.0, top_p: 1.0, num_seeds: 3

---> Starting run: seed=0 (1/3)
Results will be saved
EvaluationTracker initialized with output directory
PipelineParameters set
Pipeline initialized
|         Task         |Version|     Metric     |Value|   |Stderr|
|----------------------|------:|----------------|----:|---|-----:|
|all                   |       |extractive_match| 0.64|±  |0.0185|
|custom:olympiadbench:0|      1|extractive_match| 0.64|±  |0.0185|

Finished run for all seeds

---> Starting run: seed=1 (2/3)
Results will be saved
EvaluationTracker initialized with output directory
PipelineParameters set
Pipeline initialized
|         Task         |Version|     Metric     |Value |   |Stderr|
|----------------------|------:|----------------|-----:|---|-----:|
|all                   |       |extractive_match|0.6133|±  |0.0188|
|custom:olympiadbench:0|      1|extractive_match|0.6133|±  |0.0188|

Finished run for all seeds

---> Starting run: seed=2 (3/3)
Results will be saved
EvaluationTracker initialized with output directory
PipelineParameters set
Pipeline initialized
|         Task         |Version|     Metric     |Value |   |Stderr|
|----------------------|------:|----------------|-----:|---|-----:|
|all                   |       |extractive_match|0.6133|±  |0.0188|
|custom:olympiadbench:0|      1|extractive_match|0.6133|±  |0.0188|

Finished run for all seeds
Total execution time: 13:11:47.686533
======================================
Running: Model=Qwen/Qwen3-1.7B, Temp=0.2, Top_P=0.7
======================================
INFO 12-04 08:21:43 [__init__.py:244] Automatically detected platform cuda.
Loading model...
INFO 12-04 08:23:02 [__init__.py:244] Automatically detected platform cuda.
Model loaded successfully.
[0.2] [0.7]
<class 'list'> <class 'list'>
Running evaluation for task: custom|aime24|0|0, temperature: 0.2, top_p: 0.7, num_seeds: 16

---> Starting run: seed=0 (1/16)
Skipping run, results found in /projects/bdrx/azhang14/SoberReasoningPlus/results/temp_0.2/Qwen-Qwen3-1.7B-bfloat16-34816/0-0.2-0.7-aime24-1-128-131072-32768

---> Starting run: seed=1 (2/16)
Skipping run, results found in /projects/bdrx/azhang14/SoberReasoningPlus/results/temp_0.2/Qwen-Qwen3-1.7B-bfloat16-34816/1-0.2-0.7-aime24-1-128-131072-32768

---> Starting run: seed=2 (3/16)
Skipping run, results found in /projects/bdrx/azhang14/SoberReasoningPlus/results/temp_0.2/Qwen-Qwen3-1.7B-bfloat16-34816/2-0.2-0.7-aime24-1-128-131072-32768

---> Starting run: seed=3 (4/16)
Skipping run, results found in /projects/bdrx/azhang14/SoberReasoningPlus/results/temp_0.2/Qwen-Qwen3-1.7B-bfloat16-34816/3-0.2-0.7-aime24-1-128-131072-32768

---> Starting run: seed=4 (5/16)
Skipping run, results found in /projects/bdrx/azhang14/SoberReasoningPlus/results/temp_0.2/Qwen-Qwen3-1.7B-bfloat16-34816/4-0.2-0.7-aime24-1-128-131072-32768

---> Starting run: seed=5 (6/16)
Skipping run, results found in /projects/bdrx/azhang14/SoberReasoningPlus/results/temp_0.2/Qwen-Qwen3-1.7B-bfloat16-34816/5-0.2-0.7-aime24-1-128-131072-32768

---> Starting run: seed=6 (7/16)
Skipping run, results found in /projects/bdrx/azhang14/SoberReasoningPlus/results/temp_0.2/Qwen-Qwen3-1.7B-bfloat16-34816/6-0.2-0.7-aime24-1-128-131072-32768

---> Starting run: seed=7 (8/16)
Skipping run, results found in /projects/bdrx/azhang14/SoberReasoningPlus/results/temp_0.2/Qwen-Qwen3-1.7B-bfloat16-34816/7-0.2-0.7-aime24-1-128-131072-32768

---> Starting run: seed=8 (9/16)
Skipping run, results found in /projects/bdrx/azhang14/SoberReasoningPlus/results/temp_0.2/Qwen-Qwen3-1.7B-bfloat16-34816/8-0.2-0.7-aime24-1-128-131072-32768

---> Starting run: seed=9 (10/16)
Skipping run, results found in /projects/bdrx/azhang14/SoberReasoningPlus/results/temp_0.2/Qwen-Qwen3-1.7B-bfloat16-34816/9-0.2-0.7-aime24-1-128-131072-32768

---> Starting run: seed=10 (11/16)
Skipping run, results found in /projects/bdrx/azhang14/SoberReasoningPlus/results/temp_0.2/Qwen-Qwen3-1.7B-bfloat16-34816/10-0.2-0.7-aime24-1-128-131072-32768

---> Starting run: seed=11 (12/16)
Skipping run, results found in /projects/bdrx/azhang14/SoberReasoningPlus/results/temp_0.2/Qwen-Qwen3-1.7B-bfloat16-34816/11-0.2-0.7-aime24-1-128-131072-32768

---> Starting run: seed=12 (13/16)
Skipping run, results found in /projects/bdrx/azhang14/SoberReasoningPlus/results/temp_0.2/Qwen-Qwen3-1.7B-bfloat16-34816/12-0.2-0.7-aime24-1-128-131072-32768

---> Starting run: seed=13 (14/16)
Skipping run, results found in /projects/bdrx/azhang14/SoberReasoningPlus/results/temp_0.2/Qwen-Qwen3-1.7B-bfloat16-34816/13-0.2-0.7-aime24-1-128-131072-32768

---> Starting run: seed=14 (15/16)
Skipping run, results found in /projects/bdrx/azhang14/SoberReasoningPlus/results/temp_0.2/Qwen-Qwen3-1.7B-bfloat16-34816/14-0.2-0.7-aime24-1-128-131072-32768

---> Starting run: seed=15 (16/16)
Skipping run, results found in /projects/bdrx/azhang14/SoberReasoningPlus/results/temp_0.2/Qwen-Qwen3-1.7B-bfloat16-34816/15-0.2-0.7-aime24-1-128-131072-32768
Running evaluation for task: custom|aime25|0|0, temperature: 0.2, top_p: 0.7, num_seeds: 16

---> Starting run: seed=0 (1/16)
Skipping run, results found in /projects/bdrx/azhang14/SoberReasoningPlus/results/temp_0.2/Qwen-Qwen3-1.7B-bfloat16-34816/0-0.2-0.7-aime25-1-128-131072-32768

---> Starting run: seed=1 (2/16)
Skipping run, results found in /projects/bdrx/azhang14/SoberReasoningPlus/results/temp_0.2/Qwen-Qwen3-1.7B-bfloat16-34816/1-0.2-0.7-aime25-1-128-131072-32768

---> Starting run: seed=2 (3/16)
Skipping run, results found in /projects/bdrx/azhang14/SoberReasoningPlus/results/temp_0.2/Qwen-Qwen3-1.7B-bfloat16-34816/2-0.2-0.7-aime25-1-128-131072-32768

---> Starting run: seed=3 (4/16)
Skipping run, results found in /projects/bdrx/azhang14/SoberReasoningPlus/results/temp_0.2/Qwen-Qwen3-1.7B-bfloat16-34816/3-0.2-0.7-aime25-1-128-131072-32768

---> Starting run: seed=4 (5/16)
Skipping run, results found in /projects/bdrx/azhang14/SoberReasoningPlus/results/temp_0.2/Qwen-Qwen3-1.7B-bfloat16-34816/4-0.2-0.7-aime25-1-128-131072-32768

---> Starting run: seed=5 (6/16)
Skipping run, results found in /projects/bdrx/azhang14/SoberReasoningPlus/results/temp_0.2/Qwen-Qwen3-1.7B-bfloat16-34816/5-0.2-0.7-aime25-1-128-131072-32768

---> Starting run: seed=6 (7/16)
Skipping run, results found in /projects/bdrx/azhang14/SoberReasoningPlus/results/temp_0.2/Qwen-Qwen3-1.7B-bfloat16-34816/6-0.2-0.7-aime25-1-128-131072-32768

---> Starting run: seed=7 (8/16)
Skipping run, results found in /projects/bdrx/azhang14/SoberReasoningPlus/results/temp_0.2/Qwen-Qwen3-1.7B-bfloat16-34816/7-0.2-0.7-aime25-1-128-131072-32768

---> Starting run: seed=8 (9/16)
Skipping run, results found in /projects/bdrx/azhang14/SoberReasoningPlus/results/temp_0.2/Qwen-Qwen3-1.7B-bfloat16-34816/8-0.2-0.7-aime25-1-128-131072-32768

---> Starting run: seed=9 (10/16)
Skipping run, results found in /projects/bdrx/azhang14/SoberReasoningPlus/results/temp_0.2/Qwen-Qwen3-1.7B-bfloat16-34816/9-0.2-0.7-aime25-1-128-131072-32768

---> Starting run: seed=10 (11/16)
Skipping run, results found in /projects/bdrx/azhang14/SoberReasoningPlus/results/temp_0.2/Qwen-Qwen3-1.7B-bfloat16-34816/10-0.2-0.7-aime25-1-128-131072-32768

---> Starting run: seed=11 (12/16)
Skipping run, results found in /projects/bdrx/azhang14/SoberReasoningPlus/results/temp_0.2/Qwen-Qwen3-1.7B-bfloat16-34816/11-0.2-0.7-aime25-1-128-131072-32768

---> Starting run: seed=12 (13/16)
Skipping run, results found in /projects/bdrx/azhang14/SoberReasoningPlus/results/temp_0.2/Qwen-Qwen3-1.7B-bfloat16-34816/12-0.2-0.7-aime25-1-128-131072-32768

---> Starting run: seed=13 (14/16)
Skipping run, results found in /projects/bdrx/azhang14/SoberReasoningPlus/results/temp_0.2/Qwen-Qwen3-1.7B-bfloat16-34816/13-0.2-0.7-aime25-1-128-131072-32768

---> Starting run: seed=14 (15/16)
Skipping run, results found in /projects/bdrx/azhang14/SoberReasoningPlus/results/temp_0.2/Qwen-Qwen3-1.7B-bfloat16-34816/14-0.2-0.7-aime25-1-128-131072-32768

---> Starting run: seed=15 (16/16)
Skipping run, results found in /projects/bdrx/azhang14/SoberReasoningPlus/results/temp_0.2/Qwen-Qwen3-1.7B-bfloat16-34816/15-0.2-0.7-aime25-1-128-131072-32768
Running evaluation for task: custom|amc23|0|0, temperature: 0.2, top_p: 0.7, num_seeds: 16

---> Starting run: seed=0 (1/16)
Skipping run, results found in /projects/bdrx/azhang14/SoberReasoningPlus/results/temp_0.2/Qwen-Qwen3-1.7B-bfloat16-34816/0-0.2-0.7-amc23-1-128-131072-32768

---> Starting run: seed=1 (2/16)
Skipping run, results found in /projects/bdrx/azhang14/SoberReasoningPlus/results/temp_0.2/Qwen-Qwen3-1.7B-bfloat16-34816/1-0.2-0.7-amc23-1-128-131072-32768

---> Starting run: seed=2 (3/16)
Skipping run, results found in /projects/bdrx/azhang14/SoberReasoningPlus/results/temp_0.2/Qwen-Qwen3-1.7B-bfloat16-34816/2-0.2-0.7-amc23-1-128-131072-32768

---> Starting run: seed=3 (4/16)
Skipping run, results found in /projects/bdrx/azhang14/SoberReasoningPlus/results/temp_0.2/Qwen-Qwen3-1.7B-bfloat16-34816/3-0.2-0.7-amc23-1-128-131072-32768

---> Starting run: seed=4 (5/16)
Skipping run, results found in /projects/bdrx/azhang14/SoberReasoningPlus/results/temp_0.2/Qwen-Qwen3-1.7B-bfloat16-34816/4-0.2-0.7-amc23-1-128-131072-32768

---> Starting run: seed=5 (6/16)
Skipping run, results found in /projects/bdrx/azhang14/SoberReasoningPlus/results/temp_0.2/Qwen-Qwen3-1.7B-bfloat16-34816/5-0.2-0.7-amc23-1-128-131072-32768

---> Starting run: seed=6 (7/16)
Skipping run, results found in /projects/bdrx/azhang14/SoberReasoningPlus/results/temp_0.2/Qwen-Qwen3-1.7B-bfloat16-34816/6-0.2-0.7-amc23-1-128-131072-32768

---> Starting run: seed=7 (8/16)
Skipping run, results found in /projects/bdrx/azhang14/SoberReasoningPlus/results/temp_0.2/Qwen-Qwen3-1.7B-bfloat16-34816/7-0.2-0.7-amc23-1-128-131072-32768

---> Starting run: seed=8 (9/16)
Skipping run, results found in /projects/bdrx/azhang14/SoberReasoningPlus/results/temp_0.2/Qwen-Qwen3-1.7B-bfloat16-34816/8-0.2-0.7-amc23-1-128-131072-32768

---> Starting run: seed=9 (10/16)
Skipping run, results found in /projects/bdrx/azhang14/SoberReasoningPlus/results/temp_0.2/Qwen-Qwen3-1.7B-bfloat16-34816/9-0.2-0.7-amc23-1-128-131072-32768

---> Starting run: seed=10 (11/16)
Skipping run, results found in /projects/bdrx/azhang14/SoberReasoningPlus/results/temp_0.2/Qwen-Qwen3-1.7B-bfloat16-34816/10-0.2-0.7-amc23-1-128-131072-32768

---> Starting run: seed=11 (12/16)
Skipping run, results found in /projects/bdrx/azhang14/SoberReasoningPlus/results/temp_0.2/Qwen-Qwen3-1.7B-bfloat16-34816/11-0.2-0.7-amc23-1-128-131072-32768

---> Starting run: seed=12 (13/16)
Skipping run, results found in /projects/bdrx/azhang14/SoberReasoningPlus/results/temp_0.2/Qwen-Qwen3-1.7B-bfloat16-34816/12-0.2-0.7-amc23-1-128-131072-32768

---> Starting run: seed=13 (14/16)
Skipping run, results found in /projects/bdrx/azhang14/SoberReasoningPlus/results/temp_0.2/Qwen-Qwen3-1.7B-bfloat16-34816/13-0.2-0.7-amc23-1-128-131072-32768

---> Starting run: seed=14 (15/16)
Skipping run, results found in /projects/bdrx/azhang14/SoberReasoningPlus/results/temp_0.2/Qwen-Qwen3-1.7B-bfloat16-34816/14-0.2-0.7-amc23-1-128-131072-32768

---> Starting run: seed=15 (16/16)
Skipping run, results found in /projects/bdrx/azhang14/SoberReasoningPlus/results/temp_0.2/Qwen-Qwen3-1.7B-bfloat16-34816/15-0.2-0.7-amc23-1-128-131072-32768
Running evaluation for task: custom|math_500|0|0, temperature: 0.2, top_p: 0.7, num_seeds: 3

---> Starting run: seed=0 (1/3)
Skipping run, results found in /projects/bdrx/azhang14/SoberReasoningPlus/results/temp_0.2/Qwen-Qwen3-1.7B-bfloat16-34816/0-0.2-0.7-math_500-1-128-131072-32768

---> Starting run: seed=1 (2/3)
Skipping run, results found in /projects/bdrx/azhang14/SoberReasoningPlus/results/temp_0.2/Qwen-Qwen3-1.7B-bfloat16-34816/1-0.2-0.7-math_500-1-128-131072-32768

---> Starting run: seed=2 (3/3)
Skipping run, results found in /projects/bdrx/azhang14/SoberReasoningPlus/results/temp_0.2/Qwen-Qwen3-1.7B-bfloat16-34816/2-0.2-0.7-math_500-1-128-131072-32768
Running evaluation for task: custom|minerva|0|0, temperature: 0.2, top_p: 0.7, num_seeds: 3

---> Starting run: seed=0 (1/3)
Skipping run, results found in /projects/bdrx/azhang14/SoberReasoningPlus/results/temp_0.2/Qwen-Qwen3-1.7B-bfloat16-34816/0-0.2-0.7-minerva-1-128-131072-32768

---> Starting run: seed=1 (2/3)
Skipping run, results found in /projects/bdrx/azhang14/SoberReasoningPlus/results/temp_0.2/Qwen-Qwen3-1.7B-bfloat16-34816/1-0.2-0.7-minerva-1-128-131072-32768

---> Starting run: seed=2 (3/3)
Skipping run, results found in /projects/bdrx/azhang14/SoberReasoningPlus/results/temp_0.2/Qwen-Qwen3-1.7B-bfloat16-34816/2-0.2-0.7-minerva-1-128-131072-32768
Running evaluation for task: custom|olympiadbench|0|0, temperature: 0.2, top_p: 0.7, num_seeds: 3

---> Starting run: seed=0 (1/3)
Skipping run, results found in /projects/bdrx/azhang14/SoberReasoningPlus/results/temp_0.2/Qwen-Qwen3-1.7B-bfloat16-34816/0-0.2-0.7-olympiadbench-1-128-131072-32768

---> Starting run: seed=1 (2/3)
Skipping run, results found in /projects/bdrx/azhang14/SoberReasoningPlus/results/temp_0.2/Qwen-Qwen3-1.7B-bfloat16-34816/1-0.2-0.7-olympiadbench-1-128-131072-32768

---> Starting run: seed=2 (3/3)
Incomplete run found in /projects/bdrx/azhang14/SoberReasoningPlus/results/temp_0.2/Qwen-Qwen3-1.7B-bfloat16-34816/2-0.2-0.7-olympiadbench-1-128-131072-32768. Deleting and re-running.
Results will be saved
EvaluationTracker initialized with output directory
PipelineParameters set
Pipeline initialized
|         Task         |Version|     Metric     |Value |   |Stderr|
|----------------------|------:|----------------|-----:|---|-----:|
|all                   |       |extractive_match|0.6311|±  |0.0186|
|custom:olympiadbench:0|      1|extractive_match|0.6311|±  |0.0186|

Finished run for all seeds
Total execution time: 3:41:26.326548
======================================
Running: Model=Qwen/Qwen3-1.7B, Temp=0.2, Top_P=0.8
======================================
INFO 12-04 12:06:21 [__init__.py:244] Automatically detected platform cuda.
Loading model...
INFO 12-04 12:07:39 [__init__.py:244] Automatically detected platform cuda.
Model loaded successfully.
[0.2] [0.8]
<class 'list'> <class 'list'>
Running evaluation for task: custom|aime24|0|0, temperature: 0.2, top_p: 0.8, num_seeds: 16

---> Starting run: seed=0 (1/16)
Skipping run, results found in /projects/bdrx/azhang14/SoberReasoningPlus/results/temp_0.2/Qwen-Qwen3-1.7B-bfloat16-34816/0-0.2-0.8-aime24-1-128-131072-32768

---> Starting run: seed=1 (2/16)
Skipping run, results found in /projects/bdrx/azhang14/SoberReasoningPlus/results/temp_0.2/Qwen-Qwen3-1.7B-bfloat16-34816/1-0.2-0.8-aime24-1-128-131072-32768

---> Starting run: seed=2 (3/16)
Skipping run, results found in /projects/bdrx/azhang14/SoberReasoningPlus/results/temp_0.2/Qwen-Qwen3-1.7B-bfloat16-34816/2-0.2-0.8-aime24-1-128-131072-32768

---> Starting run: seed=3 (4/16)
Skipping run, results found in /projects/bdrx/azhang14/SoberReasoningPlus/results/temp_0.2/Qwen-Qwen3-1.7B-bfloat16-34816/3-0.2-0.8-aime24-1-128-131072-32768

---> Starting run: seed=4 (5/16)
Skipping run, results found in /projects/bdrx/azhang14/SoberReasoningPlus/results/temp_0.2/Qwen-Qwen3-1.7B-bfloat16-34816/4-0.2-0.8-aime24-1-128-131072-32768

---> Starting run: seed=5 (6/16)
Skipping run, results found in /projects/bdrx/azhang14/SoberReasoningPlus/results/temp_0.2/Qwen-Qwen3-1.7B-bfloat16-34816/5-0.2-0.8-aime24-1-128-131072-32768

---> Starting run: seed=6 (7/16)
Skipping run, results found in /projects/bdrx/azhang14/SoberReasoningPlus/results/temp_0.2/Qwen-Qwen3-1.7B-bfloat16-34816/6-0.2-0.8-aime24-1-128-131072-32768

---> Starting run: seed=7 (8/16)
Skipping run, results found in /projects/bdrx/azhang14/SoberReasoningPlus/results/temp_0.2/Qwen-Qwen3-1.7B-bfloat16-34816/7-0.2-0.8-aime24-1-128-131072-32768

---> Starting run: seed=8 (9/16)
Skipping run, results found in /projects/bdrx/azhang14/SoberReasoningPlus/results/temp_0.2/Qwen-Qwen3-1.7B-bfloat16-34816/8-0.2-0.8-aime24-1-128-131072-32768

---> Starting run: seed=9 (10/16)
Skipping run, results found in /projects/bdrx/azhang14/SoberReasoningPlus/results/temp_0.2/Qwen-Qwen3-1.7B-bfloat16-34816/9-0.2-0.8-aime24-1-128-131072-32768

---> Starting run: seed=10 (11/16)
Skipping run, results found in /projects/bdrx/azhang14/SoberReasoningPlus/results/temp_0.2/Qwen-Qwen3-1.7B-bfloat16-34816/10-0.2-0.8-aime24-1-128-131072-32768

---> Starting run: seed=11 (12/16)
Skipping run, results found in /projects/bdrx/azhang14/SoberReasoningPlus/results/temp_0.2/Qwen-Qwen3-1.7B-bfloat16-34816/11-0.2-0.8-aime24-1-128-131072-32768

---> Starting run: seed=12 (13/16)
Skipping run, results found in /projects/bdrx/azhang14/SoberReasoningPlus/results/temp_0.2/Qwen-Qwen3-1.7B-bfloat16-34816/12-0.2-0.8-aime24-1-128-131072-32768

---> Starting run: seed=13 (14/16)
Skipping run, results found in /projects/bdrx/azhang14/SoberReasoningPlus/results/temp_0.2/Qwen-Qwen3-1.7B-bfloat16-34816/13-0.2-0.8-aime24-1-128-131072-32768

---> Starting run: seed=14 (15/16)
Skipping run, results found in /projects/bdrx/azhang14/SoberReasoningPlus/results/temp_0.2/Qwen-Qwen3-1.7B-bfloat16-34816/14-0.2-0.8-aime24-1-128-131072-32768

---> Starting run: seed=15 (16/16)
Skipping run, results found in /projects/bdrx/azhang14/SoberReasoningPlus/results/temp_0.2/Qwen-Qwen3-1.7B-bfloat16-34816/15-0.2-0.8-aime24-1-128-131072-32768
Running evaluation for task: custom|aime25|0|0, temperature: 0.2, top_p: 0.8, num_seeds: 16

---> Starting run: seed=0 (1/16)
Skipping run, results found in /projects/bdrx/azhang14/SoberReasoningPlus/results/temp_0.2/Qwen-Qwen3-1.7B-bfloat16-34816/0-0.2-0.8-aime25-1-128-131072-32768

---> Starting run: seed=1 (2/16)
Skipping run, results found in /projects/bdrx/azhang14/SoberReasoningPlus/results/temp_0.2/Qwen-Qwen3-1.7B-bfloat16-34816/1-0.2-0.8-aime25-1-128-131072-32768

---> Starting run: seed=2 (3/16)
Skipping run, results found in /projects/bdrx/azhang14/SoberReasoningPlus/results/temp_0.2/Qwen-Qwen3-1.7B-bfloat16-34816/2-0.2-0.8-aime25-1-128-131072-32768

---> Starting run: seed=3 (4/16)
Skipping run, results found in /projects/bdrx/azhang14/SoberReasoningPlus/results/temp_0.2/Qwen-Qwen3-1.7B-bfloat16-34816/3-0.2-0.8-aime25-1-128-131072-32768

---> Starting run: seed=4 (5/16)
Skipping run, results found in /projects/bdrx/azhang14/SoberReasoningPlus/results/temp_0.2/Qwen-Qwen3-1.7B-bfloat16-34816/4-0.2-0.8-aime25-1-128-131072-32768

---> Starting run: seed=5 (6/16)
Skipping run, results found in /projects/bdrx/azhang14/SoberReasoningPlus/results/temp_0.2/Qwen-Qwen3-1.7B-bfloat16-34816/5-0.2-0.8-aime25-1-128-131072-32768

---> Starting run: seed=6 (7/16)
Skipping run, results found in /projects/bdrx/azhang14/SoberReasoningPlus/results/temp_0.2/Qwen-Qwen3-1.7B-bfloat16-34816/6-0.2-0.8-aime25-1-128-131072-32768

---> Starting run: seed=7 (8/16)
Skipping run, results found in /projects/bdrx/azhang14/SoberReasoningPlus/results/temp_0.2/Qwen-Qwen3-1.7B-bfloat16-34816/7-0.2-0.8-aime25-1-128-131072-32768

---> Starting run: seed=8 (9/16)
Skipping run, results found in /projects/bdrx/azhang14/SoberReasoningPlus/results/temp_0.2/Qwen-Qwen3-1.7B-bfloat16-34816/8-0.2-0.8-aime25-1-128-131072-32768

---> Starting run: seed=9 (10/16)
Skipping run, results found in /projects/bdrx/azhang14/SoberReasoningPlus/results/temp_0.2/Qwen-Qwen3-1.7B-bfloat16-34816/9-0.2-0.8-aime25-1-128-131072-32768

---> Starting run: seed=10 (11/16)
Skipping run, results found in /projects/bdrx/azhang14/SoberReasoningPlus/results/temp_0.2/Qwen-Qwen3-1.7B-bfloat16-34816/10-0.2-0.8-aime25-1-128-131072-32768

---> Starting run: seed=11 (12/16)
Skipping run, results found in /projects/bdrx/azhang14/SoberReasoningPlus/results/temp_0.2/Qwen-Qwen3-1.7B-bfloat16-34816/11-0.2-0.8-aime25-1-128-131072-32768

---> Starting run: seed=12 (13/16)
Skipping run, results found in /projects/bdrx/azhang14/SoberReasoningPlus/results/temp_0.2/Qwen-Qwen3-1.7B-bfloat16-34816/12-0.2-0.8-aime25-1-128-131072-32768

---> Starting run: seed=13 (14/16)
Skipping run, results found in /projects/bdrx/azhang14/SoberReasoningPlus/results/temp_0.2/Qwen-Qwen3-1.7B-bfloat16-34816/13-0.2-0.8-aime25-1-128-131072-32768

---> Starting run: seed=14 (15/16)
Skipping run, results found in /projects/bdrx/azhang14/SoberReasoningPlus/results/temp_0.2/Qwen-Qwen3-1.7B-bfloat16-34816/14-0.2-0.8-aime25-1-128-131072-32768

---> Starting run: seed=15 (16/16)
Skipping run, results found in /projects/bdrx/azhang14/SoberReasoningPlus/results/temp_0.2/Qwen-Qwen3-1.7B-bfloat16-34816/15-0.2-0.8-aime25-1-128-131072-32768
Running evaluation for task: custom|amc23|0|0, temperature: 0.2, top_p: 0.8, num_seeds: 16

---> Starting run: seed=0 (1/16)
Skipping run, results found in /projects/bdrx/azhang14/SoberReasoningPlus/results/temp_0.2/Qwen-Qwen3-1.7B-bfloat16-34816/0-0.2-0.8-amc23-1-128-131072-32768

---> Starting run: seed=1 (2/16)
Skipping run, results found in /projects/bdrx/azhang14/SoberReasoningPlus/results/temp_0.2/Qwen-Qwen3-1.7B-bfloat16-34816/1-0.2-0.8-amc23-1-128-131072-32768

---> Starting run: seed=2 (3/16)
Skipping run, results found in /projects/bdrx/azhang14/SoberReasoningPlus/results/temp_0.2/Qwen-Qwen3-1.7B-bfloat16-34816/2-0.2-0.8-amc23-1-128-131072-32768

---> Starting run: seed=3 (4/16)
Skipping run, results found in /projects/bdrx/azhang14/SoberReasoningPlus/results/temp_0.2/Qwen-Qwen3-1.7B-bfloat16-34816/3-0.2-0.8-amc23-1-128-131072-32768

---> Starting run: seed=4 (5/16)
Skipping run, results found in /projects/bdrx/azhang14/SoberReasoningPlus/results/temp_0.2/Qwen-Qwen3-1.7B-bfloat16-34816/4-0.2-0.8-amc23-1-128-131072-32768

---> Starting run: seed=5 (6/16)
Skipping run, results found in /projects/bdrx/azhang14/SoberReasoningPlus/results/temp_0.2/Qwen-Qwen3-1.7B-bfloat16-34816/5-0.2-0.8-amc23-1-128-131072-32768

---> Starting run: seed=6 (7/16)
Skipping run, results found in /projects/bdrx/azhang14/SoberReasoningPlus/results/temp_0.2/Qwen-Qwen3-1.7B-bfloat16-34816/6-0.2-0.8-amc23-1-128-131072-32768

---> Starting run: seed=7 (8/16)
Skipping run, results found in /projects/bdrx/azhang14/SoberReasoningPlus/results/temp_0.2/Qwen-Qwen3-1.7B-bfloat16-34816/7-0.2-0.8-amc23-1-128-131072-32768

---> Starting run: seed=8 (9/16)
Skipping run, results found in /projects/bdrx/azhang14/SoberReasoningPlus/results/temp_0.2/Qwen-Qwen3-1.7B-bfloat16-34816/8-0.2-0.8-amc23-1-128-131072-32768

---> Starting run: seed=9 (10/16)
Skipping run, results found in /projects/bdrx/azhang14/SoberReasoningPlus/results/temp_0.2/Qwen-Qwen3-1.7B-bfloat16-34816/9-0.2-0.8-amc23-1-128-131072-32768

---> Starting run: seed=10 (11/16)
Skipping run, results found in /projects/bdrx/azhang14/SoberReasoningPlus/results/temp_0.2/Qwen-Qwen3-1.7B-bfloat16-34816/10-0.2-0.8-amc23-1-128-131072-32768

---> Starting run: seed=11 (12/16)
Skipping run, results found in /projects/bdrx/azhang14/SoberReasoningPlus/results/temp_0.2/Qwen-Qwen3-1.7B-bfloat16-34816/11-0.2-0.8-amc23-1-128-131072-32768

---> Starting run: seed=12 (13/16)
Skipping run, results found in /projects/bdrx/azhang14/SoberReasoningPlus/results/temp_0.2/Qwen-Qwen3-1.7B-bfloat16-34816/12-0.2-0.8-amc23-1-128-131072-32768

---> Starting run: seed=13 (14/16)
Skipping run, results found in /projects/bdrx/azhang14/SoberReasoningPlus/results/temp_0.2/Qwen-Qwen3-1.7B-bfloat16-34816/13-0.2-0.8-amc23-1-128-131072-32768

---> Starting run: seed=14 (15/16)
Skipping run, results found in /projects/bdrx/azhang14/SoberReasoningPlus/results/temp_0.2/Qwen-Qwen3-1.7B-bfloat16-34816/14-0.2-0.8-amc23-1-128-131072-32768

---> Starting run: seed=15 (16/16)
Skipping run, results found in /projects/bdrx/azhang14/SoberReasoningPlus/results/temp_0.2/Qwen-Qwen3-1.7B-bfloat16-34816/15-0.2-0.8-amc23-1-128-131072-32768
Running evaluation for task: custom|math_500|0|0, temperature: 0.2, top_p: 0.8, num_seeds: 3

---> Starting run: seed=0 (1/3)
Results will be saved
EvaluationTracker initialized with output directory
PipelineParameters set
Pipeline initialized
|      Task       |Version|     Metric     |Value|   |Stderr|
|-----------------|------:|----------------|----:|---|-----:|
|all              |       |extractive_match|  0.9|±  |0.0134|
|custom:math_500:0|      1|extractive_match|  0.9|±  |0.0134|

Finished run for all seeds

---> Starting run: seed=1 (2/3)
Results will be saved
EvaluationTracker initialized with output directory
PipelineParameters set
Pipeline initialized
|      Task       |Version|     Metric     |Value|   |Stderr|
|-----------------|------:|----------------|----:|---|-----:|
|all              |       |extractive_match|0.894|±  |0.0138|
|custom:math_500:0|      1|extractive_match|0.894|±  |0.0138|

Finished run for all seeds

---> Starting run: seed=2 (3/3)
Results will be saved
EvaluationTracker initialized with output directory
PipelineParameters set
Pipeline initialized
|      Task       |Version|     Metric     |Value|   |Stderr|
|-----------------|------:|----------------|----:|---|-----:|
|all              |       |extractive_match|  0.9|±  |0.0134|
|custom:math_500:0|      1|extractive_match|  0.9|±  |0.0134|

Finished run for all seeds
Running evaluation for task: custom|minerva|0|0, temperature: 0.2, top_p: 0.8, num_seeds: 3

---> Starting run: seed=0 (1/3)
Results will be saved
EvaluationTracker initialized with output directory
PipelineParameters set
Pipeline initialized
|      Task      |Version|     Metric     |Value |   |Stderr|
|----------------|------:|----------------|-----:|---|-----:|
|all             |       |extractive_match|0.3787|±  |0.0295|
|custom:minerva:0|      1|extractive_match|0.3787|±  |0.0295|

Finished run for all seeds

---> Starting run: seed=1 (2/3)
Results will be saved
EvaluationTracker initialized with output directory
PipelineParameters set
Pipeline initialized
|      Task      |Version|     Metric     |Value |   |Stderr|
|----------------|------:|----------------|-----:|---|-----:|
|all             |       |extractive_match|0.3713|±  |0.0293|
|custom:minerva:0|      1|extractive_match|0.3713|±  |0.0293|

Finished run for all seeds

---> Starting run: seed=2 (3/3)
Results will be saved
EvaluationTracker initialized with output directory
PipelineParameters set
Pipeline initialized
|      Task      |Version|     Metric     |Value |   |Stderr|
|----------------|------:|----------------|-----:|---|-----:|
|all             |       |extractive_match|0.3787|±  |0.0295|
|custom:minerva:0|      1|extractive_match|0.3787|±  |0.0295|

Finished run for all seeds
Running evaluation for task: custom|olympiadbench|0|0, temperature: 0.2, top_p: 0.8, num_seeds: 3

---> Starting run: seed=0 (1/3)
Results will be saved
EvaluationTracker initialized with output directory
PipelineParameters set
Pipeline initialized
|         Task         |Version|     Metric     |Value |   |Stderr|
|----------------------|------:|----------------|-----:|---|-----:|
|all                   |       |extractive_match|0.6311|±  |0.0186|
|custom:olympiadbench:0|      1|extractive_match|0.6311|±  |0.0186|

Finished run for all seeds

---> Starting run: seed=1 (2/3)
Results will be saved
EvaluationTracker initialized with output directory
PipelineParameters set
Pipeline initialized
|         Task         |Version|     Metric     |Value |   |Stderr|
|----------------------|------:|----------------|-----:|---|-----:|
|all                   |       |extractive_match|0.6163|±  |0.0187|
|custom:olympiadbench:0|      1|extractive_match|0.6163|±  |0.0187|

Finished run for all seeds

---> Starting run: seed=2 (3/3)
Results will be saved
EvaluationTracker initialized with output directory
PipelineParameters set
Pipeline initialized
|         Task         |Version|     Metric     |Value |   |Stderr|
|----------------------|------:|----------------|-----:|---|-----:|
|all                   |       |extractive_match|0.6178|±  |0.0187|
|custom:olympiadbench:0|      1|extractive_match|0.6178|±  |0.0187|

Finished run for all seeds
Total execution time: 15:41:34.789916
======================================
Running: Model=Qwen/Qwen3-1.7B, Temp=0.2, Top_P=0.9
======================================
INFO 12-05 03:52:12 [__init__.py:244] Automatically detected platform cuda.
Loading model...
INFO 12-05 03:54:24 [__init__.py:244] Automatically detected platform cuda.
Model loaded successfully.
[0.2] [0.9]
<class 'list'> <class 'list'>
Running evaluation for task: custom|aime24|0|0, temperature: 0.2, top_p: 0.9, num_seeds: 16

---> Starting run: seed=0 (1/16)
Skipping run, results found in /projects/bdrx/azhang14/SoberReasoningPlus/results/temp_0.2/Qwen-Qwen3-1.7B-bfloat16-34816/0-0.2-0.9-aime24-1-128-131072-32768

---> Starting run: seed=1 (2/16)
Skipping run, results found in /projects/bdrx/azhang14/SoberReasoningPlus/results/temp_0.2/Qwen-Qwen3-1.7B-bfloat16-34816/1-0.2-0.9-aime24-1-128-131072-32768

---> Starting run: seed=2 (3/16)
Skipping run, results found in /projects/bdrx/azhang14/SoberReasoningPlus/results/temp_0.2/Qwen-Qwen3-1.7B-bfloat16-34816/2-0.2-0.9-aime24-1-128-131072-32768

---> Starting run: seed=3 (4/16)
Skipping run, results found in /projects/bdrx/azhang14/SoberReasoningPlus/results/temp_0.2/Qwen-Qwen3-1.7B-bfloat16-34816/3-0.2-0.9-aime24-1-128-131072-32768

---> Starting run: seed=4 (5/16)
Skipping run, results found in /projects/bdrx/azhang14/SoberReasoningPlus/results/temp_0.2/Qwen-Qwen3-1.7B-bfloat16-34816/4-0.2-0.9-aime24-1-128-131072-32768

---> Starting run: seed=5 (6/16)
Skipping run, results found in /projects/bdrx/azhang14/SoberReasoningPlus/results/temp_0.2/Qwen-Qwen3-1.7B-bfloat16-34816/5-0.2-0.9-aime24-1-128-131072-32768

---> Starting run: seed=6 (7/16)
Skipping run, results found in /projects/bdrx/azhang14/SoberReasoningPlus/results/temp_0.2/Qwen-Qwen3-1.7B-bfloat16-34816/6-0.2-0.9-aime24-1-128-131072-32768

---> Starting run: seed=7 (8/16)
Skipping run, results found in /projects/bdrx/azhang14/SoberReasoningPlus/results/temp_0.2/Qwen-Qwen3-1.7B-bfloat16-34816/7-0.2-0.9-aime24-1-128-131072-32768

---> Starting run: seed=8 (9/16)
Skipping run, results found in /projects/bdrx/azhang14/SoberReasoningPlus/results/temp_0.2/Qwen-Qwen3-1.7B-bfloat16-34816/8-0.2-0.9-aime24-1-128-131072-32768

---> Starting run: seed=9 (10/16)
Skipping run, results found in /projects/bdrx/azhang14/SoberReasoningPlus/results/temp_0.2/Qwen-Qwen3-1.7B-bfloat16-34816/9-0.2-0.9-aime24-1-128-131072-32768

---> Starting run: seed=10 (11/16)
Skipping run, results found in /projects/bdrx/azhang14/SoberReasoningPlus/results/temp_0.2/Qwen-Qwen3-1.7B-bfloat16-34816/10-0.2-0.9-aime24-1-128-131072-32768

---> Starting run: seed=11 (12/16)
Skipping run, results found in /projects/bdrx/azhang14/SoberReasoningPlus/results/temp_0.2/Qwen-Qwen3-1.7B-bfloat16-34816/11-0.2-0.9-aime24-1-128-131072-32768

---> Starting run: seed=12 (13/16)
Skipping run, results found in /projects/bdrx/azhang14/SoberReasoningPlus/results/temp_0.2/Qwen-Qwen3-1.7B-bfloat16-34816/12-0.2-0.9-aime24-1-128-131072-32768

---> Starting run: seed=13 (14/16)
Skipping run, results found in /projects/bdrx/azhang14/SoberReasoningPlus/results/temp_0.2/Qwen-Qwen3-1.7B-bfloat16-34816/13-0.2-0.9-aime24-1-128-131072-32768

---> Starting run: seed=14 (15/16)
Skipping run, results found in /projects/bdrx/azhang14/SoberReasoningPlus/results/temp_0.2/Qwen-Qwen3-1.7B-bfloat16-34816/14-0.2-0.9-aime24-1-128-131072-32768

---> Starting run: seed=15 (16/16)
Skipping run, results found in /projects/bdrx/azhang14/SoberReasoningPlus/results/temp_0.2/Qwen-Qwen3-1.7B-bfloat16-34816/15-0.2-0.9-aime24-1-128-131072-32768
Running evaluation for task: custom|aime25|0|0, temperature: 0.2, top_p: 0.9, num_seeds: 16

---> Starting run: seed=0 (1/16)
Skipping run, results found in /projects/bdrx/azhang14/SoberReasoningPlus/results/temp_0.2/Qwen-Qwen3-1.7B-bfloat16-34816/0-0.2-0.9-aime25-1-128-131072-32768

---> Starting run: seed=1 (2/16)
Skipping run, results found in /projects/bdrx/azhang14/SoberReasoningPlus/results/temp_0.2/Qwen-Qwen3-1.7B-bfloat16-34816/1-0.2-0.9-aime25-1-128-131072-32768

---> Starting run: seed=2 (3/16)
Skipping run, results found in /projects/bdrx/azhang14/SoberReasoningPlus/results/temp_0.2/Qwen-Qwen3-1.7B-bfloat16-34816/2-0.2-0.9-aime25-1-128-131072-32768

---> Starting run: seed=3 (4/16)
Skipping run, results found in /projects/bdrx/azhang14/SoberReasoningPlus/results/temp_0.2/Qwen-Qwen3-1.7B-bfloat16-34816/3-0.2-0.9-aime25-1-128-131072-32768

---> Starting run: seed=4 (5/16)
Skipping run, results found in /projects/bdrx/azhang14/SoberReasoningPlus/results/temp_0.2/Qwen-Qwen3-1.7B-bfloat16-34816/4-0.2-0.9-aime25-1-128-131072-32768

---> Starting run: seed=5 (6/16)
Skipping run, results found in /projects/bdrx/azhang14/SoberReasoningPlus/results/temp_0.2/Qwen-Qwen3-1.7B-bfloat16-34816/5-0.2-0.9-aime25-1-128-131072-32768

---> Starting run: seed=6 (7/16)
Skipping run, results found in /projects/bdrx/azhang14/SoberReasoningPlus/results/temp_0.2/Qwen-Qwen3-1.7B-bfloat16-34816/6-0.2-0.9-aime25-1-128-131072-32768

---> Starting run: seed=7 (8/16)
Skipping run, results found in /projects/bdrx/azhang14/SoberReasoningPlus/results/temp_0.2/Qwen-Qwen3-1.7B-bfloat16-34816/7-0.2-0.9-aime25-1-128-131072-32768

---> Starting run: seed=8 (9/16)
Skipping run, results found in /projects/bdrx/azhang14/SoberReasoningPlus/results/temp_0.2/Qwen-Qwen3-1.7B-bfloat16-34816/8-0.2-0.9-aime25-1-128-131072-32768

---> Starting run: seed=9 (10/16)
Skipping run, results found in /projects/bdrx/azhang14/SoberReasoningPlus/results/temp_0.2/Qwen-Qwen3-1.7B-bfloat16-34816/9-0.2-0.9-aime25-1-128-131072-32768

---> Starting run: seed=10 (11/16)
Skipping run, results found in /projects/bdrx/azhang14/SoberReasoningPlus/results/temp_0.2/Qwen-Qwen3-1.7B-bfloat16-34816/10-0.2-0.9-aime25-1-128-131072-32768

---> Starting run: seed=11 (12/16)
Skipping run, results found in /projects/bdrx/azhang14/SoberReasoningPlus/results/temp_0.2/Qwen-Qwen3-1.7B-bfloat16-34816/11-0.2-0.9-aime25-1-128-131072-32768

---> Starting run: seed=12 (13/16)
Skipping run, results found in /projects/bdrx/azhang14/SoberReasoningPlus/results/temp_0.2/Qwen-Qwen3-1.7B-bfloat16-34816/12-0.2-0.9-aime25-1-128-131072-32768

---> Starting run: seed=13 (14/16)
Skipping run, results found in /projects/bdrx/azhang14/SoberReasoningPlus/results/temp_0.2/Qwen-Qwen3-1.7B-bfloat16-34816/13-0.2-0.9-aime25-1-128-131072-32768

---> Starting run: seed=14 (15/16)
Skipping run, results found in /projects/bdrx/azhang14/SoberReasoningPlus/results/temp_0.2/Qwen-Qwen3-1.7B-bfloat16-34816/14-0.2-0.9-aime25-1-128-131072-32768

---> Starting run: seed=15 (16/16)
Skipping run, results found in /projects/bdrx/azhang14/SoberReasoningPlus/results/temp_0.2/Qwen-Qwen3-1.7B-bfloat16-34816/15-0.2-0.9-aime25-1-128-131072-32768
Running evaluation for task: custom|amc23|0|0, temperature: 0.2, top_p: 0.9, num_seeds: 16

---> Starting run: seed=0 (1/16)
Skipping run, results found in /projects/bdrx/azhang14/SoberReasoningPlus/results/temp_0.2/Qwen-Qwen3-1.7B-bfloat16-34816/0-0.2-0.9-amc23-1-128-131072-32768

---> Starting run: seed=1 (2/16)
Skipping run, results found in /projects/bdrx/azhang14/SoberReasoningPlus/results/temp_0.2/Qwen-Qwen3-1.7B-bfloat16-34816/1-0.2-0.9-amc23-1-128-131072-32768

---> Starting run: seed=2 (3/16)
Skipping run, results found in /projects/bdrx/azhang14/SoberReasoningPlus/results/temp_0.2/Qwen-Qwen3-1.7B-bfloat16-34816/2-0.2-0.9-amc23-1-128-131072-32768

---> Starting run: seed=3 (4/16)
Skipping run, results found in /projects/bdrx/azhang14/SoberReasoningPlus/results/temp_0.2/Qwen-Qwen3-1.7B-bfloat16-34816/3-0.2-0.9-amc23-1-128-131072-32768

---> Starting run: seed=4 (5/16)
Skipping run, results found in /projects/bdrx/azhang14/SoberReasoningPlus/results/temp_0.2/Qwen-Qwen3-1.7B-bfloat16-34816/4-0.2-0.9-amc23-1-128-131072-32768

---> Starting run: seed=5 (6/16)
Skipping run, results found in /projects/bdrx/azhang14/SoberReasoningPlus/results/temp_0.2/Qwen-Qwen3-1.7B-bfloat16-34816/5-0.2-0.9-amc23-1-128-131072-32768

---> Starting run: seed=6 (7/16)
Skipping run, results found in /projects/bdrx/azhang14/SoberReasoningPlus/results/temp_0.2/Qwen-Qwen3-1.7B-bfloat16-34816/6-0.2-0.9-amc23-1-128-131072-32768

---> Starting run: seed=7 (8/16)
Skipping run, results found in /projects/bdrx/azhang14/SoberReasoningPlus/results/temp_0.2/Qwen-Qwen3-1.7B-bfloat16-34816/7-0.2-0.9-amc23-1-128-131072-32768

---> Starting run: seed=8 (9/16)
Skipping run, results found in /projects/bdrx/azhang14/SoberReasoningPlus/results/temp_0.2/Qwen-Qwen3-1.7B-bfloat16-34816/8-0.2-0.9-amc23-1-128-131072-32768

---> Starting run: seed=9 (10/16)
Skipping run, results found in /projects/bdrx/azhang14/SoberReasoningPlus/results/temp_0.2/Qwen-Qwen3-1.7B-bfloat16-34816/9-0.2-0.9-amc23-1-128-131072-32768

---> Starting run: seed=10 (11/16)
Skipping run, results found in /projects/bdrx/azhang14/SoberReasoningPlus/results/temp_0.2/Qwen-Qwen3-1.7B-bfloat16-34816/10-0.2-0.9-amc23-1-128-131072-32768

---> Starting run: seed=11 (12/16)
Skipping run, results found in /projects/bdrx/azhang14/SoberReasoningPlus/results/temp_0.2/Qwen-Qwen3-1.7B-bfloat16-34816/11-0.2-0.9-amc23-1-128-131072-32768

---> Starting run: seed=12 (13/16)
Skipping run, results found in /projects/bdrx/azhang14/SoberReasoningPlus/results/temp_0.2/Qwen-Qwen3-1.7B-bfloat16-34816/12-0.2-0.9-amc23-1-128-131072-32768

---> Starting run: seed=13 (14/16)
Skipping run, results found in /projects/bdrx/azhang14/SoberReasoningPlus/results/temp_0.2/Qwen-Qwen3-1.7B-bfloat16-34816/13-0.2-0.9-amc23-1-128-131072-32768

---> Starting run: seed=14 (15/16)
Skipping run, results found in /projects/bdrx/azhang14/SoberReasoningPlus/results/temp_0.2/Qwen-Qwen3-1.7B-bfloat16-34816/14-0.2-0.9-amc23-1-128-131072-32768

---> Starting run: seed=15 (16/16)
Skipping run, results found in /projects/bdrx/azhang14/SoberReasoningPlus/results/temp_0.2/Qwen-Qwen3-1.7B-bfloat16-34816/15-0.2-0.9-amc23-1-128-131072-32768
Running evaluation for task: custom|math_500|0|0, temperature: 0.2, top_p: 0.9, num_seeds: 3

---> Starting run: seed=0 (1/3)
Results will be saved
EvaluationTracker initialized with output directory
PipelineParameters set
Pipeline initialized
|      Task       |Version|     Metric     |Value|   |Stderr|
|-----------------|------:|----------------|----:|---|-----:|
|all              |       |extractive_match|0.896|±  |0.0137|
|custom:math_500:0|      1|extractive_match|0.896|±  |0.0137|

Finished run for all seeds

---> Starting run: seed=1 (2/3)
Results will be saved
EvaluationTracker initialized with output directory
PipelineParameters set
Pipeline initialized
|      Task       |Version|     Metric     |Value|   |Stderr|
|-----------------|------:|----------------|----:|---|-----:|
|all              |       |extractive_match|0.898|±  |0.0135|
|custom:math_500:0|      1|extractive_match|0.898|±  |0.0135|

Finished run for all seeds

---> Starting run: seed=2 (3/3)
Results will be saved
EvaluationTracker initialized with output directory
PipelineParameters set
Pipeline initialized
|      Task       |Version|     Metric     |Value|   |Stderr|
|-----------------|------:|----------------|----:|---|-----:|
|all              |       |extractive_match|0.886|±  |0.0142|
|custom:math_500:0|      1|extractive_match|0.886|±  |0.0142|

Finished run for all seeds
Running evaluation for task: custom|minerva|0|0, temperature: 0.2, top_p: 0.9, num_seeds: 3

---> Starting run: seed=0 (1/3)
Results will be saved
EvaluationTracker initialized with output directory
PipelineParameters set
Pipeline initialized
|      Task      |Version|     Metric     |Value |   |Stderr|
|----------------|------:|----------------|-----:|---|-----:|
|all             |       |extractive_match|0.3676|±  |0.0293|
|custom:minerva:0|      1|extractive_match|0.3676|±  |0.0293|

Finished run for all seeds

---> Starting run: seed=1 (2/3)
Results will be saved
EvaluationTracker initialized with output directory
PipelineParameters set
Pipeline initialized
|      Task      |Version|     Metric     |Value |   |Stderr|
|----------------|------:|----------------|-----:|---|-----:|
|all             |       |extractive_match|0.3787|±  |0.0295|
|custom:minerva:0|      1|extractive_match|0.3787|±  |0.0295|

Finished run for all seeds

---> Starting run: seed=2 (3/3)
Results will be saved
EvaluationTracker initialized with output directory
PipelineParameters set
Pipeline initialized
|      Task      |Version|     Metric     |Value |   |Stderr|
|----------------|------:|----------------|-----:|---|-----:|
|all             |       |extractive_match|0.3824|±  |0.0295|
|custom:minerva:0|      1|extractive_match|0.3824|±  |0.0295|

Finished run for all seeds
Running evaluation for task: custom|olympiadbench|0|0, temperature: 0.2, top_p: 0.9, num_seeds: 3

---> Starting run: seed=0 (1/3)
Results will be saved
EvaluationTracker initialized with output directory
PipelineParameters set
Pipeline initialized
|         Task         |Version|     Metric     |Value |   |Stderr|
|----------------------|------:|----------------|-----:|---|-----:|
|all                   |       |extractive_match|0.6133|±  |0.0188|
|custom:olympiadbench:0|      1|extractive_match|0.6133|±  |0.0188|

Finished run for all seeds

---> Starting run: seed=1 (2/3)
Results will be saved
EvaluationTracker initialized with output directory
PipelineParameters set
Pipeline initialized
