HF_HOME is set to /projects/bdrx/azhang14/huggingface_cache
Starting temperature 0 on GPU 0
Starting temperature 0.2 on GPU 1
Starting temperature 0.4 on GPU 2
Starting temperature 0.6 on GPU 3
INFO 11-09 16:46:00 [__init__.py:244] Automatically detected platform cuda.
INFO 11-09 16:46:00 [__init__.py:244] Automatically detected platform cuda.
INFO 11-09 16:46:00 [__init__.py:244] Automatically detected platform cuda.
INFO 11-09 16:46:00 [__init__.py:244] Automatically detected platform cuda.
Loading model...
Loading model...
Loading model...
Loading model...
INFO 11-09 16:47:13 [__init__.py:244] Automatically detected platform cuda.
INFO 11-09 16:47:13 [__init__.py:244] Automatically detected platform cuda.
INFO 11-09 16:47:13 [__init__.py:244] Automatically detected platform cuda.
INFO 11-09 16:47:13 [__init__.py:244] Automatically detected platform cuda.
Model loaded successfully.
[0.0] [0.7, 0.8, 0.9, 0.95, 1.0]
<class 'list'> <class 'list'>
Running evaluation for task: custom|aime24|0|0, temperature: 0.0, top_p: 0.7, num_seeds: 16

---> Starting run: seed=0 (1/16)
Skipping run, results found in /projects/bdrx/azhang14/SoberReasoningPlus/results/temp_0/deepseek-ai-DeepSeek-R1-Distill-Qwen-1.5B-bfloat16-34816/0-0.0-0.7-aime24-1-128-131072-32768

---> Starting run: seed=1 (2/16)
Skipping run, results found in /projects/bdrx/azhang14/SoberReasoningPlus/results/temp_0/deepseek-ai-DeepSeek-R1-Distill-Qwen-1.5B-bfloat16-34816/1-0.0-0.7-aime24-1-128-131072-32768

---> Starting run: seed=2 (3/16)
Skipping run, results found in /projects/bdrx/azhang14/SoberReasoningPlus/results/temp_0/deepseek-ai-DeepSeek-R1-Distill-Qwen-1.5B-bfloat16-34816/2-0.0-0.7-aime24-1-128-131072-32768

---> Starting run: seed=3 (4/16)
Skipping run, results found in /projects/bdrx/azhang14/SoberReasoningPlus/results/temp_0/deepseek-ai-DeepSeek-R1-Distill-Qwen-1.5B-bfloat16-34816/3-0.0-0.7-aime24-1-128-131072-32768

---> Starting run: seed=4 (5/16)
Skipping run, results found in /projects/bdrx/azhang14/SoberReasoningPlus/results/temp_0/deepseek-ai-DeepSeek-R1-Distill-Qwen-1.5B-bfloat16-34816/4-0.0-0.7-aime24-1-128-131072-32768

---> Starting run: seed=5 (6/16)
Skipping run, results found in /projects/bdrx/azhang14/SoberReasoningPlus/results/temp_0/deepseek-ai-DeepSeek-R1-Distill-Qwen-1.5B-bfloat16-34816/5-0.0-0.7-aime24-1-128-131072-32768

---> Starting run: seed=6 (7/16)
Skipping run, results found in /projects/bdrx/azhang14/SoberReasoningPlus/results/temp_0/deepseek-ai-DeepSeek-R1-Distill-Qwen-1.5B-bfloat16-34816/6-0.0-0.7-aime24-1-128-131072-32768

---> Starting run: seed=7 (8/16)
Skipping run, results found in /projects/bdrx/azhang14/SoberReasoningPlus/results/temp_0/deepseek-ai-DeepSeek-R1-Distill-Qwen-1.5B-bfloat16-34816/7-0.0-0.7-aime24-1-128-131072-32768

---> Starting run: seed=8 (9/16)
Skipping run, results found in /projects/bdrx/azhang14/SoberReasoningPlus/results/temp_0/deepseek-ai-DeepSeek-R1-Distill-Qwen-1.5B-bfloat16-34816/8-0.0-0.7-aime24-1-128-131072-32768

---> Starting run: seed=9 (10/16)
Skipping run, results found in /projects/bdrx/azhang14/SoberReasoningPlus/results/temp_0/deepseek-ai-DeepSeek-R1-Distill-Qwen-1.5B-bfloat16-34816/9-0.0-0.7-aime24-1-128-131072-32768

---> Starting run: seed=10 (11/16)
Skipping run, results found in /projects/bdrx/azhang14/SoberReasoningPlus/results/temp_0/deepseek-ai-DeepSeek-R1-Distill-Qwen-1.5B-bfloat16-34816/10-0.0-0.7-aime24-1-128-131072-32768

---> Starting run: seed=11 (12/16)
Skipping run, results found in /projects/bdrx/azhang14/SoberReasoningPlus/results/temp_0/deepseek-ai-DeepSeek-R1-Distill-Qwen-1.5B-bfloat16-34816/11-0.0-0.7-aime24-1-128-131072-32768

---> Starting run: seed=12 (13/16)
Skipping run, results found in /projects/bdrx/azhang14/SoberReasoningPlus/results/temp_0/deepseek-ai-DeepSeek-R1-Distill-Qwen-1.5B-bfloat16-34816/12-0.0-0.7-aime24-1-128-131072-32768

---> Starting run: seed=13 (14/16)
Skipping run, results found in /projects/bdrx/azhang14/SoberReasoningPlus/results/temp_0/deepseek-ai-DeepSeek-R1-Distill-Qwen-1.5B-bfloat16-34816/13-0.0-0.7-aime24-1-128-131072-32768

---> Starting run: seed=14 (15/16)
Skipping run, results found in /projects/bdrx/azhang14/SoberReasoningPlus/results/temp_0/deepseek-ai-DeepSeek-R1-Distill-Qwen-1.5B-bfloat16-34816/14-0.0-0.7-aime24-1-128-131072-32768

---> Starting run: seed=15 (16/16)
Skipping run, results found in /projects/bdrx/azhang14/SoberReasoningPlus/results/temp_0/deepseek-ai-DeepSeek-R1-Distill-Qwen-1.5B-bfloat16-34816/15-0.0-0.7-aime24-1-128-131072-32768
Running evaluation for task: custom|aime25|0|0, temperature: 0.0, top_p: 0.7, num_seeds: 16

---> Starting run: seed=0 (1/16)
Skipping run, results found in /projects/bdrx/azhang14/SoberReasoningPlus/results/temp_0/deepseek-ai-DeepSeek-R1-Distill-Qwen-1.5B-bfloat16-34816/0-0.0-0.7-aime25-1-128-131072-32768

---> Starting run: seed=1 (2/16)
Skipping run, results found in /projects/bdrx/azhang14/SoberReasoningPlus/results/temp_0/deepseek-ai-DeepSeek-R1-Distill-Qwen-1.5B-bfloat16-34816/1-0.0-0.7-aime25-1-128-131072-32768

---> Starting run: seed=2 (3/16)
Skipping run, results found in /projects/bdrx/azhang14/SoberReasoningPlus/results/temp_0/deepseek-ai-DeepSeek-R1-Distill-Qwen-1.5B-bfloat16-34816/2-0.0-0.7-aime25-1-128-131072-32768

---> Starting run: seed=3 (4/16)
Skipping run, results found in /projects/bdrx/azhang14/SoberReasoningPlus/results/temp_0/deepseek-ai-DeepSeek-R1-Distill-Qwen-1.5B-bfloat16-34816/3-0.0-0.7-aime25-1-128-131072-32768

---> Starting run: seed=4 (5/16)
Skipping run, results found in /projects/bdrx/azhang14/SoberReasoningPlus/results/temp_0/deepseek-ai-DeepSeek-R1-Distill-Qwen-1.5B-bfloat16-34816/4-0.0-0.7-aime25-1-128-131072-32768

---> Starting run: seed=5 (6/16)
Skipping run, results found in /projects/bdrx/azhang14/SoberReasoningPlus/results/temp_0/deepseek-ai-DeepSeek-R1-Distill-Qwen-1.5B-bfloat16-34816/5-0.0-0.7-aime25-1-128-131072-32768

---> Starting run: seed=6 (7/16)
Skipping run, results found in /projects/bdrx/azhang14/SoberReasoningPlus/results/temp_0/deepseek-ai-DeepSeek-R1-Distill-Qwen-1.5B-bfloat16-34816/6-0.0-0.7-aime25-1-128-131072-32768

---> Starting run: seed=7 (8/16)
Skipping run, results found in /projects/bdrx/azhang14/SoberReasoningPlus/results/temp_0/deepseek-ai-DeepSeek-R1-Distill-Qwen-1.5B-bfloat16-34816/7-0.0-0.7-aime25-1-128-131072-32768

---> Starting run: seed=8 (9/16)
Skipping run, results found in /projects/bdrx/azhang14/SoberReasoningPlus/results/temp_0/deepseek-ai-DeepSeek-R1-Distill-Qwen-1.5B-bfloat16-34816/8-0.0-0.7-aime25-1-128-131072-32768

---> Starting run: seed=9 (10/16)
Skipping run, results found in /projects/bdrx/azhang14/SoberReasoningPlus/results/temp_0/deepseek-ai-DeepSeek-R1-Distill-Qwen-1.5B-bfloat16-34816/9-0.0-0.7-aime25-1-128-131072-32768

---> Starting run: seed=10 (11/16)
Skipping run, results found in /projects/bdrx/azhang14/SoberReasoningPlus/results/temp_0/deepseek-ai-DeepSeek-R1-Distill-Qwen-1.5B-bfloat16-34816/10-0.0-0.7-aime25-1-128-131072-32768

---> Starting run: seed=11 (12/16)
Skipping run, results found in /projects/bdrx/azhang14/SoberReasoningPlus/results/temp_0/deepseek-ai-DeepSeek-R1-Distill-Qwen-1.5B-bfloat16-34816/11-0.0-0.7-aime25-1-128-131072-32768

---> Starting run: seed=12 (13/16)
Skipping run, results found in /projects/bdrx/azhang14/SoberReasoningPlus/results/temp_0/deepseek-ai-DeepSeek-R1-Distill-Qwen-1.5B-bfloat16-34816/12-0.0-0.7-aime25-1-128-131072-32768

---> Starting run: seed=13 (14/16)
Skipping run, results found in /projects/bdrx/azhang14/SoberReasoningPlus/results/temp_0/deepseek-ai-DeepSeek-R1-Distill-Qwen-1.5B-bfloat16-34816/13-0.0-0.7-aime25-1-128-131072-32768

---> Starting run: seed=14 (15/16)
Skipping run, results found in /projects/bdrx/azhang14/SoberReasoningPlus/results/temp_0/deepseek-ai-DeepSeek-R1-Distill-Qwen-1.5B-bfloat16-34816/14-0.0-0.7-aime25-1-128-131072-32768

---> Starting run: seed=15 (16/16)
Skipping run, results found in /projects/bdrx/azhang14/SoberReasoningPlus/results/temp_0/deepseek-ai-DeepSeek-R1-Distill-Qwen-1.5B-bfloat16-34816/15-0.0-0.7-aime25-1-128-131072-32768
Running evaluation for task: custom|amc23|0|0, temperature: 0.0, top_p: 0.7, num_seeds: 16

---> Starting run: seed=0 (1/16)
Skipping run, results found in /projects/bdrx/azhang14/SoberReasoningPlus/results/temp_0/deepseek-ai-DeepSeek-R1-Distill-Qwen-1.5B-bfloat16-34816/0-0.0-0.7-amc23-1-128-131072-32768

---> Starting run: seed=1 (2/16)
Skipping run, results found in /projects/bdrx/azhang14/SoberReasoningPlus/results/temp_0/deepseek-ai-DeepSeek-R1-Distill-Qwen-1.5B-bfloat16-34816/1-0.0-0.7-amc23-1-128-131072-32768

---> Starting run: seed=2 (3/16)
Skipping run, results found in /projects/bdrx/azhang14/SoberReasoningPlus/results/temp_0/deepseek-ai-DeepSeek-R1-Distill-Qwen-1.5B-bfloat16-34816/2-0.0-0.7-amc23-1-128-131072-32768

---> Starting run: seed=3 (4/16)
Skipping run, results found in /projects/bdrx/azhang14/SoberReasoningPlus/results/temp_0/deepseek-ai-DeepSeek-R1-Distill-Qwen-1.5B-bfloat16-34816/3-0.0-0.7-amc23-1-128-131072-32768

---> Starting run: seed=4 (5/16)
Skipping run, results found in /projects/bdrx/azhang14/SoberReasoningPlus/results/temp_0/deepseek-ai-DeepSeek-R1-Distill-Qwen-1.5B-bfloat16-34816/4-0.0-0.7-amc23-1-128-131072-32768

---> Starting run: seed=5 (6/16)
Skipping run, results found in /projects/bdrx/azhang14/SoberReasoningPlus/results/temp_0/deepseek-ai-DeepSeek-R1-Distill-Qwen-1.5B-bfloat16-34816/5-0.0-0.7-amc23-1-128-131072-32768

---> Starting run: seed=6 (7/16)
Skipping run, results found in /projects/bdrx/azhang14/SoberReasoningPlus/results/temp_0/deepseek-ai-DeepSeek-R1-Distill-Qwen-1.5B-bfloat16-34816/6-0.0-0.7-amc23-1-128-131072-32768

---> Starting run: seed=7 (8/16)
Skipping run, results found in /projects/bdrx/azhang14/SoberReasoningPlus/results/temp_0/deepseek-ai-DeepSeek-R1-Distill-Qwen-1.5B-bfloat16-34816/7-0.0-0.7-amc23-1-128-131072-32768

---> Starting run: seed=8 (9/16)
Skipping run, results found in /projects/bdrx/azhang14/SoberReasoningPlus/results/temp_0/deepseek-ai-DeepSeek-R1-Distill-Qwen-1.5B-bfloat16-34816/8-0.0-0.7-amc23-1-128-131072-32768

---> Starting run: seed=9 (10/16)
Skipping run, results found in /projects/bdrx/azhang14/SoberReasoningPlus/results/temp_0/deepseek-ai-DeepSeek-R1-Distill-Qwen-1.5B-bfloat16-34816/9-0.0-0.7-amc23-1-128-131072-32768

---> Starting run: seed=10 (11/16)
Skipping run, results found in /projects/bdrx/azhang14/SoberReasoningPlus/results/temp_0/deepseek-ai-DeepSeek-R1-Distill-Qwen-1.5B-bfloat16-34816/10-0.0-0.7-amc23-1-128-131072-32768

---> Starting run: seed=11 (12/16)
Skipping run, results found in /projects/bdrx/azhang14/SoberReasoningPlus/results/temp_0/deepseek-ai-DeepSeek-R1-Distill-Qwen-1.5B-bfloat16-34816/11-0.0-0.7-amc23-1-128-131072-32768

---> Starting run: seed=12 (13/16)
Skipping run, results found in /projects/bdrx/azhang14/SoberReasoningPlus/results/temp_0/deepseek-ai-DeepSeek-R1-Distill-Qwen-1.5B-bfloat16-34816/12-0.0-0.7-amc23-1-128-131072-32768

---> Starting run: seed=13 (14/16)
Skipping run, results found in /projects/bdrx/azhang14/SoberReasoningPlus/results/temp_0/deepseek-ai-DeepSeek-R1-Distill-Qwen-1.5B-bfloat16-34816/13-0.0-0.7-amc23-1-128-131072-32768

---> Starting run: seed=14 (15/16)
Skipping run, results found in /projects/bdrx/azhang14/SoberReasoningPlus/results/temp_0/deepseek-ai-DeepSeek-R1-Distill-Qwen-1.5B-bfloat16-34816/14-0.0-0.7-amc23-1-128-131072-32768

---> Starting run: seed=15 (16/16)
Skipping run, results found in /projects/bdrx/azhang14/SoberReasoningPlus/results/temp_0/deepseek-ai-DeepSeek-R1-Distill-Qwen-1.5B-bfloat16-34816/15-0.0-0.7-amc23-1-128-131072-32768
Running evaluation for task: custom|math_500|0|0, temperature: 0.0, top_p: 0.7, num_seeds: 3

---> Starting run: seed=0 (1/3)
Results will be saved
EvaluationTracker initialized with output directory
PipelineParameters set
Pipeline initialized
Model loaded successfully.
[0.4] [0.7, 0.8, 0.9, 0.95, 1.0]
<class 'list'> <class 'list'>
Running evaluation for task: custom|aime24|0|0, temperature: 0.4, top_p: 0.7, num_seeds: 16

---> Starting run: seed=0 (1/16)
Skipping run, results found in /projects/bdrx/azhang14/SoberReasoningPlus/results/temp_0.4/deepseek-ai-DeepSeek-R1-Distill-Qwen-1.5B-bfloat16-34816/0-0.4-0.7-aime24-1-128-131072-32768

---> Starting run: seed=1 (2/16)
Skipping run, results found in /projects/bdrx/azhang14/SoberReasoningPlus/results/temp_0.4/deepseek-ai-DeepSeek-R1-Distill-Qwen-1.5B-bfloat16-34816/1-0.4-0.7-aime24-1-128-131072-32768

---> Starting run: seed=2 (3/16)
Skipping run, results found in /projects/bdrx/azhang14/SoberReasoningPlus/results/temp_0.4/deepseek-ai-DeepSeek-R1-Distill-Qwen-1.5B-bfloat16-34816/2-0.4-0.7-aime24-1-128-131072-32768

---> Starting run: seed=3 (4/16)
Skipping run, results found in /projects/bdrx/azhang14/SoberReasoningPlus/results/temp_0.4/deepseek-ai-DeepSeek-R1-Distill-Qwen-1.5B-bfloat16-34816/3-0.4-0.7-aime24-1-128-131072-32768

---> Starting run: seed=4 (5/16)
Skipping run, results found in /projects/bdrx/azhang14/SoberReasoningPlus/results/temp_0.4/deepseek-ai-DeepSeek-R1-Distill-Qwen-1.5B-bfloat16-34816/4-0.4-0.7-aime24-1-128-131072-32768

---> Starting run: seed=5 (6/16)
Skipping run, results found in /projects/bdrx/azhang14/SoberReasoningPlus/results/temp_0.4/deepseek-ai-DeepSeek-R1-Distill-Qwen-1.5B-bfloat16-34816/5-0.4-0.7-aime24-1-128-131072-32768

---> Starting run: seed=6 (7/16)
Skipping run, results found in /projects/bdrx/azhang14/SoberReasoningPlus/results/temp_0.4/deepseek-ai-DeepSeek-R1-Distill-Qwen-1.5B-bfloat16-34816/6-0.4-0.7-aime24-1-128-131072-32768

---> Starting run: seed=7 (8/16)
Skipping run, results found in /projects/bdrx/azhang14/SoberReasoningPlus/results/temp_0.4/deepseek-ai-DeepSeek-R1-Distill-Qwen-1.5B-bfloat16-34816/7-0.4-0.7-aime24-1-128-131072-32768

---> Starting run: seed=8 (9/16)
Skipping run, results found in /projects/bdrx/azhang14/SoberReasoningPlus/results/temp_0.4/deepseek-ai-DeepSeek-R1-Distill-Qwen-1.5B-bfloat16-34816/8-0.4-0.7-aime24-1-128-131072-32768

---> Starting run: seed=9 (10/16)
Skipping run, results found in /projects/bdrx/azhang14/SoberReasoningPlus/results/temp_0.4/deepseek-ai-DeepSeek-R1-Distill-Qwen-1.5B-bfloat16-34816/9-0.4-0.7-aime24-1-128-131072-32768

---> Starting run: seed=10 (11/16)
Skipping run, results found in /projects/bdrx/azhang14/SoberReasoningPlus/results/temp_0.4/deepseek-ai-DeepSeek-R1-Distill-Qwen-1.5B-bfloat16-34816/10-0.4-0.7-aime24-1-128-131072-32768

---> Starting run: seed=11 (12/16)
Skipping run, results found in /projects/bdrx/azhang14/SoberReasoningPlus/results/temp_0.4/deepseek-ai-DeepSeek-R1-Distill-Qwen-1.5B-bfloat16-34816/11-0.4-0.7-aime24-1-128-131072-32768

---> Starting run: seed=12 (13/16)
Skipping run, results found in /projects/bdrx/azhang14/SoberReasoningPlus/results/temp_0.4/deepseek-ai-DeepSeek-R1-Distill-Qwen-1.5B-bfloat16-34816/12-0.4-0.7-aime24-1-128-131072-32768

---> Starting run: seed=13 (14/16)
Skipping run, results found in /projects/bdrx/azhang14/SoberReasoningPlus/results/temp_0.4/deepseek-ai-DeepSeek-R1-Distill-Qwen-1.5B-bfloat16-34816/13-0.4-0.7-aime24-1-128-131072-32768

---> Starting run: seed=14 (15/16)
Skipping run, results found in /projects/bdrx/azhang14/SoberReasoningPlus/results/temp_0.4/deepseek-ai-DeepSeek-R1-Distill-Qwen-1.5B-bfloat16-34816/14-0.4-0.7-aime24-1-128-131072-32768

---> Starting run: seed=15 (16/16)
Skipping run, results found in /projects/bdrx/azhang14/SoberReasoningPlus/results/temp_0.4/deepseek-ai-DeepSeek-R1-Distill-Qwen-1.5B-bfloat16-34816/15-0.4-0.7-aime24-1-128-131072-32768
Running evaluation for task: custom|aime25|0|0, temperature: 0.4, top_p: 0.7, num_seeds: 16

---> Starting run: seed=0 (1/16)
Skipping run, results found in /projects/bdrx/azhang14/SoberReasoningPlus/results/temp_0.4/deepseek-ai-DeepSeek-R1-Distill-Qwen-1.5B-bfloat16-34816/0-0.4-0.7-aime25-1-128-131072-32768

---> Starting run: seed=1 (2/16)
Skipping run, results found in /projects/bdrx/azhang14/SoberReasoningPlus/results/temp_0.4/deepseek-ai-DeepSeek-R1-Distill-Qwen-1.5B-bfloat16-34816/1-0.4-0.7-aime25-1-128-131072-32768

---> Starting run: seed=2 (3/16)
Skipping run, results found in /projects/bdrx/azhang14/SoberReasoningPlus/results/temp_0.4/deepseek-ai-DeepSeek-R1-Distill-Qwen-1.5B-bfloat16-34816/2-0.4-0.7-aime25-1-128-131072-32768

---> Starting run: seed=3 (4/16)
Skipping run, results found in /projects/bdrx/azhang14/SoberReasoningPlus/results/temp_0.4/deepseek-ai-DeepSeek-R1-Distill-Qwen-1.5B-bfloat16-34816/3-0.4-0.7-aime25-1-128-131072-32768

---> Starting run: seed=4 (5/16)
Skipping run, results found in /projects/bdrx/azhang14/SoberReasoningPlus/results/temp_0.4/deepseek-ai-DeepSeek-R1-Distill-Qwen-1.5B-bfloat16-34816/4-0.4-0.7-aime25-1-128-131072-32768

---> Starting run: seed=5 (6/16)
Skipping run, results found in /projects/bdrx/azhang14/SoberReasoningPlus/results/temp_0.4/deepseek-ai-DeepSeek-R1-Distill-Qwen-1.5B-bfloat16-34816/5-0.4-0.7-aime25-1-128-131072-32768

---> Starting run: seed=6 (7/16)
Skipping run, results found in /projects/bdrx/azhang14/SoberReasoningPlus/results/temp_0.4/deepseek-ai-DeepSeek-R1-Distill-Qwen-1.5B-bfloat16-34816/6-0.4-0.7-aime25-1-128-131072-32768

---> Starting run: seed=7 (8/16)
Skipping run, results found in /projects/bdrx/azhang14/SoberReasoningPlus/results/temp_0.4/deepseek-ai-DeepSeek-R1-Distill-Qwen-1.5B-bfloat16-34816/7-0.4-0.7-aime25-1-128-131072-32768

---> Starting run: seed=8 (9/16)
Skipping run, results found in /projects/bdrx/azhang14/SoberReasoningPlus/results/temp_0.4/deepseek-ai-DeepSeek-R1-Distill-Qwen-1.5B-bfloat16-34816/8-0.4-0.7-aime25-1-128-131072-32768

---> Starting run: seed=9 (10/16)
Skipping run, results found in /projects/bdrx/azhang14/SoberReasoningPlus/results/temp_0.4/deepseek-ai-DeepSeek-R1-Distill-Qwen-1.5B-bfloat16-34816/9-0.4-0.7-aime25-1-128-131072-32768

---> Starting run: seed=10 (11/16)
Skipping run, results found in /projects/bdrx/azhang14/SoberReasoningPlus/results/temp_0.4/deepseek-ai-DeepSeek-R1-Distill-Qwen-1.5B-bfloat16-34816/10-0.4-0.7-aime25-1-128-131072-32768

---> Starting run: seed=11 (12/16)
Skipping run, results found in /projects/bdrx/azhang14/SoberReasoningPlus/results/temp_0.4/deepseek-ai-DeepSeek-R1-Distill-Qwen-1.5B-bfloat16-34816/11-0.4-0.7-aime25-1-128-131072-32768

---> Starting run: seed=12 (13/16)
Skipping run, results found in /projects/bdrx/azhang14/SoberReasoningPlus/results/temp_0.4/deepseek-ai-DeepSeek-R1-Distill-Qwen-1.5B-bfloat16-34816/12-0.4-0.7-aime25-1-128-131072-32768

---> Starting run: seed=13 (14/16)
Skipping run, results found in /projects/bdrx/azhang14/SoberReasoningPlus/results/temp_0.4/deepseek-ai-DeepSeek-R1-Distill-Qwen-1.5B-bfloat16-34816/13-0.4-0.7-aime25-1-128-131072-32768

---> Starting run: seed=14 (15/16)
Skipping run, results found in /projects/bdrx/azhang14/SoberReasoningPlus/results/temp_0.4/deepseek-ai-DeepSeek-R1-Distill-Qwen-1.5B-bfloat16-34816/14-0.4-0.7-aime25-1-128-131072-32768

---> Starting run: seed=15 (16/16)
Skipping run, results found in /projects/bdrx/azhang14/SoberReasoningPlus/results/temp_0.4/deepseek-ai-DeepSeek-R1-Distill-Qwen-1.5B-bfloat16-34816/15-0.4-0.7-aime25-1-128-131072-32768
Running evaluation for task: custom|amc23|0|0, temperature: 0.4, top_p: 0.7, num_seeds: 16

---> Starting run: seed=0 (1/16)
Skipping run, results found in /projects/bdrx/azhang14/SoberReasoningPlus/results/temp_0.4/deepseek-ai-DeepSeek-R1-Distill-Qwen-1.5B-bfloat16-34816/0-0.4-0.7-amc23-1-128-131072-32768

---> Starting run: seed=1 (2/16)
Skipping run, results found in /projects/bdrx/azhang14/SoberReasoningPlus/results/temp_0.4/deepseek-ai-DeepSeek-R1-Distill-Qwen-1.5B-bfloat16-34816/1-0.4-0.7-amc23-1-128-131072-32768

---> Starting run: seed=2 (3/16)
Skipping run, results found in /projects/bdrx/azhang14/SoberReasoningPlus/results/temp_0.4/deepseek-ai-DeepSeek-R1-Distill-Qwen-1.5B-bfloat16-34816/2-0.4-0.7-amc23-1-128-131072-32768

---> Starting run: seed=3 (4/16)
Skipping run, results found in /projects/bdrx/azhang14/SoberReasoningPlus/results/temp_0.4/deepseek-ai-DeepSeek-R1-Distill-Qwen-1.5B-bfloat16-34816/3-0.4-0.7-amc23-1-128-131072-32768

---> Starting run: seed=4 (5/16)
Skipping run, results found in /projects/bdrx/azhang14/SoberReasoningPlus/results/temp_0.4/deepseek-ai-DeepSeek-R1-Distill-Qwen-1.5B-bfloat16-34816/4-0.4-0.7-amc23-1-128-131072-32768

---> Starting run: seed=5 (6/16)
Skipping run, results found in /projects/bdrx/azhang14/SoberReasoningPlus/results/temp_0.4/deepseek-ai-DeepSeek-R1-Distill-Qwen-1.5B-bfloat16-34816/5-0.4-0.7-amc23-1-128-131072-32768

---> Starting run: seed=6 (7/16)
Skipping run, results found in /projects/bdrx/azhang14/SoberReasoningPlus/results/temp_0.4/deepseek-ai-DeepSeek-R1-Distill-Qwen-1.5B-bfloat16-34816/6-0.4-0.7-amc23-1-128-131072-32768

---> Starting run: seed=7 (8/16)
Skipping run, results found in /projects/bdrx/azhang14/SoberReasoningPlus/results/temp_0.4/deepseek-ai-DeepSeek-R1-Distill-Qwen-1.5B-bfloat16-34816/7-0.4-0.7-amc23-1-128-131072-32768

---> Starting run: seed=8 (9/16)
Skipping run, results found in /projects/bdrx/azhang14/SoberReasoningPlus/results/temp_0.4/deepseek-ai-DeepSeek-R1-Distill-Qwen-1.5B-bfloat16-34816/8-0.4-0.7-amc23-1-128-131072-32768

---> Starting run: seed=9 (10/16)
Skipping run, results found in /projects/bdrx/azhang14/SoberReasoningPlus/results/temp_0.4/deepseek-ai-DeepSeek-R1-Distill-Qwen-1.5B-bfloat16-34816/9-0.4-0.7-amc23-1-128-131072-32768

---> Starting run: seed=10 (11/16)
Skipping run, results found in /projects/bdrx/azhang14/SoberReasoningPlus/results/temp_0.4/deepseek-ai-DeepSeek-R1-Distill-Qwen-1.5B-bfloat16-34816/10-0.4-0.7-amc23-1-128-131072-32768

---> Starting run: seed=11 (12/16)
Skipping run, results found in /projects/bdrx/azhang14/SoberReasoningPlus/results/temp_0.4/deepseek-ai-DeepSeek-R1-Distill-Qwen-1.5B-bfloat16-34816/11-0.4-0.7-amc23-1-128-131072-32768

---> Starting run: seed=12 (13/16)
Skipping run, results found in /projects/bdrx/azhang14/SoberReasoningPlus/results/temp_0.4/deepseek-ai-DeepSeek-R1-Distill-Qwen-1.5B-bfloat16-34816/12-0.4-0.7-amc23-1-128-131072-32768

---> Starting run: seed=13 (14/16)
Skipping run, results found in /projects/bdrx/azhang14/SoberReasoningPlus/results/temp_0.4/deepseek-ai-DeepSeek-R1-Distill-Qwen-1.5B-bfloat16-34816/13-0.4-0.7-amc23-1-128-131072-32768

---> Starting run: seed=14 (15/16)
Skipping run, results found in /projects/bdrx/azhang14/SoberReasoningPlus/results/temp_0.4/deepseek-ai-DeepSeek-R1-Distill-Qwen-1.5B-bfloat16-34816/14-0.4-0.7-amc23-1-128-131072-32768

---> Starting run: seed=15 (16/16)
Skipping run, results found in /projects/bdrx/azhang14/SoberReasoningPlus/results/temp_0.4/deepseek-ai-DeepSeek-R1-Distill-Qwen-1.5B-bfloat16-34816/15-0.4-0.7-amc23-1-128-131072-32768
Running evaluation for task: custom|math_500|0|0, temperature: 0.4, top_p: 0.7, num_seeds: 3

---> Starting run: seed=0 (1/3)
Results will be saved
EvaluationTracker initialized with output directory
PipelineParameters set
Pipeline initialized
Model loaded successfully.
[0.2] [0.7, 0.8, 0.9, 0.95, 1.0]
<class 'list'> <class 'list'>
Running evaluation for task: custom|aime24|0|0, temperature: 0.2, top_p: 0.7, num_seeds: 16

---> Starting run: seed=0 (1/16)
Skipping run, results found in /projects/bdrx/azhang14/SoberReasoningPlus/results/temp_0.2/deepseek-ai-DeepSeek-R1-Distill-Qwen-1.5B-bfloat16-34816/0-0.2-0.7-aime24-1-128-131072-32768

---> Starting run: seed=1 (2/16)
Skipping run, results found in /projects/bdrx/azhang14/SoberReasoningPlus/results/temp_0.2/deepseek-ai-DeepSeek-R1-Distill-Qwen-1.5B-bfloat16-34816/1-0.2-0.7-aime24-1-128-131072-32768

---> Starting run: seed=2 (3/16)
Skipping run, results found in /projects/bdrx/azhang14/SoberReasoningPlus/results/temp_0.2/deepseek-ai-DeepSeek-R1-Distill-Qwen-1.5B-bfloat16-34816/2-0.2-0.7-aime24-1-128-131072-32768

---> Starting run: seed=3 (4/16)
Skipping run, results found in /projects/bdrx/azhang14/SoberReasoningPlus/results/temp_0.2/deepseek-ai-DeepSeek-R1-Distill-Qwen-1.5B-bfloat16-34816/3-0.2-0.7-aime24-1-128-131072-32768

---> Starting run: seed=4 (5/16)
Skipping run, results found in /projects/bdrx/azhang14/SoberReasoningPlus/results/temp_0.2/deepseek-ai-DeepSeek-R1-Distill-Qwen-1.5B-bfloat16-34816/4-0.2-0.7-aime24-1-128-131072-32768

---> Starting run: seed=5 (6/16)
Skipping run, results found in /projects/bdrx/azhang14/SoberReasoningPlus/results/temp_0.2/deepseek-ai-DeepSeek-R1-Distill-Qwen-1.5B-bfloat16-34816/5-0.2-0.7-aime24-1-128-131072-32768

---> Starting run: seed=6 (7/16)
Skipping run, results found in /projects/bdrx/azhang14/SoberReasoningPlus/results/temp_0.2/deepseek-ai-DeepSeek-R1-Distill-Qwen-1.5B-bfloat16-34816/6-0.2-0.7-aime24-1-128-131072-32768

---> Starting run: seed=7 (8/16)
Skipping run, results found in /projects/bdrx/azhang14/SoberReasoningPlus/results/temp_0.2/deepseek-ai-DeepSeek-R1-Distill-Qwen-1.5B-bfloat16-34816/7-0.2-0.7-aime24-1-128-131072-32768

---> Starting run: seed=8 (9/16)
Skipping run, results found in /projects/bdrx/azhang14/SoberReasoningPlus/results/temp_0.2/deepseek-ai-DeepSeek-R1-Distill-Qwen-1.5B-bfloat16-34816/8-0.2-0.7-aime24-1-128-131072-32768

---> Starting run: seed=9 (10/16)
Skipping run, results found in /projects/bdrx/azhang14/SoberReasoningPlus/results/temp_0.2/deepseek-ai-DeepSeek-R1-Distill-Qwen-1.5B-bfloat16-34816/9-0.2-0.7-aime24-1-128-131072-32768

---> Starting run: seed=10 (11/16)
Skipping run, results found in /projects/bdrx/azhang14/SoberReasoningPlus/results/temp_0.2/deepseek-ai-DeepSeek-R1-Distill-Qwen-1.5B-bfloat16-34816/10-0.2-0.7-aime24-1-128-131072-32768

---> Starting run: seed=11 (12/16)
Skipping run, results found in /projects/bdrx/azhang14/SoberReasoningPlus/results/temp_0.2/deepseek-ai-DeepSeek-R1-Distill-Qwen-1.5B-bfloat16-34816/11-0.2-0.7-aime24-1-128-131072-32768

---> Starting run: seed=12 (13/16)
Skipping run, results found in /projects/bdrx/azhang14/SoberReasoningPlus/results/temp_0.2/deepseek-ai-DeepSeek-R1-Distill-Qwen-1.5B-bfloat16-34816/12-0.2-0.7-aime24-1-128-131072-32768

---> Starting run: seed=13 (14/16)
Skipping run, results found in /projects/bdrx/azhang14/SoberReasoningPlus/results/temp_0.2/deepseek-ai-DeepSeek-R1-Distill-Qwen-1.5B-bfloat16-34816/13-0.2-0.7-aime24-1-128-131072-32768

---> Starting run: seed=14 (15/16)
Skipping run, results found in /projects/bdrx/azhang14/SoberReasoningPlus/results/temp_0.2/deepseek-ai-DeepSeek-R1-Distill-Qwen-1.5B-bfloat16-34816/14-0.2-0.7-aime24-1-128-131072-32768

---> Starting run: seed=15 (16/16)
Skipping run, results found in /projects/bdrx/azhang14/SoberReasoningPlus/results/temp_0.2/deepseek-ai-DeepSeek-R1-Distill-Qwen-1.5B-bfloat16-34816/15-0.2-0.7-aime24-1-128-131072-32768
Running evaluation for task: custom|aime25|0|0, temperature: 0.2, top_p: 0.7, num_seeds: 16

---> Starting run: seed=0 (1/16)
Skipping run, results found in /projects/bdrx/azhang14/SoberReasoningPlus/results/temp_0.2/deepseek-ai-DeepSeek-R1-Distill-Qwen-1.5B-bfloat16-34816/0-0.2-0.7-aime25-1-128-131072-32768

---> Starting run: seed=1 (2/16)
Skipping run, results found in /projects/bdrx/azhang14/SoberReasoningPlus/results/temp_0.2/deepseek-ai-DeepSeek-R1-Distill-Qwen-1.5B-bfloat16-34816/1-0.2-0.7-aime25-1-128-131072-32768

---> Starting run: seed=2 (3/16)
Skipping run, results found in /projects/bdrx/azhang14/SoberReasoningPlus/results/temp_0.2/deepseek-ai-DeepSeek-R1-Distill-Qwen-1.5B-bfloat16-34816/2-0.2-0.7-aime25-1-128-131072-32768

---> Starting run: seed=3 (4/16)
Skipping run, results found in /projects/bdrx/azhang14/SoberReasoningPlus/results/temp_0.2/deepseek-ai-DeepSeek-R1-Distill-Qwen-1.5B-bfloat16-34816/3-0.2-0.7-aime25-1-128-131072-32768

---> Starting run: seed=4 (5/16)
Skipping run, results found in /projects/bdrx/azhang14/SoberReasoningPlus/results/temp_0.2/deepseek-ai-DeepSeek-R1-Distill-Qwen-1.5B-bfloat16-34816/4-0.2-0.7-aime25-1-128-131072-32768

---> Starting run: seed=5 (6/16)
Skipping run, results found in /projects/bdrx/azhang14/SoberReasoningPlus/results/temp_0.2/deepseek-ai-DeepSeek-R1-Distill-Qwen-1.5B-bfloat16-34816/5-0.2-0.7-aime25-1-128-131072-32768

---> Starting run: seed=6 (7/16)
Skipping run, results found in /projects/bdrx/azhang14/SoberReasoningPlus/results/temp_0.2/deepseek-ai-DeepSeek-R1-Distill-Qwen-1.5B-bfloat16-34816/6-0.2-0.7-aime25-1-128-131072-32768

---> Starting run: seed=7 (8/16)
Skipping run, results found in /projects/bdrx/azhang14/SoberReasoningPlus/results/temp_0.2/deepseek-ai-DeepSeek-R1-Distill-Qwen-1.5B-bfloat16-34816/7-0.2-0.7-aime25-1-128-131072-32768

---> Starting run: seed=8 (9/16)
Skipping run, results found in /projects/bdrx/azhang14/SoberReasoningPlus/results/temp_0.2/deepseek-ai-DeepSeek-R1-Distill-Qwen-1.5B-bfloat16-34816/8-0.2-0.7-aime25-1-128-131072-32768

---> Starting run: seed=9 (10/16)
Skipping run, results found in /projects/bdrx/azhang14/SoberReasoningPlus/results/temp_0.2/deepseek-ai-DeepSeek-R1-Distill-Qwen-1.5B-bfloat16-34816/9-0.2-0.7-aime25-1-128-131072-32768

---> Starting run: seed=10 (11/16)
Skipping run, results found in /projects/bdrx/azhang14/SoberReasoningPlus/results/temp_0.2/deepseek-ai-DeepSeek-R1-Distill-Qwen-1.5B-bfloat16-34816/10-0.2-0.7-aime25-1-128-131072-32768

---> Starting run: seed=11 (12/16)
Skipping run, results found in /projects/bdrx/azhang14/SoberReasoningPlus/results/temp_0.2/deepseek-ai-DeepSeek-R1-Distill-Qwen-1.5B-bfloat16-34816/11-0.2-0.7-aime25-1-128-131072-32768

---> Starting run: seed=12 (13/16)
Skipping run, results found in /projects/bdrx/azhang14/SoberReasoningPlus/results/temp_0.2/deepseek-ai-DeepSeek-R1-Distill-Qwen-1.5B-bfloat16-34816/12-0.2-0.7-aime25-1-128-131072-32768

---> Starting run: seed=13 (14/16)
Skipping run, results found in /projects/bdrx/azhang14/SoberReasoningPlus/results/temp_0.2/deepseek-ai-DeepSeek-R1-Distill-Qwen-1.5B-bfloat16-34816/13-0.2-0.7-aime25-1-128-131072-32768

---> Starting run: seed=14 (15/16)
Skipping run, results found in /projects/bdrx/azhang14/SoberReasoningPlus/results/temp_0.2/deepseek-ai-DeepSeek-R1-Distill-Qwen-1.5B-bfloat16-34816/14-0.2-0.7-aime25-1-128-131072-32768

---> Starting run: seed=15 (16/16)
Skipping run, results found in /projects/bdrx/azhang14/SoberReasoningPlus/results/temp_0.2/deepseek-ai-DeepSeek-R1-Distill-Qwen-1.5B-bfloat16-34816/15-0.2-0.7-aime25-1-128-131072-32768
Running evaluation for task: custom|amc23|0|0, temperature: 0.2, top_p: 0.7, num_seeds: 16

---> Starting run: seed=0 (1/16)
Skipping run, results found in /projects/bdrx/azhang14/SoberReasoningPlus/results/temp_0.2/deepseek-ai-DeepSeek-R1-Distill-Qwen-1.5B-bfloat16-34816/0-0.2-0.7-amc23-1-128-131072-32768

---> Starting run: seed=1 (2/16)
Skipping run, results found in /projects/bdrx/azhang14/SoberReasoningPlus/results/temp_0.2/deepseek-ai-DeepSeek-R1-Distill-Qwen-1.5B-bfloat16-34816/1-0.2-0.7-amc23-1-128-131072-32768

---> Starting run: seed=2 (3/16)
Skipping run, results found in /projects/bdrx/azhang14/SoberReasoningPlus/results/temp_0.2/deepseek-ai-DeepSeek-R1-Distill-Qwen-1.5B-bfloat16-34816/2-0.2-0.7-amc23-1-128-131072-32768

---> Starting run: seed=3 (4/16)
Skipping run, results found in /projects/bdrx/azhang14/SoberReasoningPlus/results/temp_0.2/deepseek-ai-DeepSeek-R1-Distill-Qwen-1.5B-bfloat16-34816/3-0.2-0.7-amc23-1-128-131072-32768

---> Starting run: seed=4 (5/16)
Skipping run, results found in /projects/bdrx/azhang14/SoberReasoningPlus/results/temp_0.2/deepseek-ai-DeepSeek-R1-Distill-Qwen-1.5B-bfloat16-34816/4-0.2-0.7-amc23-1-128-131072-32768

---> Starting run: seed=5 (6/16)
Skipping run, results found in /projects/bdrx/azhang14/SoberReasoningPlus/results/temp_0.2/deepseek-ai-DeepSeek-R1-Distill-Qwen-1.5B-bfloat16-34816/5-0.2-0.7-amc23-1-128-131072-32768

---> Starting run: seed=6 (7/16)
Skipping run, results found in /projects/bdrx/azhang14/SoberReasoningPlus/results/temp_0.2/deepseek-ai-DeepSeek-R1-Distill-Qwen-1.5B-bfloat16-34816/6-0.2-0.7-amc23-1-128-131072-32768

---> Starting run: seed=7 (8/16)
Skipping run, results found in /projects/bdrx/azhang14/SoberReasoningPlus/results/temp_0.2/deepseek-ai-DeepSeek-R1-Distill-Qwen-1.5B-bfloat16-34816/7-0.2-0.7-amc23-1-128-131072-32768

---> Starting run: seed=8 (9/16)
Skipping run, results found in /projects/bdrx/azhang14/SoberReasoningPlus/results/temp_0.2/deepseek-ai-DeepSeek-R1-Distill-Qwen-1.5B-bfloat16-34816/8-0.2-0.7-amc23-1-128-131072-32768

---> Starting run: seed=9 (10/16)
Skipping run, results found in /projects/bdrx/azhang14/SoberReasoningPlus/results/temp_0.2/deepseek-ai-DeepSeek-R1-Distill-Qwen-1.5B-bfloat16-34816/9-0.2-0.7-amc23-1-128-131072-32768

---> Starting run: seed=10 (11/16)
Skipping run, results found in /projects/bdrx/azhang14/SoberReasoningPlus/results/temp_0.2/deepseek-ai-DeepSeek-R1-Distill-Qwen-1.5B-bfloat16-34816/10-0.2-0.7-amc23-1-128-131072-32768

---> Starting run: seed=11 (12/16)
Skipping run, results found in /projects/bdrx/azhang14/SoberReasoningPlus/results/temp_0.2/deepseek-ai-DeepSeek-R1-Distill-Qwen-1.5B-bfloat16-34816/11-0.2-0.7-amc23-1-128-131072-32768

---> Starting run: seed=12 (13/16)
Skipping run, results found in /projects/bdrx/azhang14/SoberReasoningPlus/results/temp_0.2/deepseek-ai-DeepSeek-R1-Distill-Qwen-1.5B-bfloat16-34816/12-0.2-0.7-amc23-1-128-131072-32768

---> Starting run: seed=13 (14/16)
Skipping run, results found in /projects/bdrx/azhang14/SoberReasoningPlus/results/temp_0.2/deepseek-ai-DeepSeek-R1-Distill-Qwen-1.5B-bfloat16-34816/13-0.2-0.7-amc23-1-128-131072-32768

---> Starting run: seed=14 (15/16)
Skipping run, results found in /projects/bdrx/azhang14/SoberReasoningPlus/results/temp_0.2/deepseek-ai-DeepSeek-R1-Distill-Qwen-1.5B-bfloat16-34816/14-0.2-0.7-amc23-1-128-131072-32768

---> Starting run: seed=15 (16/16)
Skipping run, results found in /projects/bdrx/azhang14/SoberReasoningPlus/results/temp_0.2/deepseek-ai-DeepSeek-R1-Distill-Qwen-1.5B-bfloat16-34816/15-0.2-0.7-amc23-1-128-131072-32768
Running evaluation for task: custom|math_500|0|0, temperature: 0.2, top_p: 0.7, num_seeds: 3

---> Starting run: seed=0 (1/3)
Results will be saved
EvaluationTracker initialized with output directory
PipelineParameters set
Pipeline initialized
Model loaded successfully.
[0.6] [0.7, 0.8, 0.9, 0.95, 1.0]
<class 'list'> <class 'list'>
Running evaluation for task: custom|aime24|0|0, temperature: 0.6, top_p: 0.7, num_seeds: 16

---> Starting run: seed=0 (1/16)
Skipping run, results found in /projects/bdrx/azhang14/SoberReasoningPlus/results/temp_0.6/deepseek-ai-DeepSeek-R1-Distill-Qwen-1.5B-bfloat16-34816/0-0.6-0.7-aime24-1-128-131072-32768

---> Starting run: seed=1 (2/16)
Skipping run, results found in /projects/bdrx/azhang14/SoberReasoningPlus/results/temp_0.6/deepseek-ai-DeepSeek-R1-Distill-Qwen-1.5B-bfloat16-34816/1-0.6-0.7-aime24-1-128-131072-32768

---> Starting run: seed=2 (3/16)
Skipping run, results found in /projects/bdrx/azhang14/SoberReasoningPlus/results/temp_0.6/deepseek-ai-DeepSeek-R1-Distill-Qwen-1.5B-bfloat16-34816/2-0.6-0.7-aime24-1-128-131072-32768

---> Starting run: seed=3 (4/16)
Skipping run, results found in /projects/bdrx/azhang14/SoberReasoningPlus/results/temp_0.6/deepseek-ai-DeepSeek-R1-Distill-Qwen-1.5B-bfloat16-34816/3-0.6-0.7-aime24-1-128-131072-32768

---> Starting run: seed=4 (5/16)
Skipping run, results found in /projects/bdrx/azhang14/SoberReasoningPlus/results/temp_0.6/deepseek-ai-DeepSeek-R1-Distill-Qwen-1.5B-bfloat16-34816/4-0.6-0.7-aime24-1-128-131072-32768

---> Starting run: seed=5 (6/16)
Skipping run, results found in /projects/bdrx/azhang14/SoberReasoningPlus/results/temp_0.6/deepseek-ai-DeepSeek-R1-Distill-Qwen-1.5B-bfloat16-34816/5-0.6-0.7-aime24-1-128-131072-32768

---> Starting run: seed=6 (7/16)
Skipping run, results found in /projects/bdrx/azhang14/SoberReasoningPlus/results/temp_0.6/deepseek-ai-DeepSeek-R1-Distill-Qwen-1.5B-bfloat16-34816/6-0.6-0.7-aime24-1-128-131072-32768

---> Starting run: seed=7 (8/16)
Skipping run, results found in /projects/bdrx/azhang14/SoberReasoningPlus/results/temp_0.6/deepseek-ai-DeepSeek-R1-Distill-Qwen-1.5B-bfloat16-34816/7-0.6-0.7-aime24-1-128-131072-32768

---> Starting run: seed=8 (9/16)
Skipping run, results found in /projects/bdrx/azhang14/SoberReasoningPlus/results/temp_0.6/deepseek-ai-DeepSeek-R1-Distill-Qwen-1.5B-bfloat16-34816/8-0.6-0.7-aime24-1-128-131072-32768

---> Starting run: seed=9 (10/16)
Skipping run, results found in /projects/bdrx/azhang14/SoberReasoningPlus/results/temp_0.6/deepseek-ai-DeepSeek-R1-Distill-Qwen-1.5B-bfloat16-34816/9-0.6-0.7-aime24-1-128-131072-32768

---> Starting run: seed=10 (11/16)
Skipping run, results found in /projects/bdrx/azhang14/SoberReasoningPlus/results/temp_0.6/deepseek-ai-DeepSeek-R1-Distill-Qwen-1.5B-bfloat16-34816/10-0.6-0.7-aime24-1-128-131072-32768

---> Starting run: seed=11 (12/16)
Skipping run, results found in /projects/bdrx/azhang14/SoberReasoningPlus/results/temp_0.6/deepseek-ai-DeepSeek-R1-Distill-Qwen-1.5B-bfloat16-34816/11-0.6-0.7-aime24-1-128-131072-32768

---> Starting run: seed=12 (13/16)
Skipping run, results found in /projects/bdrx/azhang14/SoberReasoningPlus/results/temp_0.6/deepseek-ai-DeepSeek-R1-Distill-Qwen-1.5B-bfloat16-34816/12-0.6-0.7-aime24-1-128-131072-32768

---> Starting run: seed=13 (14/16)
Skipping run, results found in /projects/bdrx/azhang14/SoberReasoningPlus/results/temp_0.6/deepseek-ai-DeepSeek-R1-Distill-Qwen-1.5B-bfloat16-34816/13-0.6-0.7-aime24-1-128-131072-32768

---> Starting run: seed=14 (15/16)
Skipping run, results found in /projects/bdrx/azhang14/SoberReasoningPlus/results/temp_0.6/deepseek-ai-DeepSeek-R1-Distill-Qwen-1.5B-bfloat16-34816/14-0.6-0.7-aime24-1-128-131072-32768

---> Starting run: seed=15 (16/16)
Skipping run, results found in /projects/bdrx/azhang14/SoberReasoningPlus/results/temp_0.6/deepseek-ai-DeepSeek-R1-Distill-Qwen-1.5B-bfloat16-34816/15-0.6-0.7-aime24-1-128-131072-32768
Running evaluation for task: custom|aime25|0|0, temperature: 0.6, top_p: 0.7, num_seeds: 16

---> Starting run: seed=0 (1/16)
Skipping run, results found in /projects/bdrx/azhang14/SoberReasoningPlus/results/temp_0.6/deepseek-ai-DeepSeek-R1-Distill-Qwen-1.5B-bfloat16-34816/0-0.6-0.7-aime25-1-128-131072-32768

---> Starting run: seed=1 (2/16)
Skipping run, results found in /projects/bdrx/azhang14/SoberReasoningPlus/results/temp_0.6/deepseek-ai-DeepSeek-R1-Distill-Qwen-1.5B-bfloat16-34816/1-0.6-0.7-aime25-1-128-131072-32768

---> Starting run: seed=2 (3/16)
Skipping run, results found in /projects/bdrx/azhang14/SoberReasoningPlus/results/temp_0.6/deepseek-ai-DeepSeek-R1-Distill-Qwen-1.5B-bfloat16-34816/2-0.6-0.7-aime25-1-128-131072-32768

---> Starting run: seed=3 (4/16)
Skipping run, results found in /projects/bdrx/azhang14/SoberReasoningPlus/results/temp_0.6/deepseek-ai-DeepSeek-R1-Distill-Qwen-1.5B-bfloat16-34816/3-0.6-0.7-aime25-1-128-131072-32768

---> Starting run: seed=4 (5/16)
Skipping run, results found in /projects/bdrx/azhang14/SoberReasoningPlus/results/temp_0.6/deepseek-ai-DeepSeek-R1-Distill-Qwen-1.5B-bfloat16-34816/4-0.6-0.7-aime25-1-128-131072-32768

---> Starting run: seed=5 (6/16)
Skipping run, results found in /projects/bdrx/azhang14/SoberReasoningPlus/results/temp_0.6/deepseek-ai-DeepSeek-R1-Distill-Qwen-1.5B-bfloat16-34816/5-0.6-0.7-aime25-1-128-131072-32768

---> Starting run: seed=6 (7/16)
Skipping run, results found in /projects/bdrx/azhang14/SoberReasoningPlus/results/temp_0.6/deepseek-ai-DeepSeek-R1-Distill-Qwen-1.5B-bfloat16-34816/6-0.6-0.7-aime25-1-128-131072-32768

---> Starting run: seed=7 (8/16)
Skipping run, results found in /projects/bdrx/azhang14/SoberReasoningPlus/results/temp_0.6/deepseek-ai-DeepSeek-R1-Distill-Qwen-1.5B-bfloat16-34816/7-0.6-0.7-aime25-1-128-131072-32768

---> Starting run: seed=8 (9/16)
Skipping run, results found in /projects/bdrx/azhang14/SoberReasoningPlus/results/temp_0.6/deepseek-ai-DeepSeek-R1-Distill-Qwen-1.5B-bfloat16-34816/8-0.6-0.7-aime25-1-128-131072-32768

---> Starting run: seed=9 (10/16)
Skipping run, results found in /projects/bdrx/azhang14/SoberReasoningPlus/results/temp_0.6/deepseek-ai-DeepSeek-R1-Distill-Qwen-1.5B-bfloat16-34816/9-0.6-0.7-aime25-1-128-131072-32768

---> Starting run: seed=10 (11/16)
Skipping run, results found in /projects/bdrx/azhang14/SoberReasoningPlus/results/temp_0.6/deepseek-ai-DeepSeek-R1-Distill-Qwen-1.5B-bfloat16-34816/10-0.6-0.7-aime25-1-128-131072-32768

---> Starting run: seed=11 (12/16)
Skipping run, results found in /projects/bdrx/azhang14/SoberReasoningPlus/results/temp_0.6/deepseek-ai-DeepSeek-R1-Distill-Qwen-1.5B-bfloat16-34816/11-0.6-0.7-aime25-1-128-131072-32768

---> Starting run: seed=12 (13/16)
Skipping run, results found in /projects/bdrx/azhang14/SoberReasoningPlus/results/temp_0.6/deepseek-ai-DeepSeek-R1-Distill-Qwen-1.5B-bfloat16-34816/12-0.6-0.7-aime25-1-128-131072-32768

---> Starting run: seed=13 (14/16)
Skipping run, results found in /projects/bdrx/azhang14/SoberReasoningPlus/results/temp_0.6/deepseek-ai-DeepSeek-R1-Distill-Qwen-1.5B-bfloat16-34816/13-0.6-0.7-aime25-1-128-131072-32768

---> Starting run: seed=14 (15/16)
Skipping run, results found in /projects/bdrx/azhang14/SoberReasoningPlus/results/temp_0.6/deepseek-ai-DeepSeek-R1-Distill-Qwen-1.5B-bfloat16-34816/14-0.6-0.7-aime25-1-128-131072-32768

---> Starting run: seed=15 (16/16)
Skipping run, results found in /projects/bdrx/azhang14/SoberReasoningPlus/results/temp_0.6/deepseek-ai-DeepSeek-R1-Distill-Qwen-1.5B-bfloat16-34816/15-0.6-0.7-aime25-1-128-131072-32768
Running evaluation for task: custom|amc23|0|0, temperature: 0.6, top_p: 0.7, num_seeds: 16

---> Starting run: seed=0 (1/16)
Skipping run, results found in /projects/bdrx/azhang14/SoberReasoningPlus/results/temp_0.6/deepseek-ai-DeepSeek-R1-Distill-Qwen-1.5B-bfloat16-34816/0-0.6-0.7-amc23-1-128-131072-32768

---> Starting run: seed=1 (2/16)
Skipping run, results found in /projects/bdrx/azhang14/SoberReasoningPlus/results/temp_0.6/deepseek-ai-DeepSeek-R1-Distill-Qwen-1.5B-bfloat16-34816/1-0.6-0.7-amc23-1-128-131072-32768

---> Starting run: seed=2 (3/16)
Skipping run, results found in /projects/bdrx/azhang14/SoberReasoningPlus/results/temp_0.6/deepseek-ai-DeepSeek-R1-Distill-Qwen-1.5B-bfloat16-34816/2-0.6-0.7-amc23-1-128-131072-32768

---> Starting run: seed=3 (4/16)
Skipping run, results found in /projects/bdrx/azhang14/SoberReasoningPlus/results/temp_0.6/deepseek-ai-DeepSeek-R1-Distill-Qwen-1.5B-bfloat16-34816/3-0.6-0.7-amc23-1-128-131072-32768

---> Starting run: seed=4 (5/16)
Skipping run, results found in /projects/bdrx/azhang14/SoberReasoningPlus/results/temp_0.6/deepseek-ai-DeepSeek-R1-Distill-Qwen-1.5B-bfloat16-34816/4-0.6-0.7-amc23-1-128-131072-32768

---> Starting run: seed=5 (6/16)
Skipping run, results found in /projects/bdrx/azhang14/SoberReasoningPlus/results/temp_0.6/deepseek-ai-DeepSeek-R1-Distill-Qwen-1.5B-bfloat16-34816/5-0.6-0.7-amc23-1-128-131072-32768

---> Starting run: seed=6 (7/16)
Skipping run, results found in /projects/bdrx/azhang14/SoberReasoningPlus/results/temp_0.6/deepseek-ai-DeepSeek-R1-Distill-Qwen-1.5B-bfloat16-34816/6-0.6-0.7-amc23-1-128-131072-32768

---> Starting run: seed=7 (8/16)
Skipping run, results found in /projects/bdrx/azhang14/SoberReasoningPlus/results/temp_0.6/deepseek-ai-DeepSeek-R1-Distill-Qwen-1.5B-bfloat16-34816/7-0.6-0.7-amc23-1-128-131072-32768

---> Starting run: seed=8 (9/16)
Skipping run, results found in /projects/bdrx/azhang14/SoberReasoningPlus/results/temp_0.6/deepseek-ai-DeepSeek-R1-Distill-Qwen-1.5B-bfloat16-34816/8-0.6-0.7-amc23-1-128-131072-32768

---> Starting run: seed=9 (10/16)
Skipping run, results found in /projects/bdrx/azhang14/SoberReasoningPlus/results/temp_0.6/deepseek-ai-DeepSeek-R1-Distill-Qwen-1.5B-bfloat16-34816/9-0.6-0.7-amc23-1-128-131072-32768

---> Starting run: seed=10 (11/16)
Skipping run, results found in /projects/bdrx/azhang14/SoberReasoningPlus/results/temp_0.6/deepseek-ai-DeepSeek-R1-Distill-Qwen-1.5B-bfloat16-34816/10-0.6-0.7-amc23-1-128-131072-32768

---> Starting run: seed=11 (12/16)
Skipping run, results found in /projects/bdrx/azhang14/SoberReasoningPlus/results/temp_0.6/deepseek-ai-DeepSeek-R1-Distill-Qwen-1.5B-bfloat16-34816/11-0.6-0.7-amc23-1-128-131072-32768

---> Starting run: seed=12 (13/16)
Skipping run, results found in /projects/bdrx/azhang14/SoberReasoningPlus/results/temp_0.6/deepseek-ai-DeepSeek-R1-Distill-Qwen-1.5B-bfloat16-34816/12-0.6-0.7-amc23-1-128-131072-32768

---> Starting run: seed=13 (14/16)
Skipping run, results found in /projects/bdrx/azhang14/SoberReasoningPlus/results/temp_0.6/deepseek-ai-DeepSeek-R1-Distill-Qwen-1.5B-bfloat16-34816/13-0.6-0.7-amc23-1-128-131072-32768

---> Starting run: seed=14 (15/16)
Skipping run, results found in /projects/bdrx/azhang14/SoberReasoningPlus/results/temp_0.6/deepseek-ai-DeepSeek-R1-Distill-Qwen-1.5B-bfloat16-34816/14-0.6-0.7-amc23-1-128-131072-32768

---> Starting run: seed=15 (16/16)
Skipping run, results found in /projects/bdrx/azhang14/SoberReasoningPlus/results/temp_0.6/deepseek-ai-DeepSeek-R1-Distill-Qwen-1.5B-bfloat16-34816/15-0.6-0.7-amc23-1-128-131072-32768
Running evaluation for task: custom|math_500|0|0, temperature: 0.6, top_p: 0.7, num_seeds: 3

---> Starting run: seed=0 (1/3)
Results will be saved
EvaluationTracker initialized with output directory
PipelineParameters set
Pipeline initialized
Starting temperature 0 on GPU 0
Starting temperature 0.2 on GPU 1
Starting temperature 0.4 on GPU 2
Starting temperature 0.6 on GPU 3
INFO 11-09 17:06:45 [__init__.py:244] Automatically detected platform cuda.
INFO 11-09 17:06:45 [__init__.py:244] Automatically detected platform cuda.
INFO 11-09 17:06:45 [__init__.py:244] Automatically detected platform cuda.
INFO 11-09 17:06:45 [__init__.py:244] Automatically detected platform cuda.
Loading model...
Loading model...
Loading model...
Loading model...
INFO 11-09 17:07:58 [__init__.py:244] Automatically detected platform cuda.
INFO 11-09 17:07:58 [__init__.py:244] Automatically detected platform cuda.
INFO 11-09 17:07:58 [__init__.py:244] Automatically detected platform cuda.
INFO 11-09 17:07:58 [__init__.py:244] Automatically detected platform cuda.
Model loaded successfully.
[0.2] [0.7, 0.8, 0.9, 0.95, 1.0]
<class 'list'> <class 'list'>
Running evaluation for task: custom|aime24|0|0, temperature: 0.2, top_p: 0.7, num_seeds: 16

---> Starting run: seed=0 (1/16)
Skipping run, results found in /projects/bdrx/azhang14/SoberReasoningPlus/results/temp_0.2/Qwen-Qwen3-1.7B-bfloat16-34816/0-0.2-0.7-aime24-1-128-131072-32768

---> Starting run: seed=1 (2/16)
Skipping run, results found in /projects/bdrx/azhang14/SoberReasoningPlus/results/temp_0.2/Qwen-Qwen3-1.7B-bfloat16-34816/1-0.2-0.7-aime24-1-128-131072-32768

---> Starting run: seed=2 (3/16)
Skipping run, results found in /projects/bdrx/azhang14/SoberReasoningPlus/results/temp_0.2/Qwen-Qwen3-1.7B-bfloat16-34816/2-0.2-0.7-aime24-1-128-131072-32768

---> Starting run: seed=3 (4/16)
Skipping run, results found in /projects/bdrx/azhang14/SoberReasoningPlus/results/temp_0.2/Qwen-Qwen3-1.7B-bfloat16-34816/3-0.2-0.7-aime24-1-128-131072-32768

---> Starting run: seed=4 (5/16)
Skipping run, results found in /projects/bdrx/azhang14/SoberReasoningPlus/results/temp_0.2/Qwen-Qwen3-1.7B-bfloat16-34816/4-0.2-0.7-aime24-1-128-131072-32768

---> Starting run: seed=5 (6/16)
Skipping run, results found in /projects/bdrx/azhang14/SoberReasoningPlus/results/temp_0.2/Qwen-Qwen3-1.7B-bfloat16-34816/5-0.2-0.7-aime24-1-128-131072-32768

---> Starting run: seed=6 (7/16)
Skipping run, results found in /projects/bdrx/azhang14/SoberReasoningPlus/results/temp_0.2/Qwen-Qwen3-1.7B-bfloat16-34816/6-0.2-0.7-aime24-1-128-131072-32768

---> Starting run: seed=7 (8/16)
Skipping run, results found in /projects/bdrx/azhang14/SoberReasoningPlus/results/temp_0.2/Qwen-Qwen3-1.7B-bfloat16-34816/7-0.2-0.7-aime24-1-128-131072-32768

---> Starting run: seed=8 (9/16)
Skipping run, results found in /projects/bdrx/azhang14/SoberReasoningPlus/results/temp_0.2/Qwen-Qwen3-1.7B-bfloat16-34816/8-0.2-0.7-aime24-1-128-131072-32768

---> Starting run: seed=9 (10/16)
Skipping run, results found in /projects/bdrx/azhang14/SoberReasoningPlus/results/temp_0.2/Qwen-Qwen3-1.7B-bfloat16-34816/9-0.2-0.7-aime24-1-128-131072-32768

---> Starting run: seed=10 (11/16)
Skipping run, results found in /projects/bdrx/azhang14/SoberReasoningPlus/results/temp_0.2/Qwen-Qwen3-1.7B-bfloat16-34816/10-0.2-0.7-aime24-1-128-131072-32768

---> Starting run: seed=11 (12/16)
Skipping run, results found in /projects/bdrx/azhang14/SoberReasoningPlus/results/temp_0.2/Qwen-Qwen3-1.7B-bfloat16-34816/11-0.2-0.7-aime24-1-128-131072-32768

---> Starting run: seed=12 (13/16)
Skipping run, results found in /projects/bdrx/azhang14/SoberReasoningPlus/results/temp_0.2/Qwen-Qwen3-1.7B-bfloat16-34816/12-0.2-0.7-aime24-1-128-131072-32768

---> Starting run: seed=13 (14/16)
Skipping run, results found in /projects/bdrx/azhang14/SoberReasoningPlus/results/temp_0.2/Qwen-Qwen3-1.7B-bfloat16-34816/13-0.2-0.7-aime24-1-128-131072-32768

---> Starting run: seed=14 (15/16)
Skipping run, results found in /projects/bdrx/azhang14/SoberReasoningPlus/results/temp_0.2/Qwen-Qwen3-1.7B-bfloat16-34816/14-0.2-0.7-aime24-1-128-131072-32768

---> Starting run: seed=15 (16/16)
Skipping run, results found in /projects/bdrx/azhang14/SoberReasoningPlus/results/temp_0.2/Qwen-Qwen3-1.7B-bfloat16-34816/15-0.2-0.7-aime24-1-128-131072-32768
Running evaluation for task: custom|aime25|0|0, temperature: 0.2, top_p: 0.7, num_seeds: 16

---> Starting run: seed=0 (1/16)
Skipping run, results found in /projects/bdrx/azhang14/SoberReasoningPlus/results/temp_0.2/Qwen-Qwen3-1.7B-bfloat16-34816/0-0.2-0.7-aime25-1-128-131072-32768

---> Starting run: seed=1 (2/16)
Skipping run, results found in /projects/bdrx/azhang14/SoberReasoningPlus/results/temp_0.2/Qwen-Qwen3-1.7B-bfloat16-34816/1-0.2-0.7-aime25-1-128-131072-32768

---> Starting run: seed=2 (3/16)
Skipping run, results found in /projects/bdrx/azhang14/SoberReasoningPlus/results/temp_0.2/Qwen-Qwen3-1.7B-bfloat16-34816/2-0.2-0.7-aime25-1-128-131072-32768

---> Starting run: seed=3 (4/16)
Skipping run, results found in /projects/bdrx/azhang14/SoberReasoningPlus/results/temp_0.2/Qwen-Qwen3-1.7B-bfloat16-34816/3-0.2-0.7-aime25-1-128-131072-32768

---> Starting run: seed=4 (5/16)
Skipping run, results found in /projects/bdrx/azhang14/SoberReasoningPlus/results/temp_0.2/Qwen-Qwen3-1.7B-bfloat16-34816/4-0.2-0.7-aime25-1-128-131072-32768

---> Starting run: seed=5 (6/16)
Skipping run, results found in /projects/bdrx/azhang14/SoberReasoningPlus/results/temp_0.2/Qwen-Qwen3-1.7B-bfloat16-34816/5-0.2-0.7-aime25-1-128-131072-32768

---> Starting run: seed=6 (7/16)
Skipping run, results found in /projects/bdrx/azhang14/SoberReasoningPlus/results/temp_0.2/Qwen-Qwen3-1.7B-bfloat16-34816/6-0.2-0.7-aime25-1-128-131072-32768

---> Starting run: seed=7 (8/16)
Skipping run, results found in /projects/bdrx/azhang14/SoberReasoningPlus/results/temp_0.2/Qwen-Qwen3-1.7B-bfloat16-34816/7-0.2-0.7-aime25-1-128-131072-32768

---> Starting run: seed=8 (9/16)
Skipping run, results found in /projects/bdrx/azhang14/SoberReasoningPlus/results/temp_0.2/Qwen-Qwen3-1.7B-bfloat16-34816/8-0.2-0.7-aime25-1-128-131072-32768

---> Starting run: seed=9 (10/16)
Skipping run, results found in /projects/bdrx/azhang14/SoberReasoningPlus/results/temp_0.2/Qwen-Qwen3-1.7B-bfloat16-34816/9-0.2-0.7-aime25-1-128-131072-32768

---> Starting run: seed=10 (11/16)
Skipping run, results found in /projects/bdrx/azhang14/SoberReasoningPlus/results/temp_0.2/Qwen-Qwen3-1.7B-bfloat16-34816/10-0.2-0.7-aime25-1-128-131072-32768

---> Starting run: seed=11 (12/16)
Skipping run, results found in /projects/bdrx/azhang14/SoberReasoningPlus/results/temp_0.2/Qwen-Qwen3-1.7B-bfloat16-34816/11-0.2-0.7-aime25-1-128-131072-32768

---> Starting run: seed=12 (13/16)
Skipping run, results found in /projects/bdrx/azhang14/SoberReasoningPlus/results/temp_0.2/Qwen-Qwen3-1.7B-bfloat16-34816/12-0.2-0.7-aime25-1-128-131072-32768

---> Starting run: seed=13 (14/16)
Skipping run, results found in /projects/bdrx/azhang14/SoberReasoningPlus/results/temp_0.2/Qwen-Qwen3-1.7B-bfloat16-34816/13-0.2-0.7-aime25-1-128-131072-32768

---> Starting run: seed=14 (15/16)
Skipping run, results found in /projects/bdrx/azhang14/SoberReasoningPlus/results/temp_0.2/Qwen-Qwen3-1.7B-bfloat16-34816/14-0.2-0.7-aime25-1-128-131072-32768

---> Starting run: seed=15 (16/16)
Skipping run, results found in /projects/bdrx/azhang14/SoberReasoningPlus/results/temp_0.2/Qwen-Qwen3-1.7B-bfloat16-34816/15-0.2-0.7-aime25-1-128-131072-32768
Running evaluation for task: custom|amc23|0|0, temperature: 0.2, top_p: 0.7, num_seeds: 16

---> Starting run: seed=0 (1/16)
Skipping run, results found in /projects/bdrx/azhang14/SoberReasoningPlus/results/temp_0.2/Qwen-Qwen3-1.7B-bfloat16-34816/0-0.2-0.7-amc23-1-128-131072-32768

---> Starting run: seed=1 (2/16)
Skipping run, results found in /projects/bdrx/azhang14/SoberReasoningPlus/results/temp_0.2/Qwen-Qwen3-1.7B-bfloat16-34816/1-0.2-0.7-amc23-1-128-131072-32768

---> Starting run: seed=2 (3/16)
Skipping run, results found in /projects/bdrx/azhang14/SoberReasoningPlus/results/temp_0.2/Qwen-Qwen3-1.7B-bfloat16-34816/2-0.2-0.7-amc23-1-128-131072-32768

---> Starting run: seed=3 (4/16)
Skipping run, results found in /projects/bdrx/azhang14/SoberReasoningPlus/results/temp_0.2/Qwen-Qwen3-1.7B-bfloat16-34816/3-0.2-0.7-amc23-1-128-131072-32768

---> Starting run: seed=4 (5/16)
Skipping run, results found in /projects/bdrx/azhang14/SoberReasoningPlus/results/temp_0.2/Qwen-Qwen3-1.7B-bfloat16-34816/4-0.2-0.7-amc23-1-128-131072-32768

---> Starting run: seed=5 (6/16)
Skipping run, results found in /projects/bdrx/azhang14/SoberReasoningPlus/results/temp_0.2/Qwen-Qwen3-1.7B-bfloat16-34816/5-0.2-0.7-amc23-1-128-131072-32768

---> Starting run: seed=6 (7/16)
Skipping run, results found in /projects/bdrx/azhang14/SoberReasoningPlus/results/temp_0.2/Qwen-Qwen3-1.7B-bfloat16-34816/6-0.2-0.7-amc23-1-128-131072-32768

---> Starting run: seed=7 (8/16)
Skipping run, results found in /projects/bdrx/azhang14/SoberReasoningPlus/results/temp_0.2/Qwen-Qwen3-1.7B-bfloat16-34816/7-0.2-0.7-amc23-1-128-131072-32768

---> Starting run: seed=8 (9/16)
Skipping run, results found in /projects/bdrx/azhang14/SoberReasoningPlus/results/temp_0.2/Qwen-Qwen3-1.7B-bfloat16-34816/8-0.2-0.7-amc23-1-128-131072-32768

---> Starting run: seed=9 (10/16)
Skipping run, results found in /projects/bdrx/azhang14/SoberReasoningPlus/results/temp_0.2/Qwen-Qwen3-1.7B-bfloat16-34816/9-0.2-0.7-amc23-1-128-131072-32768

---> Starting run: seed=10 (11/16)
Skipping run, results found in /projects/bdrx/azhang14/SoberReasoningPlus/results/temp_0.2/Qwen-Qwen3-1.7B-bfloat16-34816/10-0.2-0.7-amc23-1-128-131072-32768

---> Starting run: seed=11 (12/16)
Skipping run, results found in /projects/bdrx/azhang14/SoberReasoningPlus/results/temp_0.2/Qwen-Qwen3-1.7B-bfloat16-34816/11-0.2-0.7-amc23-1-128-131072-32768

---> Starting run: seed=12 (13/16)
Skipping run, results found in /projects/bdrx/azhang14/SoberReasoningPlus/results/temp_0.2/Qwen-Qwen3-1.7B-bfloat16-34816/12-0.2-0.7-amc23-1-128-131072-32768

---> Starting run: seed=13 (14/16)
Skipping run, results found in /projects/bdrx/azhang14/SoberReasoningPlus/results/temp_0.2/Qwen-Qwen3-1.7B-bfloat16-34816/13-0.2-0.7-amc23-1-128-131072-32768

---> Starting run: seed=14 (15/16)
Skipping run, results found in /projects/bdrx/azhang14/SoberReasoningPlus/results/temp_0.2/Qwen-Qwen3-1.7B-bfloat16-34816/14-0.2-0.7-amc23-1-128-131072-32768

---> Starting run: seed=15 (16/16)
Skipping run, results found in /projects/bdrx/azhang14/SoberReasoningPlus/results/temp_0.2/Qwen-Qwen3-1.7B-bfloat16-34816/15-0.2-0.7-amc23-1-128-131072-32768
Running evaluation for task: custom|math_500|0|0, temperature: 0.2, top_p: 0.7, num_seeds: 3

---> Starting run: seed=0 (1/3)
Skipping run, results found in /projects/bdrx/azhang14/SoberReasoningPlus/results/temp_0.2/Qwen-Qwen3-1.7B-bfloat16-34816/0-0.2-0.7-math_500-1-128-131072-32768

---> Starting run: seed=1 (2/3)
Skipping run, results found in /projects/bdrx/azhang14/SoberReasoningPlus/results/temp_0.2/Qwen-Qwen3-1.7B-bfloat16-34816/1-0.2-0.7-math_500-1-128-131072-32768

---> Starting run: seed=2 (3/3)
Skipping run, results found in /projects/bdrx/azhang14/SoberReasoningPlus/results/temp_0.2/Qwen-Qwen3-1.7B-bfloat16-34816/2-0.2-0.7-math_500-1-128-131072-32768
Running evaluation for task: custom|minerva|0|0, temperature: 0.2, top_p: 0.7, num_seeds: 3

---> Starting run: seed=0 (1/3)
Results will be saved
EvaluationTracker initialized with output directory
PipelineParameters set
Pipeline initialized
Model loaded successfully.
[0.4] [0.7, 0.8, 0.9, 0.95, 1.0]
<class 'list'> <class 'list'>
Running evaluation for task: custom|aime24|0|0, temperature: 0.4, top_p: 0.7, num_seeds: 16

---> Starting run: seed=0 (1/16)
Skipping run, results found in /projects/bdrx/azhang14/SoberReasoningPlus/results/temp_0.4/Qwen-Qwen3-1.7B-bfloat16-34816/0-0.4-0.7-aime24-1-128-131072-32768

---> Starting run: seed=1 (2/16)
Skipping run, results found in /projects/bdrx/azhang14/SoberReasoningPlus/results/temp_0.4/Qwen-Qwen3-1.7B-bfloat16-34816/1-0.4-0.7-aime24-1-128-131072-32768

---> Starting run: seed=2 (3/16)
Skipping run, results found in /projects/bdrx/azhang14/SoberReasoningPlus/results/temp_0.4/Qwen-Qwen3-1.7B-bfloat16-34816/2-0.4-0.7-aime24-1-128-131072-32768

---> Starting run: seed=3 (4/16)
Skipping run, results found in /projects/bdrx/azhang14/SoberReasoningPlus/results/temp_0.4/Qwen-Qwen3-1.7B-bfloat16-34816/3-0.4-0.7-aime24-1-128-131072-32768

---> Starting run: seed=4 (5/16)
Skipping run, results found in /projects/bdrx/azhang14/SoberReasoningPlus/results/temp_0.4/Qwen-Qwen3-1.7B-bfloat16-34816/4-0.4-0.7-aime24-1-128-131072-32768

---> Starting run: seed=5 (6/16)
Skipping run, results found in /projects/bdrx/azhang14/SoberReasoningPlus/results/temp_0.4/Qwen-Qwen3-1.7B-bfloat16-34816/5-0.4-0.7-aime24-1-128-131072-32768

---> Starting run: seed=6 (7/16)
Skipping run, results found in /projects/bdrx/azhang14/SoberReasoningPlus/results/temp_0.4/Qwen-Qwen3-1.7B-bfloat16-34816/6-0.4-0.7-aime24-1-128-131072-32768

---> Starting run: seed=7 (8/16)
Skipping run, results found in /projects/bdrx/azhang14/SoberReasoningPlus/results/temp_0.4/Qwen-Qwen3-1.7B-bfloat16-34816/7-0.4-0.7-aime24-1-128-131072-32768

---> Starting run: seed=8 (9/16)
Skipping run, results found in /projects/bdrx/azhang14/SoberReasoningPlus/results/temp_0.4/Qwen-Qwen3-1.7B-bfloat16-34816/8-0.4-0.7-aime24-1-128-131072-32768

---> Starting run: seed=9 (10/16)
Skipping run, results found in /projects/bdrx/azhang14/SoberReasoningPlus/results/temp_0.4/Qwen-Qwen3-1.7B-bfloat16-34816/9-0.4-0.7-aime24-1-128-131072-32768

---> Starting run: seed=10 (11/16)
Skipping run, results found in /projects/bdrx/azhang14/SoberReasoningPlus/results/temp_0.4/Qwen-Qwen3-1.7B-bfloat16-34816/10-0.4-0.7-aime24-1-128-131072-32768

---> Starting run: seed=11 (12/16)
Skipping run, results found in /projects/bdrx/azhang14/SoberReasoningPlus/results/temp_0.4/Qwen-Qwen3-1.7B-bfloat16-34816/11-0.4-0.7-aime24-1-128-131072-32768

---> Starting run: seed=12 (13/16)
Skipping run, results found in /projects/bdrx/azhang14/SoberReasoningPlus/results/temp_0.4/Qwen-Qwen3-1.7B-bfloat16-34816/12-0.4-0.7-aime24-1-128-131072-32768

---> Starting run: seed=13 (14/16)
Skipping run, results found in /projects/bdrx/azhang14/SoberReasoningPlus/results/temp_0.4/Qwen-Qwen3-1.7B-bfloat16-34816/13-0.4-0.7-aime24-1-128-131072-32768

---> Starting run: seed=14 (15/16)
Skipping run, results found in /projects/bdrx/azhang14/SoberReasoningPlus/results/temp_0.4/Qwen-Qwen3-1.7B-bfloat16-34816/14-0.4-0.7-aime24-1-128-131072-32768

---> Starting run: seed=15 (16/16)
Skipping run, results found in /projects/bdrx/azhang14/SoberReasoningPlus/results/temp_0.4/Qwen-Qwen3-1.7B-bfloat16-34816/15-0.4-0.7-aime24-1-128-131072-32768
Running evaluation for task: custom|aime25|0|0, temperature: 0.4, top_p: 0.7, num_seeds: 16

---> Starting run: seed=0 (1/16)
Skipping run, results found in /projects/bdrx/azhang14/SoberReasoningPlus/results/temp_0.4/Qwen-Qwen3-1.7B-bfloat16-34816/0-0.4-0.7-aime25-1-128-131072-32768

---> Starting run: seed=1 (2/16)
Skipping run, results found in /projects/bdrx/azhang14/SoberReasoningPlus/results/temp_0.4/Qwen-Qwen3-1.7B-bfloat16-34816/1-0.4-0.7-aime25-1-128-131072-32768

---> Starting run: seed=2 (3/16)
Skipping run, results found in /projects/bdrx/azhang14/SoberReasoningPlus/results/temp_0.4/Qwen-Qwen3-1.7B-bfloat16-34816/2-0.4-0.7-aime25-1-128-131072-32768

---> Starting run: seed=3 (4/16)
Skipping run, results found in /projects/bdrx/azhang14/SoberReasoningPlus/results/temp_0.4/Qwen-Qwen3-1.7B-bfloat16-34816/3-0.4-0.7-aime25-1-128-131072-32768

---> Starting run: seed=4 (5/16)
Skipping run, results found in /projects/bdrx/azhang14/SoberReasoningPlus/results/temp_0.4/Qwen-Qwen3-1.7B-bfloat16-34816/4-0.4-0.7-aime25-1-128-131072-32768

---> Starting run: seed=5 (6/16)
Skipping run, results found in /projects/bdrx/azhang14/SoberReasoningPlus/results/temp_0.4/Qwen-Qwen3-1.7B-bfloat16-34816/5-0.4-0.7-aime25-1-128-131072-32768

---> Starting run: seed=6 (7/16)
Skipping run, results found in /projects/bdrx/azhang14/SoberReasoningPlus/results/temp_0.4/Qwen-Qwen3-1.7B-bfloat16-34816/6-0.4-0.7-aime25-1-128-131072-32768

---> Starting run: seed=7 (8/16)
Skipping run, results found in /projects/bdrx/azhang14/SoberReasoningPlus/results/temp_0.4/Qwen-Qwen3-1.7B-bfloat16-34816/7-0.4-0.7-aime25-1-128-131072-32768

---> Starting run: seed=8 (9/16)
Skipping run, results found in /projects/bdrx/azhang14/SoberReasoningPlus/results/temp_0.4/Qwen-Qwen3-1.7B-bfloat16-34816/8-0.4-0.7-aime25-1-128-131072-32768

---> Starting run: seed=9 (10/16)
Skipping run, results found in /projects/bdrx/azhang14/SoberReasoningPlus/results/temp_0.4/Qwen-Qwen3-1.7B-bfloat16-34816/9-0.4-0.7-aime25-1-128-131072-32768

---> Starting run: seed=10 (11/16)
Skipping run, results found in /projects/bdrx/azhang14/SoberReasoningPlus/results/temp_0.4/Qwen-Qwen3-1.7B-bfloat16-34816/10-0.4-0.7-aime25-1-128-131072-32768

---> Starting run: seed=11 (12/16)
Skipping run, results found in /projects/bdrx/azhang14/SoberReasoningPlus/results/temp_0.4/Qwen-Qwen3-1.7B-bfloat16-34816/11-0.4-0.7-aime25-1-128-131072-32768

---> Starting run: seed=12 (13/16)
Skipping run, results found in /projects/bdrx/azhang14/SoberReasoningPlus/results/temp_0.4/Qwen-Qwen3-1.7B-bfloat16-34816/12-0.4-0.7-aime25-1-128-131072-32768

---> Starting run: seed=13 (14/16)
Skipping run, results found in /projects/bdrx/azhang14/SoberReasoningPlus/results/temp_0.4/Qwen-Qwen3-1.7B-bfloat16-34816/13-0.4-0.7-aime25-1-128-131072-32768

---> Starting run: seed=14 (15/16)
Skipping run, results found in /projects/bdrx/azhang14/SoberReasoningPlus/results/temp_0.4/Qwen-Qwen3-1.7B-bfloat16-34816/14-0.4-0.7-aime25-1-128-131072-32768

---> Starting run: seed=15 (16/16)
Skipping run, results found in /projects/bdrx/azhang14/SoberReasoningPlus/results/temp_0.4/Qwen-Qwen3-1.7B-bfloat16-34816/15-0.4-0.7-aime25-1-128-131072-32768
Running evaluation for task: custom|amc23|0|0, temperature: 0.4, top_p: 0.7, num_seeds: 16

---> Starting run: seed=0 (1/16)
Skipping run, results found in /projects/bdrx/azhang14/SoberReasoningPlus/results/temp_0.4/Qwen-Qwen3-1.7B-bfloat16-34816/0-0.4-0.7-amc23-1-128-131072-32768

---> Starting run: seed=1 (2/16)
Skipping run, results found in /projects/bdrx/azhang14/SoberReasoningPlus/results/temp_0.4/Qwen-Qwen3-1.7B-bfloat16-34816/1-0.4-0.7-amc23-1-128-131072-32768

---> Starting run: seed=2 (3/16)
Skipping run, results found in /projects/bdrx/azhang14/SoberReasoningPlus/results/temp_0.4/Qwen-Qwen3-1.7B-bfloat16-34816/2-0.4-0.7-amc23-1-128-131072-32768

---> Starting run: seed=3 (4/16)
Skipping run, results found in /projects/bdrx/azhang14/SoberReasoningPlus/results/temp_0.4/Qwen-Qwen3-1.7B-bfloat16-34816/3-0.4-0.7-amc23-1-128-131072-32768

---> Starting run: seed=4 (5/16)
Skipping run, results found in /projects/bdrx/azhang14/SoberReasoningPlus/results/temp_0.4/Qwen-Qwen3-1.7B-bfloat16-34816/4-0.4-0.7-amc23-1-128-131072-32768

---> Starting run: seed=5 (6/16)
Skipping run, results found in /projects/bdrx/azhang14/SoberReasoningPlus/results/temp_0.4/Qwen-Qwen3-1.7B-bfloat16-34816/5-0.4-0.7-amc23-1-128-131072-32768

---> Starting run: seed=6 (7/16)
Skipping run, results found in /projects/bdrx/azhang14/SoberReasoningPlus/results/temp_0.4/Qwen-Qwen3-1.7B-bfloat16-34816/6-0.4-0.7-amc23-1-128-131072-32768

---> Starting run: seed=7 (8/16)
Skipping run, results found in /projects/bdrx/azhang14/SoberReasoningPlus/results/temp_0.4/Qwen-Qwen3-1.7B-bfloat16-34816/7-0.4-0.7-amc23-1-128-131072-32768

---> Starting run: seed=8 (9/16)
Skipping run, results found in /projects/bdrx/azhang14/SoberReasoningPlus/results/temp_0.4/Qwen-Qwen3-1.7B-bfloat16-34816/8-0.4-0.7-amc23-1-128-131072-32768

---> Starting run: seed=9 (10/16)
Skipping run, results found in /projects/bdrx/azhang14/SoberReasoningPlus/results/temp_0.4/Qwen-Qwen3-1.7B-bfloat16-34816/9-0.4-0.7-amc23-1-128-131072-32768

---> Starting run: seed=10 (11/16)
Skipping run, results found in /projects/bdrx/azhang14/SoberReasoningPlus/results/temp_0.4/Qwen-Qwen3-1.7B-bfloat16-34816/10-0.4-0.7-amc23-1-128-131072-32768

---> Starting run: seed=11 (12/16)
Skipping run, results found in /projects/bdrx/azhang14/SoberReasoningPlus/results/temp_0.4/Qwen-Qwen3-1.7B-bfloat16-34816/11-0.4-0.7-amc23-1-128-131072-32768

---> Starting run: seed=12 (13/16)
Skipping run, results found in /projects/bdrx/azhang14/SoberReasoningPlus/results/temp_0.4/Qwen-Qwen3-1.7B-bfloat16-34816/12-0.4-0.7-amc23-1-128-131072-32768

---> Starting run: seed=13 (14/16)
Skipping run, results found in /projects/bdrx/azhang14/SoberReasoningPlus/results/temp_0.4/Qwen-Qwen3-1.7B-bfloat16-34816/13-0.4-0.7-amc23-1-128-131072-32768

---> Starting run: seed=14 (15/16)
Skipping run, results found in /projects/bdrx/azhang14/SoberReasoningPlus/results/temp_0.4/Qwen-Qwen3-1.7B-bfloat16-34816/14-0.4-0.7-amc23-1-128-131072-32768

---> Starting run: seed=15 (16/16)
Skipping run, results found in /projects/bdrx/azhang14/SoberReasoningPlus/results/temp_0.4/Qwen-Qwen3-1.7B-bfloat16-34816/15-0.4-0.7-amc23-1-128-131072-32768
Running evaluation for task: custom|math_500|0|0, temperature: 0.4, top_p: 0.7, num_seeds: 3

---> Starting run: seed=0 (1/3)
Skipping run, results found in /projects/bdrx/azhang14/SoberReasoningPlus/results/temp_0.4/Qwen-Qwen3-1.7B-bfloat16-34816/0-0.4-0.7-math_500-1-128-131072-32768

---> Starting run: seed=1 (2/3)
Skipping run, results found in /projects/bdrx/azhang14/SoberReasoningPlus/results/temp_0.4/Qwen-Qwen3-1.7B-bfloat16-34816/1-0.4-0.7-math_500-1-128-131072-32768

---> Starting run: seed=2 (3/3)
Skipping run, results found in /projects/bdrx/azhang14/SoberReasoningPlus/results/temp_0.4/Qwen-Qwen3-1.7B-bfloat16-34816/2-0.4-0.7-math_500-1-128-131072-32768
Running evaluation for task: custom|minerva|0|0, temperature: 0.4, top_p: 0.7, num_seeds: 3

---> Starting run: seed=0 (1/3)
Skipping run, results found in /projects/bdrx/azhang14/SoberReasoningPlus/results/temp_0.4/Qwen-Qwen3-1.7B-bfloat16-34816/0-0.4-0.7-minerva-1-128-131072-32768

---> Starting run: seed=1 (2/3)
Skipping run, results found in /projects/bdrx/azhang14/SoberReasoningPlus/results/temp_0.4/Qwen-Qwen3-1.7B-bfloat16-34816/1-0.4-0.7-minerva-1-128-131072-32768

---> Starting run: seed=2 (3/3)
Skipping run, results found in /projects/bdrx/azhang14/SoberReasoningPlus/results/temp_0.4/Qwen-Qwen3-1.7B-bfloat16-34816/2-0.4-0.7-minerva-1-128-131072-32768
Running evaluation for task: custom|olympiadbench|0|0, temperature: 0.4, top_p: 0.7, num_seeds: 3

---> Starting run: seed=0 (1/3)
Skipping run, results found in /projects/bdrx/azhang14/SoberReasoningPlus/results/temp_0.4/Qwen-Qwen3-1.7B-bfloat16-34816/0-0.4-0.7-olympiadbench-1-128-131072-32768

---> Starting run: seed=1 (2/3)
Skipping run, results found in /projects/bdrx/azhang14/SoberReasoningPlus/results/temp_0.4/Qwen-Qwen3-1.7B-bfloat16-34816/1-0.4-0.7-olympiadbench-1-128-131072-32768

---> Starting run: seed=2 (3/3)
Skipping run, results found in /projects/bdrx/azhang14/SoberReasoningPlus/results/temp_0.4/Qwen-Qwen3-1.7B-bfloat16-34816/2-0.4-0.7-olympiadbench-1-128-131072-32768
Running evaluation for task: custom|aime24|0|0, temperature: 0.4, top_p: 0.8, num_seeds: 16

---> Starting run: seed=0 (1/16)
Skipping run, results found in /projects/bdrx/azhang14/SoberReasoningPlus/results/temp_0.4/Qwen-Qwen3-1.7B-bfloat16-34816/0-0.4-0.8-aime24-1-128-131072-32768

---> Starting run: seed=1 (2/16)
Skipping run, results found in /projects/bdrx/azhang14/SoberReasoningPlus/results/temp_0.4/Qwen-Qwen3-1.7B-bfloat16-34816/1-0.4-0.8-aime24-1-128-131072-32768

---> Starting run: seed=2 (3/16)
Skipping run, results found in /projects/bdrx/azhang14/SoberReasoningPlus/results/temp_0.4/Qwen-Qwen3-1.7B-bfloat16-34816/2-0.4-0.8-aime24-1-128-131072-32768

---> Starting run: seed=3 (4/16)
Skipping run, results found in /projects/bdrx/azhang14/SoberReasoningPlus/results/temp_0.4/Qwen-Qwen3-1.7B-bfloat16-34816/3-0.4-0.8-aime24-1-128-131072-32768

---> Starting run: seed=4 (5/16)
Skipping run, results found in /projects/bdrx/azhang14/SoberReasoningPlus/results/temp_0.4/Qwen-Qwen3-1.7B-bfloat16-34816/4-0.4-0.8-aime24-1-128-131072-32768

---> Starting run: seed=5 (6/16)
Skipping run, results found in /projects/bdrx/azhang14/SoberReasoningPlus/results/temp_0.4/Qwen-Qwen3-1.7B-bfloat16-34816/5-0.4-0.8-aime24-1-128-131072-32768

---> Starting run: seed=6 (7/16)
Skipping run, results found in /projects/bdrx/azhang14/SoberReasoningPlus/results/temp_0.4/Qwen-Qwen3-1.7B-bfloat16-34816/6-0.4-0.8-aime24-1-128-131072-32768

---> Starting run: seed=7 (8/16)
Skipping run, results found in /projects/bdrx/azhang14/SoberReasoningPlus/results/temp_0.4/Qwen-Qwen3-1.7B-bfloat16-34816/7-0.4-0.8-aime24-1-128-131072-32768

---> Starting run: seed=8 (9/16)
Skipping run, results found in /projects/bdrx/azhang14/SoberReasoningPlus/results/temp_0.4/Qwen-Qwen3-1.7B-bfloat16-34816/8-0.4-0.8-aime24-1-128-131072-32768

---> Starting run: seed=9 (10/16)
Skipping run, results found in /projects/bdrx/azhang14/SoberReasoningPlus/results/temp_0.4/Qwen-Qwen3-1.7B-bfloat16-34816/9-0.4-0.8-aime24-1-128-131072-32768

---> Starting run: seed=10 (11/16)
Skipping run, results found in /projects/bdrx/azhang14/SoberReasoningPlus/results/temp_0.4/Qwen-Qwen3-1.7B-bfloat16-34816/10-0.4-0.8-aime24-1-128-131072-32768

---> Starting run: seed=11 (12/16)
Skipping run, results found in /projects/bdrx/azhang14/SoberReasoningPlus/results/temp_0.4/Qwen-Qwen3-1.7B-bfloat16-34816/11-0.4-0.8-aime24-1-128-131072-32768

---> Starting run: seed=12 (13/16)
Skipping run, results found in /projects/bdrx/azhang14/SoberReasoningPlus/results/temp_0.4/Qwen-Qwen3-1.7B-bfloat16-34816/12-0.4-0.8-aime24-1-128-131072-32768

---> Starting run: seed=13 (14/16)
Skipping run, results found in /projects/bdrx/azhang14/SoberReasoningPlus/results/temp_0.4/Qwen-Qwen3-1.7B-bfloat16-34816/13-0.4-0.8-aime24-1-128-131072-32768

---> Starting run: seed=14 (15/16)
Skipping run, results found in /projects/bdrx/azhang14/SoberReasoningPlus/results/temp_0.4/Qwen-Qwen3-1.7B-bfloat16-34816/14-0.4-0.8-aime24-1-128-131072-32768

---> Starting run: seed=15 (16/16)
Skipping run, results found in /projects/bdrx/azhang14/SoberReasoningPlus/results/temp_0.4/Qwen-Qwen3-1.7B-bfloat16-34816/15-0.4-0.8-aime24-1-128-131072-32768
Running evaluation for task: custom|aime25|0|0, temperature: 0.4, top_p: 0.8, num_seeds: 16

---> Starting run: seed=0 (1/16)
Skipping run, results found in /projects/bdrx/azhang14/SoberReasoningPlus/results/temp_0.4/Qwen-Qwen3-1.7B-bfloat16-34816/0-0.4-0.8-aime25-1-128-131072-32768

---> Starting run: seed=1 (2/16)
Skipping run, results found in /projects/bdrx/azhang14/SoberReasoningPlus/results/temp_0.4/Qwen-Qwen3-1.7B-bfloat16-34816/1-0.4-0.8-aime25-1-128-131072-32768

---> Starting run: seed=2 (3/16)
Skipping run, results found in /projects/bdrx/azhang14/SoberReasoningPlus/results/temp_0.4/Qwen-Qwen3-1.7B-bfloat16-34816/2-0.4-0.8-aime25-1-128-131072-32768

---> Starting run: seed=3 (4/16)
Skipping run, results found in /projects/bdrx/azhang14/SoberReasoningPlus/results/temp_0.4/Qwen-Qwen3-1.7B-bfloat16-34816/3-0.4-0.8-aime25-1-128-131072-32768

---> Starting run: seed=4 (5/16)
Skipping run, results found in /projects/bdrx/azhang14/SoberReasoningPlus/results/temp_0.4/Qwen-Qwen3-1.7B-bfloat16-34816/4-0.4-0.8-aime25-1-128-131072-32768

---> Starting run: seed=5 (6/16)
Skipping run, results found in /projects/bdrx/azhang14/SoberReasoningPlus/results/temp_0.4/Qwen-Qwen3-1.7B-bfloat16-34816/5-0.4-0.8-aime25-1-128-131072-32768

---> Starting run: seed=6 (7/16)
Skipping run, results found in /projects/bdrx/azhang14/SoberReasoningPlus/results/temp_0.4/Qwen-Qwen3-1.7B-bfloat16-34816/6-0.4-0.8-aime25-1-128-131072-32768

---> Starting run: seed=7 (8/16)
Skipping run, results found in /projects/bdrx/azhang14/SoberReasoningPlus/results/temp_0.4/Qwen-Qwen3-1.7B-bfloat16-34816/7-0.4-0.8-aime25-1-128-131072-32768

---> Starting run: seed=8 (9/16)
Skipping run, results found in /projects/bdrx/azhang14/SoberReasoningPlus/results/temp_0.4/Qwen-Qwen3-1.7B-bfloat16-34816/8-0.4-0.8-aime25-1-128-131072-32768

---> Starting run: seed=9 (10/16)
Skipping run, results found in /projects/bdrx/azhang14/SoberReasoningPlus/results/temp_0.4/Qwen-Qwen3-1.7B-bfloat16-34816/9-0.4-0.8-aime25-1-128-131072-32768

---> Starting run: seed=10 (11/16)
Skipping run, results found in /projects/bdrx/azhang14/SoberReasoningPlus/results/temp_0.4/Qwen-Qwen3-1.7B-bfloat16-34816/10-0.4-0.8-aime25-1-128-131072-32768

---> Starting run: seed=11 (12/16)
Skipping run, results found in /projects/bdrx/azhang14/SoberReasoningPlus/results/temp_0.4/Qwen-Qwen3-1.7B-bfloat16-34816/11-0.4-0.8-aime25-1-128-131072-32768

---> Starting run: seed=12 (13/16)
Skipping run, results found in /projects/bdrx/azhang14/SoberReasoningPlus/results/temp_0.4/Qwen-Qwen3-1.7B-bfloat16-34816/12-0.4-0.8-aime25-1-128-131072-32768

---> Starting run: seed=13 (14/16)
Skipping run, results found in /projects/bdrx/azhang14/SoberReasoningPlus/results/temp_0.4/Qwen-Qwen3-1.7B-bfloat16-34816/13-0.4-0.8-aime25-1-128-131072-32768

---> Starting run: seed=14 (15/16)
Skipping run, results found in /projects/bdrx/azhang14/SoberReasoningPlus/results/temp_0.4/Qwen-Qwen3-1.7B-bfloat16-34816/14-0.4-0.8-aime25-1-128-131072-32768

---> Starting run: seed=15 (16/16)
Skipping run, results found in /projects/bdrx/azhang14/SoberReasoningPlus/results/temp_0.4/Qwen-Qwen3-1.7B-bfloat16-34816/15-0.4-0.8-aime25-1-128-131072-32768
Running evaluation for task: custom|amc23|0|0, temperature: 0.4, top_p: 0.8, num_seeds: 16

---> Starting run: seed=0 (1/16)
Skipping run, results found in /projects/bdrx/azhang14/SoberReasoningPlus/results/temp_0.4/Qwen-Qwen3-1.7B-bfloat16-34816/0-0.4-0.8-amc23-1-128-131072-32768

---> Starting run: seed=1 (2/16)
Skipping run, results found in /projects/bdrx/azhang14/SoberReasoningPlus/results/temp_0.4/Qwen-Qwen3-1.7B-bfloat16-34816/1-0.4-0.8-amc23-1-128-131072-32768

---> Starting run: seed=2 (3/16)
Skipping run, results found in /projects/bdrx/azhang14/SoberReasoningPlus/results/temp_0.4/Qwen-Qwen3-1.7B-bfloat16-34816/2-0.4-0.8-amc23-1-128-131072-32768

---> Starting run: seed=3 (4/16)
Skipping run, results found in /projects/bdrx/azhang14/SoberReasoningPlus/results/temp_0.4/Qwen-Qwen3-1.7B-bfloat16-34816/3-0.4-0.8-amc23-1-128-131072-32768

---> Starting run: seed=4 (5/16)
Skipping run, results found in /projects/bdrx/azhang14/SoberReasoningPlus/results/temp_0.4/Qwen-Qwen3-1.7B-bfloat16-34816/4-0.4-0.8-amc23-1-128-131072-32768

---> Starting run: seed=5 (6/16)
Skipping run, results found in /projects/bdrx/azhang14/SoberReasoningPlus/results/temp_0.4/Qwen-Qwen3-1.7B-bfloat16-34816/5-0.4-0.8-amc23-1-128-131072-32768

---> Starting run: seed=6 (7/16)
Skipping run, results found in /projects/bdrx/azhang14/SoberReasoningPlus/results/temp_0.4/Qwen-Qwen3-1.7B-bfloat16-34816/6-0.4-0.8-amc23-1-128-131072-32768

---> Starting run: seed=7 (8/16)
Skipping run, results found in /projects/bdrx/azhang14/SoberReasoningPlus/results/temp_0.4/Qwen-Qwen3-1.7B-bfloat16-34816/7-0.4-0.8-amc23-1-128-131072-32768

---> Starting run: seed=8 (9/16)
Skipping run, results found in /projects/bdrx/azhang14/SoberReasoningPlus/results/temp_0.4/Qwen-Qwen3-1.7B-bfloat16-34816/8-0.4-0.8-amc23-1-128-131072-32768

---> Starting run: seed=9 (10/16)
Skipping run, results found in /projects/bdrx/azhang14/SoberReasoningPlus/results/temp_0.4/Qwen-Qwen3-1.7B-bfloat16-34816/9-0.4-0.8-amc23-1-128-131072-32768

---> Starting run: seed=10 (11/16)
Skipping run, results found in /projects/bdrx/azhang14/SoberReasoningPlus/results/temp_0.4/Qwen-Qwen3-1.7B-bfloat16-34816/10-0.4-0.8-amc23-1-128-131072-32768

---> Starting run: seed=11 (12/16)
Skipping run, results found in /projects/bdrx/azhang14/SoberReasoningPlus/results/temp_0.4/Qwen-Qwen3-1.7B-bfloat16-34816/11-0.4-0.8-amc23-1-128-131072-32768

---> Starting run: seed=12 (13/16)
Skipping run, results found in /projects/bdrx/azhang14/SoberReasoningPlus/results/temp_0.4/Qwen-Qwen3-1.7B-bfloat16-34816/12-0.4-0.8-amc23-1-128-131072-32768

---> Starting run: seed=13 (14/16)
Skipping run, results found in /projects/bdrx/azhang14/SoberReasoningPlus/results/temp_0.4/Qwen-Qwen3-1.7B-bfloat16-34816/13-0.4-0.8-amc23-1-128-131072-32768

---> Starting run: seed=14 (15/16)
Skipping run, results found in /projects/bdrx/azhang14/SoberReasoningPlus/results/temp_0.4/Qwen-Qwen3-1.7B-bfloat16-34816/14-0.4-0.8-amc23-1-128-131072-32768

---> Starting run: seed=15 (16/16)
Skipping run, results found in /projects/bdrx/azhang14/SoberReasoningPlus/results/temp_0.4/Qwen-Qwen3-1.7B-bfloat16-34816/15-0.4-0.8-amc23-1-128-131072-32768
Running evaluation for task: custom|math_500|0|0, temperature: 0.4, top_p: 0.8, num_seeds: 3

---> Starting run: seed=0 (1/3)
Skipping run, results found in /projects/bdrx/azhang14/SoberReasoningPlus/results/temp_0.4/Qwen-Qwen3-1.7B-bfloat16-34816/0-0.4-0.8-math_500-1-128-131072-32768

---> Starting run: seed=1 (2/3)
Skipping run, results found in /projects/bdrx/azhang14/SoberReasoningPlus/results/temp_0.4/Qwen-Qwen3-1.7B-bfloat16-34816/1-0.4-0.8-math_500-1-128-131072-32768

---> Starting run: seed=2 (3/3)
Skipping run, results found in /projects/bdrx/azhang14/SoberReasoningPlus/results/temp_0.4/Qwen-Qwen3-1.7B-bfloat16-34816/2-0.4-0.8-math_500-1-128-131072-32768
Running evaluation for task: custom|minerva|0|0, temperature: 0.4, top_p: 0.8, num_seeds: 3

---> Starting run: seed=0 (1/3)
Skipping run, results found in /projects/bdrx/azhang14/SoberReasoningPlus/results/temp_0.4/Qwen-Qwen3-1.7B-bfloat16-34816/0-0.4-0.8-minerva-1-128-131072-32768

---> Starting run: seed=1 (2/3)
Skipping run, results found in /projects/bdrx/azhang14/SoberReasoningPlus/results/temp_0.4/Qwen-Qwen3-1.7B-bfloat16-34816/1-0.4-0.8-minerva-1-128-131072-32768

---> Starting run: seed=2 (3/3)
Skipping run, results found in /projects/bdrx/azhang14/SoberReasoningPlus/results/temp_0.4/Qwen-Qwen3-1.7B-bfloat16-34816/2-0.4-0.8-minerva-1-128-131072-32768
Running evaluation for task: custom|olympiadbench|0|0, temperature: 0.4, top_p: 0.8, num_seeds: 3

---> Starting run: seed=0 (1/3)
Skipping run, results found in /projects/bdrx/azhang14/SoberReasoningPlus/results/temp_0.4/Qwen-Qwen3-1.7B-bfloat16-34816/0-0.4-0.8-olympiadbench-1-128-131072-32768

---> Starting run: seed=1 (2/3)
Skipping run, results found in /projects/bdrx/azhang14/SoberReasoningPlus/results/temp_0.4/Qwen-Qwen3-1.7B-bfloat16-34816/1-0.4-0.8-olympiadbench-1-128-131072-32768

---> Starting run: seed=2 (3/3)
Skipping run, results found in /projects/bdrx/azhang14/SoberReasoningPlus/results/temp_0.4/Qwen-Qwen3-1.7B-bfloat16-34816/2-0.4-0.8-olympiadbench-1-128-131072-32768
Running evaluation for task: custom|aime24|0|0, temperature: 0.4, top_p: 0.9, num_seeds: 16

---> Starting run: seed=0 (1/16)
Skipping run, results found in /projects/bdrx/azhang14/SoberReasoningPlus/results/temp_0.4/Qwen-Qwen3-1.7B-bfloat16-34816/0-0.4-0.9-aime24-1-128-131072-32768

---> Starting run: seed=1 (2/16)
Skipping run, results found in /projects/bdrx/azhang14/SoberReasoningPlus/results/temp_0.4/Qwen-Qwen3-1.7B-bfloat16-34816/1-0.4-0.9-aime24-1-128-131072-32768

---> Starting run: seed=2 (3/16)
Skipping run, results found in /projects/bdrx/azhang14/SoberReasoningPlus/results/temp_0.4/Qwen-Qwen3-1.7B-bfloat16-34816/2-0.4-0.9-aime24-1-128-131072-32768

---> Starting run: seed=3 (4/16)
Skipping run, results found in /projects/bdrx/azhang14/SoberReasoningPlus/results/temp_0.4/Qwen-Qwen3-1.7B-bfloat16-34816/3-0.4-0.9-aime24-1-128-131072-32768

---> Starting run: seed=4 (5/16)
Skipping run, results found in /projects/bdrx/azhang14/SoberReasoningPlus/results/temp_0.4/Qwen-Qwen3-1.7B-bfloat16-34816/4-0.4-0.9-aime24-1-128-131072-32768

---> Starting run: seed=5 (6/16)
Skipping run, results found in /projects/bdrx/azhang14/SoberReasoningPlus/results/temp_0.4/Qwen-Qwen3-1.7B-bfloat16-34816/5-0.4-0.9-aime24-1-128-131072-32768

---> Starting run: seed=6 (7/16)
Skipping run, results found in /projects/bdrx/azhang14/SoberReasoningPlus/results/temp_0.4/Qwen-Qwen3-1.7B-bfloat16-34816/6-0.4-0.9-aime24-1-128-131072-32768

---> Starting run: seed=7 (8/16)
Skipping run, results found in /projects/bdrx/azhang14/SoberReasoningPlus/results/temp_0.4/Qwen-Qwen3-1.7B-bfloat16-34816/7-0.4-0.9-aime24-1-128-131072-32768

---> Starting run: seed=8 (9/16)
Skipping run, results found in /projects/bdrx/azhang14/SoberReasoningPlus/results/temp_0.4/Qwen-Qwen3-1.7B-bfloat16-34816/8-0.4-0.9-aime24-1-128-131072-32768

---> Starting run: seed=9 (10/16)
Skipping run, results found in /projects/bdrx/azhang14/SoberReasoningPlus/results/temp_0.4/Qwen-Qwen3-1.7B-bfloat16-34816/9-0.4-0.9-aime24-1-128-131072-32768

---> Starting run: seed=10 (11/16)
Skipping run, results found in /projects/bdrx/azhang14/SoberReasoningPlus/results/temp_0.4/Qwen-Qwen3-1.7B-bfloat16-34816/10-0.4-0.9-aime24-1-128-131072-32768

---> Starting run: seed=11 (12/16)
Skipping run, results found in /projects/bdrx/azhang14/SoberReasoningPlus/results/temp_0.4/Qwen-Qwen3-1.7B-bfloat16-34816/11-0.4-0.9-aime24-1-128-131072-32768

---> Starting run: seed=12 (13/16)
Skipping run, results found in /projects/bdrx/azhang14/SoberReasoningPlus/results/temp_0.4/Qwen-Qwen3-1.7B-bfloat16-34816/12-0.4-0.9-aime24-1-128-131072-32768

---> Starting run: seed=13 (14/16)
Skipping run, results found in /projects/bdrx/azhang14/SoberReasoningPlus/results/temp_0.4/Qwen-Qwen3-1.7B-bfloat16-34816/13-0.4-0.9-aime24-1-128-131072-32768

---> Starting run: seed=14 (15/16)
Skipping run, results found in /projects/bdrx/azhang14/SoberReasoningPlus/results/temp_0.4/Qwen-Qwen3-1.7B-bfloat16-34816/14-0.4-0.9-aime24-1-128-131072-32768

---> Starting run: seed=15 (16/16)
Skipping run, results found in /projects/bdrx/azhang14/SoberReasoningPlus/results/temp_0.4/Qwen-Qwen3-1.7B-bfloat16-34816/15-0.4-0.9-aime24-1-128-131072-32768
Running evaluation for task: custom|aime25|0|0, temperature: 0.4, top_p: 0.9, num_seeds: 16

---> Starting run: seed=0 (1/16)
Skipping run, results found in /projects/bdrx/azhang14/SoberReasoningPlus/results/temp_0.4/Qwen-Qwen3-1.7B-bfloat16-34816/0-0.4-0.9-aime25-1-128-131072-32768

---> Starting run: seed=1 (2/16)
Skipping run, results found in /projects/bdrx/azhang14/SoberReasoningPlus/results/temp_0.4/Qwen-Qwen3-1.7B-bfloat16-34816/1-0.4-0.9-aime25-1-128-131072-32768

---> Starting run: seed=2 (3/16)
Skipping run, results found in /projects/bdrx/azhang14/SoberReasoningPlus/results/temp_0.4/Qwen-Qwen3-1.7B-bfloat16-34816/2-0.4-0.9-aime25-1-128-131072-32768

---> Starting run: seed=3 (4/16)
Skipping run, results found in /projects/bdrx/azhang14/SoberReasoningPlus/results/temp_0.4/Qwen-Qwen3-1.7B-bfloat16-34816/3-0.4-0.9-aime25-1-128-131072-32768

---> Starting run: seed=4 (5/16)
Skipping run, results found in /projects/bdrx/azhang14/SoberReasoningPlus/results/temp_0.4/Qwen-Qwen3-1.7B-bfloat16-34816/4-0.4-0.9-aime25-1-128-131072-32768

---> Starting run: seed=5 (6/16)
Skipping run, results found in /projects/bdrx/azhang14/SoberReasoningPlus/results/temp_0.4/Qwen-Qwen3-1.7B-bfloat16-34816/5-0.4-0.9-aime25-1-128-131072-32768

---> Starting run: seed=6 (7/16)
Skipping run, results found in /projects/bdrx/azhang14/SoberReasoningPlus/results/temp_0.4/Qwen-Qwen3-1.7B-bfloat16-34816/6-0.4-0.9-aime25-1-128-131072-32768

---> Starting run: seed=7 (8/16)
Skipping run, results found in /projects/bdrx/azhang14/SoberReasoningPlus/results/temp_0.4/Qwen-Qwen3-1.7B-bfloat16-34816/7-0.4-0.9-aime25-1-128-131072-32768

---> Starting run: seed=8 (9/16)
Skipping run, results found in /projects/bdrx/azhang14/SoberReasoningPlus/results/temp_0.4/Qwen-Qwen3-1.7B-bfloat16-34816/8-0.4-0.9-aime25-1-128-131072-32768

---> Starting run: seed=9 (10/16)
Skipping run, results found in /projects/bdrx/azhang14/SoberReasoningPlus/results/temp_0.4/Qwen-Qwen3-1.7B-bfloat16-34816/9-0.4-0.9-aime25-1-128-131072-32768

---> Starting run: seed=10 (11/16)
Skipping run, results found in /projects/bdrx/azhang14/SoberReasoningPlus/results/temp_0.4/Qwen-Qwen3-1.7B-bfloat16-34816/10-0.4-0.9-aime25-1-128-131072-32768

---> Starting run: seed=11 (12/16)
Skipping run, results found in /projects/bdrx/azhang14/SoberReasoningPlus/results/temp_0.4/Qwen-Qwen3-1.7B-bfloat16-34816/11-0.4-0.9-aime25-1-128-131072-32768

---> Starting run: seed=12 (13/16)
Skipping run, results found in /projects/bdrx/azhang14/SoberReasoningPlus/results/temp_0.4/Qwen-Qwen3-1.7B-bfloat16-34816/12-0.4-0.9-aime25-1-128-131072-32768

---> Starting run: seed=13 (14/16)
Skipping run, results found in /projects/bdrx/azhang14/SoberReasoningPlus/results/temp_0.4/Qwen-Qwen3-1.7B-bfloat16-34816/13-0.4-0.9-aime25-1-128-131072-32768

---> Starting run: seed=14 (15/16)
Skipping run, results found in /projects/bdrx/azhang14/SoberReasoningPlus/results/temp_0.4/Qwen-Qwen3-1.7B-bfloat16-34816/14-0.4-0.9-aime25-1-128-131072-32768

---> Starting run: seed=15 (16/16)
Skipping run, results found in /projects/bdrx/azhang14/SoberReasoningPlus/results/temp_0.4/Qwen-Qwen3-1.7B-bfloat16-34816/15-0.4-0.9-aime25-1-128-131072-32768
Running evaluation for task: custom|amc23|0|0, temperature: 0.4, top_p: 0.9, num_seeds: 16

---> Starting run: seed=0 (1/16)
Skipping run, results found in /projects/bdrx/azhang14/SoberReasoningPlus/results/temp_0.4/Qwen-Qwen3-1.7B-bfloat16-34816/0-0.4-0.9-amc23-1-128-131072-32768

---> Starting run: seed=1 (2/16)
Skipping run, results found in /projects/bdrx/azhang14/SoberReasoningPlus/results/temp_0.4/Qwen-Qwen3-1.7B-bfloat16-34816/1-0.4-0.9-amc23-1-128-131072-32768

---> Starting run: seed=2 (3/16)
Skipping run, results found in /projects/bdrx/azhang14/SoberReasoningPlus/results/temp_0.4/Qwen-Qwen3-1.7B-bfloat16-34816/2-0.4-0.9-amc23-1-128-131072-32768

---> Starting run: seed=3 (4/16)
Skipping run, results found in /projects/bdrx/azhang14/SoberReasoningPlus/results/temp_0.4/Qwen-Qwen3-1.7B-bfloat16-34816/3-0.4-0.9-amc23-1-128-131072-32768

---> Starting run: seed=4 (5/16)
Skipping run, results found in /projects/bdrx/azhang14/SoberReasoningPlus/results/temp_0.4/Qwen-Qwen3-1.7B-bfloat16-34816/4-0.4-0.9-amc23-1-128-131072-32768

---> Starting run: seed=5 (6/16)
Skipping run, results found in /projects/bdrx/azhang14/SoberReasoningPlus/results/temp_0.4/Qwen-Qwen3-1.7B-bfloat16-34816/5-0.4-0.9-amc23-1-128-131072-32768

---> Starting run: seed=6 (7/16)
Skipping run, results found in /projects/bdrx/azhang14/SoberReasoningPlus/results/temp_0.4/Qwen-Qwen3-1.7B-bfloat16-34816/6-0.4-0.9-amc23-1-128-131072-32768

---> Starting run: seed=7 (8/16)
Skipping run, results found in /projects/bdrx/azhang14/SoberReasoningPlus/results/temp_0.4/Qwen-Qwen3-1.7B-bfloat16-34816/7-0.4-0.9-amc23-1-128-131072-32768

---> Starting run: seed=8 (9/16)
Skipping run, results found in /projects/bdrx/azhang14/SoberReasoningPlus/results/temp_0.4/Qwen-Qwen3-1.7B-bfloat16-34816/8-0.4-0.9-amc23-1-128-131072-32768

---> Starting run: seed=9 (10/16)
Skipping run, results found in /projects/bdrx/azhang14/SoberReasoningPlus/results/temp_0.4/Qwen-Qwen3-1.7B-bfloat16-34816/9-0.4-0.9-amc23-1-128-131072-32768

---> Starting run: seed=10 (11/16)
Skipping run, results found in /projects/bdrx/azhang14/SoberReasoningPlus/results/temp_0.4/Qwen-Qwen3-1.7B-bfloat16-34816/10-0.4-0.9-amc23-1-128-131072-32768

---> Starting run: seed=11 (12/16)
Skipping run, results found in /projects/bdrx/azhang14/SoberReasoningPlus/results/temp_0.4/Qwen-Qwen3-1.7B-bfloat16-34816/11-0.4-0.9-amc23-1-128-131072-32768

---> Starting run: seed=12 (13/16)
Skipping run, results found in /projects/bdrx/azhang14/SoberReasoningPlus/results/temp_0.4/Qwen-Qwen3-1.7B-bfloat16-34816/12-0.4-0.9-amc23-1-128-131072-32768

---> Starting run: seed=13 (14/16)
Skipping run, results found in /projects/bdrx/azhang14/SoberReasoningPlus/results/temp_0.4/Qwen-Qwen3-1.7B-bfloat16-34816/13-0.4-0.9-amc23-1-128-131072-32768

---> Starting run: seed=14 (15/16)
Skipping run, results found in /projects/bdrx/azhang14/SoberReasoningPlus/results/temp_0.4/Qwen-Qwen3-1.7B-bfloat16-34816/14-0.4-0.9-amc23-1-128-131072-32768

---> Starting run: seed=15 (16/16)
Skipping run, results found in /projects/bdrx/azhang14/SoberReasoningPlus/results/temp_0.4/Qwen-Qwen3-1.7B-bfloat16-34816/15-0.4-0.9-amc23-1-128-131072-32768
Running evaluation for task: custom|math_500|0|0, temperature: 0.4, top_p: 0.9, num_seeds: 3

---> Starting run: seed=0 (1/3)
Skipping run, results found in /projects/bdrx/azhang14/SoberReasoningPlus/results/temp_0.4/Qwen-Qwen3-1.7B-bfloat16-34816/0-0.4-0.9-math_500-1-128-131072-32768

---> Starting run: seed=1 (2/3)
Skipping run, results found in /projects/bdrx/azhang14/SoberReasoningPlus/results/temp_0.4/Qwen-Qwen3-1.7B-bfloat16-34816/1-0.4-0.9-math_500-1-128-131072-32768

---> Starting run: seed=2 (3/3)
Skipping run, results found in /projects/bdrx/azhang14/SoberReasoningPlus/results/temp_0.4/Qwen-Qwen3-1.7B-bfloat16-34816/2-0.4-0.9-math_500-1-128-131072-32768
Running evaluation for task: custom|minerva|0|0, temperature: 0.4, top_p: 0.9, num_seeds: 3

---> Starting run: seed=0 (1/3)
Skipping run, results found in /projects/bdrx/azhang14/SoberReasoningPlus/results/temp_0.4/Qwen-Qwen3-1.7B-bfloat16-34816/0-0.4-0.9-minerva-1-128-131072-32768

---> Starting run: seed=1 (2/3)
Skipping run, results found in /projects/bdrx/azhang14/SoberReasoningPlus/results/temp_0.4/Qwen-Qwen3-1.7B-bfloat16-34816/1-0.4-0.9-minerva-1-128-131072-32768

---> Starting run: seed=2 (3/3)
Skipping run, results found in /projects/bdrx/azhang14/SoberReasoningPlus/results/temp_0.4/Qwen-Qwen3-1.7B-bfloat16-34816/2-0.4-0.9-minerva-1-128-131072-32768
Running evaluation for task: custom|olympiadbench|0|0, temperature: 0.4, top_p: 0.9, num_seeds: 3

---> Starting run: seed=0 (1/3)
Skipping run, results found in /projects/bdrx/azhang14/SoberReasoningPlus/results/temp_0.4/Qwen-Qwen3-1.7B-bfloat16-34816/0-0.4-0.9-olympiadbench-1-128-131072-32768

---> Starting run: seed=1 (2/3)
Skipping run, results found in /projects/bdrx/azhang14/SoberReasoningPlus/results/temp_0.4/Qwen-Qwen3-1.7B-bfloat16-34816/1-0.4-0.9-olympiadbench-1-128-131072-32768

---> Starting run: seed=2 (3/3)
Skipping run, results found in /projects/bdrx/azhang14/SoberReasoningPlus/results/temp_0.4/Qwen-Qwen3-1.7B-bfloat16-34816/2-0.4-0.9-olympiadbench-1-128-131072-32768
Running evaluation for task: custom|aime24|0|0, temperature: 0.4, top_p: 0.95, num_seeds: 16

---> Starting run: seed=0 (1/16)
Skipping run, results found in /projects/bdrx/azhang14/SoberReasoningPlus/results/temp_0.4/Qwen-Qwen3-1.7B-bfloat16-34816/0-0.4-0.95-aime24-1-128-131072-32768

---> Starting run: seed=1 (2/16)
Skipping run, results found in /projects/bdrx/azhang14/SoberReasoningPlus/results/temp_0.4/Qwen-Qwen3-1.7B-bfloat16-34816/1-0.4-0.95-aime24-1-128-131072-32768

---> Starting run: seed=2 (3/16)
Skipping run, results found in /projects/bdrx/azhang14/SoberReasoningPlus/results/temp_0.4/Qwen-Qwen3-1.7B-bfloat16-34816/2-0.4-0.95-aime24-1-128-131072-32768

---> Starting run: seed=3 (4/16)
Skipping run, results found in /projects/bdrx/azhang14/SoberReasoningPlus/results/temp_0.4/Qwen-Qwen3-1.7B-bfloat16-34816/3-0.4-0.95-aime24-1-128-131072-32768

---> Starting run: seed=4 (5/16)
Skipping run, results found in /projects/bdrx/azhang14/SoberReasoningPlus/results/temp_0.4/Qwen-Qwen3-1.7B-bfloat16-34816/4-0.4-0.95-aime24-1-128-131072-32768

---> Starting run: seed=5 (6/16)
Skipping run, results found in /projects/bdrx/azhang14/SoberReasoningPlus/results/temp_0.4/Qwen-Qwen3-1.7B-bfloat16-34816/5-0.4-0.95-aime24-1-128-131072-32768

---> Starting run: seed=6 (7/16)
Skipping run, results found in /projects/bdrx/azhang14/SoberReasoningPlus/results/temp_0.4/Qwen-Qwen3-1.7B-bfloat16-34816/6-0.4-0.95-aime24-1-128-131072-32768

---> Starting run: seed=7 (8/16)
Skipping run, results found in /projects/bdrx/azhang14/SoberReasoningPlus/results/temp_0.4/Qwen-Qwen3-1.7B-bfloat16-34816/7-0.4-0.95-aime24-1-128-131072-32768

---> Starting run: seed=8 (9/16)
Skipping run, results found in /projects/bdrx/azhang14/SoberReasoningPlus/results/temp_0.4/Qwen-Qwen3-1.7B-bfloat16-34816/8-0.4-0.95-aime24-1-128-131072-32768

---> Starting run: seed=9 (10/16)
Skipping run, results found in /projects/bdrx/azhang14/SoberReasoningPlus/results/temp_0.4/Qwen-Qwen3-1.7B-bfloat16-34816/9-0.4-0.95-aime24-1-128-131072-32768

---> Starting run: seed=10 (11/16)
Skipping run, results found in /projects/bdrx/azhang14/SoberReasoningPlus/results/temp_0.4/Qwen-Qwen3-1.7B-bfloat16-34816/10-0.4-0.95-aime24-1-128-131072-32768

---> Starting run: seed=11 (12/16)
Skipping run, results found in /projects/bdrx/azhang14/SoberReasoningPlus/results/temp_0.4/Qwen-Qwen3-1.7B-bfloat16-34816/11-0.4-0.95-aime24-1-128-131072-32768

---> Starting run: seed=12 (13/16)
Skipping run, results found in /projects/bdrx/azhang14/SoberReasoningPlus/results/temp_0.4/Qwen-Qwen3-1.7B-bfloat16-34816/12-0.4-0.95-aime24-1-128-131072-32768

---> Starting run: seed=13 (14/16)
Skipping run, results found in /projects/bdrx/azhang14/SoberReasoningPlus/results/temp_0.4/Qwen-Qwen3-1.7B-bfloat16-34816/13-0.4-0.95-aime24-1-128-131072-32768

---> Starting run: seed=14 (15/16)
Skipping run, results found in /projects/bdrx/azhang14/SoberReasoningPlus/results/temp_0.4/Qwen-Qwen3-1.7B-bfloat16-34816/14-0.4-0.95-aime24-1-128-131072-32768

---> Starting run: seed=15 (16/16)
Skipping run, results found in /projects/bdrx/azhang14/SoberReasoningPlus/results/temp_0.4/Qwen-Qwen3-1.7B-bfloat16-34816/15-0.4-0.95-aime24-1-128-131072-32768
Running evaluation for task: custom|aime25|0|0, temperature: 0.4, top_p: 0.95, num_seeds: 16

---> Starting run: seed=0 (1/16)
Skipping run, results found in /projects/bdrx/azhang14/SoberReasoningPlus/results/temp_0.4/Qwen-Qwen3-1.7B-bfloat16-34816/0-0.4-0.95-aime25-1-128-131072-32768

---> Starting run: seed=1 (2/16)
Skipping run, results found in /projects/bdrx/azhang14/SoberReasoningPlus/results/temp_0.4/Qwen-Qwen3-1.7B-bfloat16-34816/1-0.4-0.95-aime25-1-128-131072-32768

---> Starting run: seed=2 (3/16)
Skipping run, results found in /projects/bdrx/azhang14/SoberReasoningPlus/results/temp_0.4/Qwen-Qwen3-1.7B-bfloat16-34816/2-0.4-0.95-aime25-1-128-131072-32768

---> Starting run: seed=3 (4/16)
Skipping run, results found in /projects/bdrx/azhang14/SoberReasoningPlus/results/temp_0.4/Qwen-Qwen3-1.7B-bfloat16-34816/3-0.4-0.95-aime25-1-128-131072-32768

---> Starting run: seed=4 (5/16)
Skipping run, results found in /projects/bdrx/azhang14/SoberReasoningPlus/results/temp_0.4/Qwen-Qwen3-1.7B-bfloat16-34816/4-0.4-0.95-aime25-1-128-131072-32768

---> Starting run: seed=5 (6/16)
Skipping run, results found in /projects/bdrx/azhang14/SoberReasoningPlus/results/temp_0.4/Qwen-Qwen3-1.7B-bfloat16-34816/5-0.4-0.95-aime25-1-128-131072-32768

---> Starting run: seed=6 (7/16)
Skipping run, results found in /projects/bdrx/azhang14/SoberReasoningPlus/results/temp_0.4/Qwen-Qwen3-1.7B-bfloat16-34816/6-0.4-0.95-aime25-1-128-131072-32768

---> Starting run: seed=7 (8/16)
Skipping run, results found in /projects/bdrx/azhang14/SoberReasoningPlus/results/temp_0.4/Qwen-Qwen3-1.7B-bfloat16-34816/7-0.4-0.95-aime25-1-128-131072-32768

---> Starting run: seed=8 (9/16)
Skipping run, results found in /projects/bdrx/azhang14/SoberReasoningPlus/results/temp_0.4/Qwen-Qwen3-1.7B-bfloat16-34816/8-0.4-0.95-aime25-1-128-131072-32768

---> Starting run: seed=9 (10/16)
Skipping run, results found in /projects/bdrx/azhang14/SoberReasoningPlus/results/temp_0.4/Qwen-Qwen3-1.7B-bfloat16-34816/9-0.4-0.95-aime25-1-128-131072-32768

---> Starting run: seed=10 (11/16)
Skipping run, results found in /projects/bdrx/azhang14/SoberReasoningPlus/results/temp_0.4/Qwen-Qwen3-1.7B-bfloat16-34816/10-0.4-0.95-aime25-1-128-131072-32768

---> Starting run: seed=11 (12/16)
Skipping run, results found in /projects/bdrx/azhang14/SoberReasoningPlus/results/temp_0.4/Qwen-Qwen3-1.7B-bfloat16-34816/11-0.4-0.95-aime25-1-128-131072-32768

---> Starting run: seed=12 (13/16)
Skipping run, results found in /projects/bdrx/azhang14/SoberReasoningPlus/results/temp_0.4/Qwen-Qwen3-1.7B-bfloat16-34816/12-0.4-0.95-aime25-1-128-131072-32768

---> Starting run: seed=13 (14/16)
Skipping run, results found in /projects/bdrx/azhang14/SoberReasoningPlus/results/temp_0.4/Qwen-Qwen3-1.7B-bfloat16-34816/13-0.4-0.95-aime25-1-128-131072-32768

---> Starting run: seed=14 (15/16)
Skipping run, results found in /projects/bdrx/azhang14/SoberReasoningPlus/results/temp_0.4/Qwen-Qwen3-1.7B-bfloat16-34816/14-0.4-0.95-aime25-1-128-131072-32768

---> Starting run: seed=15 (16/16)
Skipping run, results found in /projects/bdrx/azhang14/SoberReasoningPlus/results/temp_0.4/Qwen-Qwen3-1.7B-bfloat16-34816/15-0.4-0.95-aime25-1-128-131072-32768
Running evaluation for task: custom|amc23|0|0, temperature: 0.4, top_p: 0.95, num_seeds: 16

---> Starting run: seed=0 (1/16)
Skipping run, results found in /projects/bdrx/azhang14/SoberReasoningPlus/results/temp_0.4/Qwen-Qwen3-1.7B-bfloat16-34816/0-0.4-0.95-amc23-1-128-131072-32768

---> Starting run: seed=1 (2/16)
Skipping run, results found in /projects/bdrx/azhang14/SoberReasoningPlus/results/temp_0.4/Qwen-Qwen3-1.7B-bfloat16-34816/1-0.4-0.95-amc23-1-128-131072-32768

---> Starting run: seed=2 (3/16)
Skipping run, results found in /projects/bdrx/azhang14/SoberReasoningPlus/results/temp_0.4/Qwen-Qwen3-1.7B-bfloat16-34816/2-0.4-0.95-amc23-1-128-131072-32768

---> Starting run: seed=3 (4/16)
Skipping run, results found in /projects/bdrx/azhang14/SoberReasoningPlus/results/temp_0.4/Qwen-Qwen3-1.7B-bfloat16-34816/3-0.4-0.95-amc23-1-128-131072-32768

---> Starting run: seed=4 (5/16)
Skipping run, results found in /projects/bdrx/azhang14/SoberReasoningPlus/results/temp_0.4/Qwen-Qwen3-1.7B-bfloat16-34816/4-0.4-0.95-amc23-1-128-131072-32768

---> Starting run: seed=5 (6/16)
Skipping run, results found in /projects/bdrx/azhang14/SoberReasoningPlus/results/temp_0.4/Qwen-Qwen3-1.7B-bfloat16-34816/5-0.4-0.95-amc23-1-128-131072-32768

---> Starting run: seed=6 (7/16)
Skipping run, results found in /projects/bdrx/azhang14/SoberReasoningPlus/results/temp_0.4/Qwen-Qwen3-1.7B-bfloat16-34816/6-0.4-0.95-amc23-1-128-131072-32768

---> Starting run: seed=7 (8/16)
Skipping run, results found in /projects/bdrx/azhang14/SoberReasoningPlus/results/temp_0.4/Qwen-Qwen3-1.7B-bfloat16-34816/7-0.4-0.95-amc23-1-128-131072-32768

---> Starting run: seed=8 (9/16)
Skipping run, results found in /projects/bdrx/azhang14/SoberReasoningPlus/results/temp_0.4/Qwen-Qwen3-1.7B-bfloat16-34816/8-0.4-0.95-amc23-1-128-131072-32768

---> Starting run: seed=9 (10/16)
Skipping run, results found in /projects/bdrx/azhang14/SoberReasoningPlus/results/temp_0.4/Qwen-Qwen3-1.7B-bfloat16-34816/9-0.4-0.95-amc23-1-128-131072-32768

---> Starting run: seed=10 (11/16)
Skipping run, results found in /projects/bdrx/azhang14/SoberReasoningPlus/results/temp_0.4/Qwen-Qwen3-1.7B-bfloat16-34816/10-0.4-0.95-amc23-1-128-131072-32768

---> Starting run: seed=11 (12/16)
Skipping run, results found in /projects/bdrx/azhang14/SoberReasoningPlus/results/temp_0.4/Qwen-Qwen3-1.7B-bfloat16-34816/11-0.4-0.95-amc23-1-128-131072-32768

---> Starting run: seed=12 (13/16)
Skipping run, results found in /projects/bdrx/azhang14/SoberReasoningPlus/results/temp_0.4/Qwen-Qwen3-1.7B-bfloat16-34816/12-0.4-0.95-amc23-1-128-131072-32768

---> Starting run: seed=13 (14/16)
Skipping run, results found in /projects/bdrx/azhang14/SoberReasoningPlus/results/temp_0.4/Qwen-Qwen3-1.7B-bfloat16-34816/13-0.4-0.95-amc23-1-128-131072-32768

---> Starting run: seed=14 (15/16)
Skipping run, results found in /projects/bdrx/azhang14/SoberReasoningPlus/results/temp_0.4/Qwen-Qwen3-1.7B-bfloat16-34816/14-0.4-0.95-amc23-1-128-131072-32768

---> Starting run: seed=15 (16/16)
Skipping run, results found in /projects/bdrx/azhang14/SoberReasoningPlus/results/temp_0.4/Qwen-Qwen3-1.7B-bfloat16-34816/15-0.4-0.95-amc23-1-128-131072-32768
Running evaluation for task: custom|math_500|0|0, temperature: 0.4, top_p: 0.95, num_seeds: 3

---> Starting run: seed=0 (1/3)
Skipping run, results found in /projects/bdrx/azhang14/SoberReasoningPlus/results/temp_0.4/Qwen-Qwen3-1.7B-bfloat16-34816/0-0.4-0.95-math_500-1-128-131072-32768

---> Starting run: seed=1 (2/3)
Skipping run, results found in /projects/bdrx/azhang14/SoberReasoningPlus/results/temp_0.4/Qwen-Qwen3-1.7B-bfloat16-34816/1-0.4-0.95-math_500-1-128-131072-32768

---> Starting run: seed=2 (3/3)
Skipping run, results found in /projects/bdrx/azhang14/SoberReasoningPlus/results/temp_0.4/Qwen-Qwen3-1.7B-bfloat16-34816/2-0.4-0.95-math_500-1-128-131072-32768
Running evaluation for task: custom|minerva|0|0, temperature: 0.4, top_p: 0.95, num_seeds: 3

---> Starting run: seed=0 (1/3)
Skipping run, results found in /projects/bdrx/azhang14/SoberReasoningPlus/results/temp_0.4/Qwen-Qwen3-1.7B-bfloat16-34816/0-0.4-0.95-minerva-1-128-131072-32768

---> Starting run: seed=1 (2/3)
Skipping run, results found in /projects/bdrx/azhang14/SoberReasoningPlus/results/temp_0.4/Qwen-Qwen3-1.7B-bfloat16-34816/1-0.4-0.95-minerva-1-128-131072-32768

---> Starting run: seed=2 (3/3)
Skipping run, results found in /projects/bdrx/azhang14/SoberReasoningPlus/results/temp_0.4/Qwen-Qwen3-1.7B-bfloat16-34816/2-0.4-0.95-minerva-1-128-131072-32768
Running evaluation for task: custom|olympiadbench|0|0, temperature: 0.4, top_p: 0.95, num_seeds: 3

---> Starting run: seed=0 (1/3)
Skipping run, results found in /projects/bdrx/azhang14/SoberReasoningPlus/results/temp_0.4/Qwen-Qwen3-1.7B-bfloat16-34816/0-0.4-0.95-olympiadbench-1-128-131072-32768

---> Starting run: seed=1 (2/3)
Skipping run, results found in /projects/bdrx/azhang14/SoberReasoningPlus/results/temp_0.4/Qwen-Qwen3-1.7B-bfloat16-34816/1-0.4-0.95-olympiadbench-1-128-131072-32768

---> Starting run: seed=2 (3/3)
Skipping run, results found in /projects/bdrx/azhang14/SoberReasoningPlus/results/temp_0.4/Qwen-Qwen3-1.7B-bfloat16-34816/2-0.4-0.95-olympiadbench-1-128-131072-32768
Running evaluation for task: custom|aime24|0|0, temperature: 0.4, top_p: 1.0, num_seeds: 16

---> Starting run: seed=0 (1/16)
Skipping run, results found in /projects/bdrx/azhang14/SoberReasoningPlus/results/temp_0.4/Qwen-Qwen3-1.7B-bfloat16-34816/0-0.4-1.0-aime24-1-128-131072-32768

---> Starting run: seed=1 (2/16)
Skipping run, results found in /projects/bdrx/azhang14/SoberReasoningPlus/results/temp_0.4/Qwen-Qwen3-1.7B-bfloat16-34816/1-0.4-1.0-aime24-1-128-131072-32768

---> Starting run: seed=2 (3/16)
Skipping run, results found in /projects/bdrx/azhang14/SoberReasoningPlus/results/temp_0.4/Qwen-Qwen3-1.7B-bfloat16-34816/2-0.4-1.0-aime24-1-128-131072-32768

---> Starting run: seed=3 (4/16)
Skipping run, results found in /projects/bdrx/azhang14/SoberReasoningPlus/results/temp_0.4/Qwen-Qwen3-1.7B-bfloat16-34816/3-0.4-1.0-aime24-1-128-131072-32768

---> Starting run: seed=4 (5/16)
Skipping run, results found in /projects/bdrx/azhang14/SoberReasoningPlus/results/temp_0.4/Qwen-Qwen3-1.7B-bfloat16-34816/4-0.4-1.0-aime24-1-128-131072-32768

---> Starting run: seed=5 (6/16)
Skipping run, results found in /projects/bdrx/azhang14/SoberReasoningPlus/results/temp_0.4/Qwen-Qwen3-1.7B-bfloat16-34816/5-0.4-1.0-aime24-1-128-131072-32768

---> Starting run: seed=6 (7/16)
Skipping run, results found in /projects/bdrx/azhang14/SoberReasoningPlus/results/temp_0.4/Qwen-Qwen3-1.7B-bfloat16-34816/6-0.4-1.0-aime24-1-128-131072-32768

---> Starting run: seed=7 (8/16)
Skipping run, results found in /projects/bdrx/azhang14/SoberReasoningPlus/results/temp_0.4/Qwen-Qwen3-1.7B-bfloat16-34816/7-0.4-1.0-aime24-1-128-131072-32768

---> Starting run: seed=8 (9/16)
Skipping run, results found in /projects/bdrx/azhang14/SoberReasoningPlus/results/temp_0.4/Qwen-Qwen3-1.7B-bfloat16-34816/8-0.4-1.0-aime24-1-128-131072-32768

---> Starting run: seed=9 (10/16)
Skipping run, results found in /projects/bdrx/azhang14/SoberReasoningPlus/results/temp_0.4/Qwen-Qwen3-1.7B-bfloat16-34816/9-0.4-1.0-aime24-1-128-131072-32768

---> Starting run: seed=10 (11/16)
Skipping run, results found in /projects/bdrx/azhang14/SoberReasoningPlus/results/temp_0.4/Qwen-Qwen3-1.7B-bfloat16-34816/10-0.4-1.0-aime24-1-128-131072-32768

---> Starting run: seed=11 (12/16)
Skipping run, results found in /projects/bdrx/azhang14/SoberReasoningPlus/results/temp_0.4/Qwen-Qwen3-1.7B-bfloat16-34816/11-0.4-1.0-aime24-1-128-131072-32768

---> Starting run: seed=12 (13/16)
Skipping run, results found in /projects/bdrx/azhang14/SoberReasoningPlus/results/temp_0.4/Qwen-Qwen3-1.7B-bfloat16-34816/12-0.4-1.0-aime24-1-128-131072-32768

---> Starting run: seed=13 (14/16)
Skipping run, results found in /projects/bdrx/azhang14/SoberReasoningPlus/results/temp_0.4/Qwen-Qwen3-1.7B-bfloat16-34816/13-0.4-1.0-aime24-1-128-131072-32768

---> Starting run: seed=14 (15/16)
Skipping run, results found in /projects/bdrx/azhang14/SoberReasoningPlus/results/temp_0.4/Qwen-Qwen3-1.7B-bfloat16-34816/14-0.4-1.0-aime24-1-128-131072-32768

---> Starting run: seed=15 (16/16)
Skipping run, results found in /projects/bdrx/azhang14/SoberReasoningPlus/results/temp_0.4/Qwen-Qwen3-1.7B-bfloat16-34816/15-0.4-1.0-aime24-1-128-131072-32768
Running evaluation for task: custom|aime25|0|0, temperature: 0.4, top_p: 1.0, num_seeds: 16

---> Starting run: seed=0 (1/16)
Skipping run, results found in /projects/bdrx/azhang14/SoberReasoningPlus/results/temp_0.4/Qwen-Qwen3-1.7B-bfloat16-34816/0-0.4-1.0-aime25-1-128-131072-32768

---> Starting run: seed=1 (2/16)
Skipping run, results found in /projects/bdrx/azhang14/SoberReasoningPlus/results/temp_0.4/Qwen-Qwen3-1.7B-bfloat16-34816/1-0.4-1.0-aime25-1-128-131072-32768

---> Starting run: seed=2 (3/16)
Skipping run, results found in /projects/bdrx/azhang14/SoberReasoningPlus/results/temp_0.4/Qwen-Qwen3-1.7B-bfloat16-34816/2-0.4-1.0-aime25-1-128-131072-32768

---> Starting run: seed=3 (4/16)
Skipping run, results found in /projects/bdrx/azhang14/SoberReasoningPlus/results/temp_0.4/Qwen-Qwen3-1.7B-bfloat16-34816/3-0.4-1.0-aime25-1-128-131072-32768

---> Starting run: seed=4 (5/16)
Skipping run, results found in /projects/bdrx/azhang14/SoberReasoningPlus/results/temp_0.4/Qwen-Qwen3-1.7B-bfloat16-34816/4-0.4-1.0-aime25-1-128-131072-32768

---> Starting run: seed=5 (6/16)
Skipping run, results found in /projects/bdrx/azhang14/SoberReasoningPlus/results/temp_0.4/Qwen-Qwen3-1.7B-bfloat16-34816/5-0.4-1.0-aime25-1-128-131072-32768

---> Starting run: seed=6 (7/16)
Skipping run, results found in /projects/bdrx/azhang14/SoberReasoningPlus/results/temp_0.4/Qwen-Qwen3-1.7B-bfloat16-34816/6-0.4-1.0-aime25-1-128-131072-32768

---> Starting run: seed=7 (8/16)
Skipping run, results found in /projects/bdrx/azhang14/SoberReasoningPlus/results/temp_0.4/Qwen-Qwen3-1.7B-bfloat16-34816/7-0.4-1.0-aime25-1-128-131072-32768

---> Starting run: seed=8 (9/16)
Skipping run, results found in /projects/bdrx/azhang14/SoberReasoningPlus/results/temp_0.4/Qwen-Qwen3-1.7B-bfloat16-34816/8-0.4-1.0-aime25-1-128-131072-32768

---> Starting run: seed=9 (10/16)
Skipping run, results found in /projects/bdrx/azhang14/SoberReasoningPlus/results/temp_0.4/Qwen-Qwen3-1.7B-bfloat16-34816/9-0.4-1.0-aime25-1-128-131072-32768

---> Starting run: seed=10 (11/16)
Skipping run, results found in /projects/bdrx/azhang14/SoberReasoningPlus/results/temp_0.4/Qwen-Qwen3-1.7B-bfloat16-34816/10-0.4-1.0-aime25-1-128-131072-32768

---> Starting run: seed=11 (12/16)
Skipping run, results found in /projects/bdrx/azhang14/SoberReasoningPlus/results/temp_0.4/Qwen-Qwen3-1.7B-bfloat16-34816/11-0.4-1.0-aime25-1-128-131072-32768

---> Starting run: seed=12 (13/16)
Skipping run, results found in /projects/bdrx/azhang14/SoberReasoningPlus/results/temp_0.4/Qwen-Qwen3-1.7B-bfloat16-34816/12-0.4-1.0-aime25-1-128-131072-32768

---> Starting run: seed=13 (14/16)
Skipping run, results found in /projects/bdrx/azhang14/SoberReasoningPlus/results/temp_0.4/Qwen-Qwen3-1.7B-bfloat16-34816/13-0.4-1.0-aime25-1-128-131072-32768

---> Starting run: seed=14 (15/16)
Skipping run, results found in /projects/bdrx/azhang14/SoberReasoningPlus/results/temp_0.4/Qwen-Qwen3-1.7B-bfloat16-34816/14-0.4-1.0-aime25-1-128-131072-32768

---> Starting run: seed=15 (16/16)
Skipping run, results found in /projects/bdrx/azhang14/SoberReasoningPlus/results/temp_0.4/Qwen-Qwen3-1.7B-bfloat16-34816/15-0.4-1.0-aime25-1-128-131072-32768
Running evaluation for task: custom|amc23|0|0, temperature: 0.4, top_p: 1.0, num_seeds: 16

---> Starting run: seed=0 (1/16)
Skipping run, results found in /projects/bdrx/azhang14/SoberReasoningPlus/results/temp_0.4/Qwen-Qwen3-1.7B-bfloat16-34816/0-0.4-1.0-amc23-1-128-131072-32768

---> Starting run: seed=1 (2/16)
Skipping run, results found in /projects/bdrx/azhang14/SoberReasoningPlus/results/temp_0.4/Qwen-Qwen3-1.7B-bfloat16-34816/1-0.4-1.0-amc23-1-128-131072-32768

---> Starting run: seed=2 (3/16)
Skipping run, results found in /projects/bdrx/azhang14/SoberReasoningPlus/results/temp_0.4/Qwen-Qwen3-1.7B-bfloat16-34816/2-0.4-1.0-amc23-1-128-131072-32768

---> Starting run: seed=3 (4/16)
Skipping run, results found in /projects/bdrx/azhang14/SoberReasoningPlus/results/temp_0.4/Qwen-Qwen3-1.7B-bfloat16-34816/3-0.4-1.0-amc23-1-128-131072-32768

---> Starting run: seed=4 (5/16)
Skipping run, results found in /projects/bdrx/azhang14/SoberReasoningPlus/results/temp_0.4/Qwen-Qwen3-1.7B-bfloat16-34816/4-0.4-1.0-amc23-1-128-131072-32768

---> Starting run: seed=5 (6/16)
Skipping run, results found in /projects/bdrx/azhang14/SoberReasoningPlus/results/temp_0.4/Qwen-Qwen3-1.7B-bfloat16-34816/5-0.4-1.0-amc23-1-128-131072-32768

---> Starting run: seed=6 (7/16)
Skipping run, results found in /projects/bdrx/azhang14/SoberReasoningPlus/results/temp_0.4/Qwen-Qwen3-1.7B-bfloat16-34816/6-0.4-1.0-amc23-1-128-131072-32768

---> Starting run: seed=7 (8/16)
Skipping run, results found in /projects/bdrx/azhang14/SoberReasoningPlus/results/temp_0.4/Qwen-Qwen3-1.7B-bfloat16-34816/7-0.4-1.0-amc23-1-128-131072-32768

---> Starting run: seed=8 (9/16)
Skipping run, results found in /projects/bdrx/azhang14/SoberReasoningPlus/results/temp_0.4/Qwen-Qwen3-1.7B-bfloat16-34816/8-0.4-1.0-amc23-1-128-131072-32768

---> Starting run: seed=9 (10/16)
Skipping run, results found in /projects/bdrx/azhang14/SoberReasoningPlus/results/temp_0.4/Qwen-Qwen3-1.7B-bfloat16-34816/9-0.4-1.0-amc23-1-128-131072-32768

---> Starting run: seed=10 (11/16)
Skipping run, results found in /projects/bdrx/azhang14/SoberReasoningPlus/results/temp_0.4/Qwen-Qwen3-1.7B-bfloat16-34816/10-0.4-1.0-amc23-1-128-131072-32768

---> Starting run: seed=11 (12/16)
Skipping run, results found in /projects/bdrx/azhang14/SoberReasoningPlus/results/temp_0.4/Qwen-Qwen3-1.7B-bfloat16-34816/11-0.4-1.0-amc23-1-128-131072-32768

---> Starting run: seed=12 (13/16)
Skipping run, results found in /projects/bdrx/azhang14/SoberReasoningPlus/results/temp_0.4/Qwen-Qwen3-1.7B-bfloat16-34816/12-0.4-1.0-amc23-1-128-131072-32768

---> Starting run: seed=13 (14/16)
Skipping run, results found in /projects/bdrx/azhang14/SoberReasoningPlus/results/temp_0.4/Qwen-Qwen3-1.7B-bfloat16-34816/13-0.4-1.0-amc23-1-128-131072-32768

---> Starting run: seed=14 (15/16)
Skipping run, results found in /projects/bdrx/azhang14/SoberReasoningPlus/results/temp_0.4/Qwen-Qwen3-1.7B-bfloat16-34816/14-0.4-1.0-amc23-1-128-131072-32768

---> Starting run: seed=15 (16/16)
Skipping run, results found in /projects/bdrx/azhang14/SoberReasoningPlus/results/temp_0.4/Qwen-Qwen3-1.7B-bfloat16-34816/15-0.4-1.0-amc23-1-128-131072-32768
Running evaluation for task: custom|math_500|0|0, temperature: 0.4, top_p: 1.0, num_seeds: 3

---> Starting run: seed=0 (1/3)
Skipping run, results found in /projects/bdrx/azhang14/SoberReasoningPlus/results/temp_0.4/Qwen-Qwen3-1.7B-bfloat16-34816/0-0.4-1.0-math_500-1-128-131072-32768

---> Starting run: seed=1 (2/3)
Skipping run, results found in /projects/bdrx/azhang14/SoberReasoningPlus/results/temp_0.4/Qwen-Qwen3-1.7B-bfloat16-34816/1-0.4-1.0-math_500-1-128-131072-32768

---> Starting run: seed=2 (3/3)
Skipping run, results found in /projects/bdrx/azhang14/SoberReasoningPlus/results/temp_0.4/Qwen-Qwen3-1.7B-bfloat16-34816/2-0.4-1.0-math_500-1-128-131072-32768
Running evaluation for task: custom|minerva|0|0, temperature: 0.4, top_p: 1.0, num_seeds: 3

---> Starting run: seed=0 (1/3)
Skipping run, results found in /projects/bdrx/azhang14/SoberReasoningPlus/results/temp_0.4/Qwen-Qwen3-1.7B-bfloat16-34816/0-0.4-1.0-minerva-1-128-131072-32768

---> Starting run: seed=1 (2/3)
Skipping run, results found in /projects/bdrx/azhang14/SoberReasoningPlus/results/temp_0.4/Qwen-Qwen3-1.7B-bfloat16-34816/1-0.4-1.0-minerva-1-128-131072-32768

---> Starting run: seed=2 (3/3)
Skipping run, results found in /projects/bdrx/azhang14/SoberReasoningPlus/results/temp_0.4/Qwen-Qwen3-1.7B-bfloat16-34816/2-0.4-1.0-minerva-1-128-131072-32768
Running evaluation for task: custom|olympiadbench|0|0, temperature: 0.4, top_p: 1.0, num_seeds: 3

---> Starting run: seed=0 (1/3)
Skipping run, results found in /projects/bdrx/azhang14/SoberReasoningPlus/results/temp_0.4/Qwen-Qwen3-1.7B-bfloat16-34816/0-0.4-1.0-olympiadbench-1-128-131072-32768

---> Starting run: seed=1 (2/3)
Skipping run, results found in /projects/bdrx/azhang14/SoberReasoningPlus/results/temp_0.4/Qwen-Qwen3-1.7B-bfloat16-34816/1-0.4-1.0-olympiadbench-1-128-131072-32768

---> Starting run: seed=2 (3/3)
Skipping run, results found in /projects/bdrx/azhang14/SoberReasoningPlus/results/temp_0.4/Qwen-Qwen3-1.7B-bfloat16-34816/2-0.4-1.0-olympiadbench-1-128-131072-32768
Total execution time: 0:03:30.281246
Model loaded successfully.
[0.6] [0.7, 0.8, 0.9, 0.95, 1.0]
<class 'list'> <class 'list'>
Running evaluation for task: custom|aime24|0|0, temperature: 0.6, top_p: 0.7, num_seeds: 16

---> Starting run: seed=0 (1/16)
Skipping run, results found in /projects/bdrx/azhang14/SoberReasoningPlus/results/temp_0.6/Qwen-Qwen3-1.7B-bfloat16-34816/0-0.6-0.7-aime24-1-128-131072-32768

---> Starting run: seed=1 (2/16)
Skipping run, results found in /projects/bdrx/azhang14/SoberReasoningPlus/results/temp_0.6/Qwen-Qwen3-1.7B-bfloat16-34816/1-0.6-0.7-aime24-1-128-131072-32768

---> Starting run: seed=2 (3/16)
Skipping run, results found in /projects/bdrx/azhang14/SoberReasoningPlus/results/temp_0.6/Qwen-Qwen3-1.7B-bfloat16-34816/2-0.6-0.7-aime24-1-128-131072-32768

---> Starting run: seed=3 (4/16)
Skipping run, results found in /projects/bdrx/azhang14/SoberReasoningPlus/results/temp_0.6/Qwen-Qwen3-1.7B-bfloat16-34816/3-0.6-0.7-aime24-1-128-131072-32768

---> Starting run: seed=4 (5/16)
Skipping run, results found in /projects/bdrx/azhang14/SoberReasoningPlus/results/temp_0.6/Qwen-Qwen3-1.7B-bfloat16-34816/4-0.6-0.7-aime24-1-128-131072-32768

---> Starting run: seed=5 (6/16)
Skipping run, results found in /projects/bdrx/azhang14/SoberReasoningPlus/results/temp_0.6/Qwen-Qwen3-1.7B-bfloat16-34816/5-0.6-0.7-aime24-1-128-131072-32768

---> Starting run: seed=6 (7/16)
Skipping run, results found in /projects/bdrx/azhang14/SoberReasoningPlus/results/temp_0.6/Qwen-Qwen3-1.7B-bfloat16-34816/6-0.6-0.7-aime24-1-128-131072-32768

---> Starting run: seed=7 (8/16)
Skipping run, results found in /projects/bdrx/azhang14/SoberReasoningPlus/results/temp_0.6/Qwen-Qwen3-1.7B-bfloat16-34816/7-0.6-0.7-aime24-1-128-131072-32768

---> Starting run: seed=8 (9/16)
Skipping run, results found in /projects/bdrx/azhang14/SoberReasoningPlus/results/temp_0.6/Qwen-Qwen3-1.7B-bfloat16-34816/8-0.6-0.7-aime24-1-128-131072-32768

---> Starting run: seed=9 (10/16)
Skipping run, results found in /projects/bdrx/azhang14/SoberReasoningPlus/results/temp_0.6/Qwen-Qwen3-1.7B-bfloat16-34816/9-0.6-0.7-aime24-1-128-131072-32768

---> Starting run: seed=10 (11/16)
Skipping run, results found in /projects/bdrx/azhang14/SoberReasoningPlus/results/temp_0.6/Qwen-Qwen3-1.7B-bfloat16-34816/10-0.6-0.7-aime24-1-128-131072-32768

---> Starting run: seed=11 (12/16)
Skipping run, results found in /projects/bdrx/azhang14/SoberReasoningPlus/results/temp_0.6/Qwen-Qwen3-1.7B-bfloat16-34816/11-0.6-0.7-aime24-1-128-131072-32768

---> Starting run: seed=12 (13/16)
Skipping run, results found in /projects/bdrx/azhang14/SoberReasoningPlus/results/temp_0.6/Qwen-Qwen3-1.7B-bfloat16-34816/12-0.6-0.7-aime24-1-128-131072-32768

---> Starting run: seed=13 (14/16)
Skipping run, results found in /projects/bdrx/azhang14/SoberReasoningPlus/results/temp_0.6/Qwen-Qwen3-1.7B-bfloat16-34816/13-0.6-0.7-aime24-1-128-131072-32768

---> Starting run: seed=14 (15/16)
Skipping run, results found in /projects/bdrx/azhang14/SoberReasoningPlus/results/temp_0.6/Qwen-Qwen3-1.7B-bfloat16-34816/14-0.6-0.7-aime24-1-128-131072-32768

---> Starting run: seed=15 (16/16)
Skipping run, results found in /projects/bdrx/azhang14/SoberReasoningPlus/results/temp_0.6/Qwen-Qwen3-1.7B-bfloat16-34816/15-0.6-0.7-aime24-1-128-131072-32768
Running evaluation for task: custom|aime25|0|0, temperature: 0.6, top_p: 0.7, num_seeds: 16

---> Starting run: seed=0 (1/16)
Skipping run, results found in /projects/bdrx/azhang14/SoberReasoningPlus/results/temp_0.6/Qwen-Qwen3-1.7B-bfloat16-34816/0-0.6-0.7-aime25-1-128-131072-32768

---> Starting run: seed=1 (2/16)
Skipping run, results found in /projects/bdrx/azhang14/SoberReasoningPlus/results/temp_0.6/Qwen-Qwen3-1.7B-bfloat16-34816/1-0.6-0.7-aime25-1-128-131072-32768

---> Starting run: seed=2 (3/16)
Skipping run, results found in /projects/bdrx/azhang14/SoberReasoningPlus/results/temp_0.6/Qwen-Qwen3-1.7B-bfloat16-34816/2-0.6-0.7-aime25-1-128-131072-32768

---> Starting run: seed=3 (4/16)
Skipping run, results found in /projects/bdrx/azhang14/SoberReasoningPlus/results/temp_0.6/Qwen-Qwen3-1.7B-bfloat16-34816/3-0.6-0.7-aime25-1-128-131072-32768

---> Starting run: seed=4 (5/16)
Skipping run, results found in /projects/bdrx/azhang14/SoberReasoningPlus/results/temp_0.6/Qwen-Qwen3-1.7B-bfloat16-34816/4-0.6-0.7-aime25-1-128-131072-32768

---> Starting run: seed=5 (6/16)
Skipping run, results found in /projects/bdrx/azhang14/SoberReasoningPlus/results/temp_0.6/Qwen-Qwen3-1.7B-bfloat16-34816/5-0.6-0.7-aime25-1-128-131072-32768

---> Starting run: seed=6 (7/16)
Skipping run, results found in /projects/bdrx/azhang14/SoberReasoningPlus/results/temp_0.6/Qwen-Qwen3-1.7B-bfloat16-34816/6-0.6-0.7-aime25-1-128-131072-32768

---> Starting run: seed=7 (8/16)
Skipping run, results found in /projects/bdrx/azhang14/SoberReasoningPlus/results/temp_0.6/Qwen-Qwen3-1.7B-bfloat16-34816/7-0.6-0.7-aime25-1-128-131072-32768

---> Starting run: seed=8 (9/16)
Skipping run, results found in /projects/bdrx/azhang14/SoberReasoningPlus/results/temp_0.6/Qwen-Qwen3-1.7B-bfloat16-34816/8-0.6-0.7-aime25-1-128-131072-32768

---> Starting run: seed=9 (10/16)
Skipping run, results found in /projects/bdrx/azhang14/SoberReasoningPlus/results/temp_0.6/Qwen-Qwen3-1.7B-bfloat16-34816/9-0.6-0.7-aime25-1-128-131072-32768

---> Starting run: seed=10 (11/16)
Skipping run, results found in /projects/bdrx/azhang14/SoberReasoningPlus/results/temp_0.6/Qwen-Qwen3-1.7B-bfloat16-34816/10-0.6-0.7-aime25-1-128-131072-32768

---> Starting run: seed=11 (12/16)
Skipping run, results found in /projects/bdrx/azhang14/SoberReasoningPlus/results/temp_0.6/Qwen-Qwen3-1.7B-bfloat16-34816/11-0.6-0.7-aime25-1-128-131072-32768

---> Starting run: seed=12 (13/16)
Skipping run, results found in /projects/bdrx/azhang14/SoberReasoningPlus/results/temp_0.6/Qwen-Qwen3-1.7B-bfloat16-34816/12-0.6-0.7-aime25-1-128-131072-32768

---> Starting run: seed=13 (14/16)
Skipping run, results found in /projects/bdrx/azhang14/SoberReasoningPlus/results/temp_0.6/Qwen-Qwen3-1.7B-bfloat16-34816/13-0.6-0.7-aime25-1-128-131072-32768

---> Starting run: seed=14 (15/16)
Skipping run, results found in /projects/bdrx/azhang14/SoberReasoningPlus/results/temp_0.6/Qwen-Qwen3-1.7B-bfloat16-34816/14-0.6-0.7-aime25-1-128-131072-32768

---> Starting run: seed=15 (16/16)
Skipping run, results found in /projects/bdrx/azhang14/SoberReasoningPlus/results/temp_0.6/Qwen-Qwen3-1.7B-bfloat16-34816/15-0.6-0.7-aime25-1-128-131072-32768
Running evaluation for task: custom|amc23|0|0, temperature: 0.6, top_p: 0.7, num_seeds: 16

---> Starting run: seed=0 (1/16)
Skipping run, results found in /projects/bdrx/azhang14/SoberReasoningPlus/results/temp_0.6/Qwen-Qwen3-1.7B-bfloat16-34816/0-0.6-0.7-amc23-1-128-131072-32768

---> Starting run: seed=1 (2/16)
Skipping run, results found in /projects/bdrx/azhang14/SoberReasoningPlus/results/temp_0.6/Qwen-Qwen3-1.7B-bfloat16-34816/1-0.6-0.7-amc23-1-128-131072-32768

---> Starting run: seed=2 (3/16)
Skipping run, results found in /projects/bdrx/azhang14/SoberReasoningPlus/results/temp_0.6/Qwen-Qwen3-1.7B-bfloat16-34816/2-0.6-0.7-amc23-1-128-131072-32768

---> Starting run: seed=3 (4/16)
Skipping run, results found in /projects/bdrx/azhang14/SoberReasoningPlus/results/temp_0.6/Qwen-Qwen3-1.7B-bfloat16-34816/3-0.6-0.7-amc23-1-128-131072-32768

---> Starting run: seed=4 (5/16)
Skipping run, results found in /projects/bdrx/azhang14/SoberReasoningPlus/results/temp_0.6/Qwen-Qwen3-1.7B-bfloat16-34816/4-0.6-0.7-amc23-1-128-131072-32768

---> Starting run: seed=5 (6/16)
Skipping run, results found in /projects/bdrx/azhang14/SoberReasoningPlus/results/temp_0.6/Qwen-Qwen3-1.7B-bfloat16-34816/5-0.6-0.7-amc23-1-128-131072-32768

---> Starting run: seed=6 (7/16)
Skipping run, results found in /projects/bdrx/azhang14/SoberReasoningPlus/results/temp_0.6/Qwen-Qwen3-1.7B-bfloat16-34816/6-0.6-0.7-amc23-1-128-131072-32768

---> Starting run: seed=7 (8/16)
Skipping run, results found in /projects/bdrx/azhang14/SoberReasoningPlus/results/temp_0.6/Qwen-Qwen3-1.7B-bfloat16-34816/7-0.6-0.7-amc23-1-128-131072-32768

---> Starting run: seed=8 (9/16)
Skipping run, results found in /projects/bdrx/azhang14/SoberReasoningPlus/results/temp_0.6/Qwen-Qwen3-1.7B-bfloat16-34816/8-0.6-0.7-amc23-1-128-131072-32768

---> Starting run: seed=9 (10/16)
Skipping run, results found in /projects/bdrx/azhang14/SoberReasoningPlus/results/temp_0.6/Qwen-Qwen3-1.7B-bfloat16-34816/9-0.6-0.7-amc23-1-128-131072-32768

---> Starting run: seed=10 (11/16)
Skipping run, results found in /projects/bdrx/azhang14/SoberReasoningPlus/results/temp_0.6/Qwen-Qwen3-1.7B-bfloat16-34816/10-0.6-0.7-amc23-1-128-131072-32768

---> Starting run: seed=11 (12/16)
Skipping run, results found in /projects/bdrx/azhang14/SoberReasoningPlus/results/temp_0.6/Qwen-Qwen3-1.7B-bfloat16-34816/11-0.6-0.7-amc23-1-128-131072-32768

---> Starting run: seed=12 (13/16)
Skipping run, results found in /projects/bdrx/azhang14/SoberReasoningPlus/results/temp_0.6/Qwen-Qwen3-1.7B-bfloat16-34816/12-0.6-0.7-amc23-1-128-131072-32768

---> Starting run: seed=13 (14/16)
Skipping run, results found in /projects/bdrx/azhang14/SoberReasoningPlus/results/temp_0.6/Qwen-Qwen3-1.7B-bfloat16-34816/13-0.6-0.7-amc23-1-128-131072-32768

---> Starting run: seed=14 (15/16)
Skipping run, results found in /projects/bdrx/azhang14/SoberReasoningPlus/results/temp_0.6/Qwen-Qwen3-1.7B-bfloat16-34816/14-0.6-0.7-amc23-1-128-131072-32768

---> Starting run: seed=15 (16/16)
Skipping run, results found in /projects/bdrx/azhang14/SoberReasoningPlus/results/temp_0.6/Qwen-Qwen3-1.7B-bfloat16-34816/15-0.6-0.7-amc23-1-128-131072-32768
Running evaluation for task: custom|math_500|0|0, temperature: 0.6, top_p: 0.7, num_seeds: 3

---> Starting run: seed=0 (1/3)
Skipping run, results found in /projects/bdrx/azhang14/SoberReasoningPlus/results/temp_0.6/Qwen-Qwen3-1.7B-bfloat16-34816/0-0.6-0.7-math_500-1-128-131072-32768

---> Starting run: seed=1 (2/3)
Skipping run, results found in /projects/bdrx/azhang14/SoberReasoningPlus/results/temp_0.6/Qwen-Qwen3-1.7B-bfloat16-34816/1-0.6-0.7-math_500-1-128-131072-32768

---> Starting run: seed=2 (3/3)
Skipping run, results found in /projects/bdrx/azhang14/SoberReasoningPlus/results/temp_0.6/Qwen-Qwen3-1.7B-bfloat16-34816/2-0.6-0.7-math_500-1-128-131072-32768
Running evaluation for task: custom|minerva|0|0, temperature: 0.6, top_p: 0.7, num_seeds: 3

---> Starting run: seed=0 (1/3)
Skipping run, results found in /projects/bdrx/azhang14/SoberReasoningPlus/results/temp_0.6/Qwen-Qwen3-1.7B-bfloat16-34816/0-0.6-0.7-minerva-1-128-131072-32768

---> Starting run: seed=1 (2/3)
Skipping run, results found in /projects/bdrx/azhang14/SoberReasoningPlus/results/temp_0.6/Qwen-Qwen3-1.7B-bfloat16-34816/1-0.6-0.7-minerva-1-128-131072-32768

---> Starting run: seed=2 (3/3)
Skipping run, results found in /projects/bdrx/azhang14/SoberReasoningPlus/results/temp_0.6/Qwen-Qwen3-1.7B-bfloat16-34816/2-0.6-0.7-minerva-1-128-131072-32768
Running evaluation for task: custom|olympiadbench|0|0, temperature: 0.6, top_p: 0.7, num_seeds: 3

---> Starting run: seed=0 (1/3)
Skipping run, results found in /projects/bdrx/azhang14/SoberReasoningPlus/results/temp_0.6/Qwen-Qwen3-1.7B-bfloat16-34816/0-0.6-0.7-olympiadbench-1-128-131072-32768

---> Starting run: seed=1 (2/3)
Skipping run, results found in /projects/bdrx/azhang14/SoberReasoningPlus/results/temp_0.6/Qwen-Qwen3-1.7B-bfloat16-34816/1-0.6-0.7-olympiadbench-1-128-131072-32768

---> Starting run: seed=2 (3/3)
Skipping run, results found in /projects/bdrx/azhang14/SoberReasoningPlus/results/temp_0.6/Qwen-Qwen3-1.7B-bfloat16-34816/2-0.6-0.7-olympiadbench-1-128-131072-32768
Running evaluation for task: custom|aime24|0|0, temperature: 0.6, top_p: 0.8, num_seeds: 16

---> Starting run: seed=0 (1/16)
Skipping run, results found in /projects/bdrx/azhang14/SoberReasoningPlus/results/temp_0.6/Qwen-Qwen3-1.7B-bfloat16-34816/0-0.6-0.8-aime24-1-128-131072-32768

---> Starting run: seed=1 (2/16)
Skipping run, results found in /projects/bdrx/azhang14/SoberReasoningPlus/results/temp_0.6/Qwen-Qwen3-1.7B-bfloat16-34816/1-0.6-0.8-aime24-1-128-131072-32768

---> Starting run: seed=2 (3/16)
Skipping run, results found in /projects/bdrx/azhang14/SoberReasoningPlus/results/temp_0.6/Qwen-Qwen3-1.7B-bfloat16-34816/2-0.6-0.8-aime24-1-128-131072-32768

---> Starting run: seed=3 (4/16)
Skipping run, results found in /projects/bdrx/azhang14/SoberReasoningPlus/results/temp_0.6/Qwen-Qwen3-1.7B-bfloat16-34816/3-0.6-0.8-aime24-1-128-131072-32768

---> Starting run: seed=4 (5/16)
Skipping run, results found in /projects/bdrx/azhang14/SoberReasoningPlus/results/temp_0.6/Qwen-Qwen3-1.7B-bfloat16-34816/4-0.6-0.8-aime24-1-128-131072-32768

---> Starting run: seed=5 (6/16)
Skipping run, results found in /projects/bdrx/azhang14/SoberReasoningPlus/results/temp_0.6/Qwen-Qwen3-1.7B-bfloat16-34816/5-0.6-0.8-aime24-1-128-131072-32768

---> Starting run: seed=6 (7/16)
Skipping run, results found in /projects/bdrx/azhang14/SoberReasoningPlus/results/temp_0.6/Qwen-Qwen3-1.7B-bfloat16-34816/6-0.6-0.8-aime24-1-128-131072-32768

---> Starting run: seed=7 (8/16)
Skipping run, results found in /projects/bdrx/azhang14/SoberReasoningPlus/results/temp_0.6/Qwen-Qwen3-1.7B-bfloat16-34816/7-0.6-0.8-aime24-1-128-131072-32768

---> Starting run: seed=8 (9/16)
Skipping run, results found in /projects/bdrx/azhang14/SoberReasoningPlus/results/temp_0.6/Qwen-Qwen3-1.7B-bfloat16-34816/8-0.6-0.8-aime24-1-128-131072-32768

---> Starting run: seed=9 (10/16)
Skipping run, results found in /projects/bdrx/azhang14/SoberReasoningPlus/results/temp_0.6/Qwen-Qwen3-1.7B-bfloat16-34816/9-0.6-0.8-aime24-1-128-131072-32768

---> Starting run: seed=10 (11/16)
Skipping run, results found in /projects/bdrx/azhang14/SoberReasoningPlus/results/temp_0.6/Qwen-Qwen3-1.7B-bfloat16-34816/10-0.6-0.8-aime24-1-128-131072-32768

---> Starting run: seed=11 (12/16)
Skipping run, results found in /projects/bdrx/azhang14/SoberReasoningPlus/results/temp_0.6/Qwen-Qwen3-1.7B-bfloat16-34816/11-0.6-0.8-aime24-1-128-131072-32768

---> Starting run: seed=12 (13/16)
Skipping run, results found in /projects/bdrx/azhang14/SoberReasoningPlus/results/temp_0.6/Qwen-Qwen3-1.7B-bfloat16-34816/12-0.6-0.8-aime24-1-128-131072-32768

---> Starting run: seed=13 (14/16)
Skipping run, results found in /projects/bdrx/azhang14/SoberReasoningPlus/results/temp_0.6/Qwen-Qwen3-1.7B-bfloat16-34816/13-0.6-0.8-aime24-1-128-131072-32768

---> Starting run: seed=14 (15/16)
Skipping run, results found in /projects/bdrx/azhang14/SoberReasoningPlus/results/temp_0.6/Qwen-Qwen3-1.7B-bfloat16-34816/14-0.6-0.8-aime24-1-128-131072-32768

---> Starting run: seed=15 (16/16)
Skipping run, results found in /projects/bdrx/azhang14/SoberReasoningPlus/results/temp_0.6/Qwen-Qwen3-1.7B-bfloat16-34816/15-0.6-0.8-aime24-1-128-131072-32768
Running evaluation for task: custom|aime25|0|0, temperature: 0.6, top_p: 0.8, num_seeds: 16

---> Starting run: seed=0 (1/16)
Skipping run, results found in /projects/bdrx/azhang14/SoberReasoningPlus/results/temp_0.6/Qwen-Qwen3-1.7B-bfloat16-34816/0-0.6-0.8-aime25-1-128-131072-32768

---> Starting run: seed=1 (2/16)
Skipping run, results found in /projects/bdrx/azhang14/SoberReasoningPlus/results/temp_0.6/Qwen-Qwen3-1.7B-bfloat16-34816/1-0.6-0.8-aime25-1-128-131072-32768

---> Starting run: seed=2 (3/16)
Skipping run, results found in /projects/bdrx/azhang14/SoberReasoningPlus/results/temp_0.6/Qwen-Qwen3-1.7B-bfloat16-34816/2-0.6-0.8-aime25-1-128-131072-32768

---> Starting run: seed=3 (4/16)
Skipping run, results found in /projects/bdrx/azhang14/SoberReasoningPlus/results/temp_0.6/Qwen-Qwen3-1.7B-bfloat16-34816/3-0.6-0.8-aime25-1-128-131072-32768

---> Starting run: seed=4 (5/16)
Skipping run, results found in /projects/bdrx/azhang14/SoberReasoningPlus/results/temp_0.6/Qwen-Qwen3-1.7B-bfloat16-34816/4-0.6-0.8-aime25-1-128-131072-32768

---> Starting run: seed=5 (6/16)
Skipping run, results found in /projects/bdrx/azhang14/SoberReasoningPlus/results/temp_0.6/Qwen-Qwen3-1.7B-bfloat16-34816/5-0.6-0.8-aime25-1-128-131072-32768

---> Starting run: seed=6 (7/16)
Skipping run, results found in /projects/bdrx/azhang14/SoberReasoningPlus/results/temp_0.6/Qwen-Qwen3-1.7B-bfloat16-34816/6-0.6-0.8-aime25-1-128-131072-32768

---> Starting run: seed=7 (8/16)
Skipping run, results found in /projects/bdrx/azhang14/SoberReasoningPlus/results/temp_0.6/Qwen-Qwen3-1.7B-bfloat16-34816/7-0.6-0.8-aime25-1-128-131072-32768

---> Starting run: seed=8 (9/16)
Skipping run, results found in /projects/bdrx/azhang14/SoberReasoningPlus/results/temp_0.6/Qwen-Qwen3-1.7B-bfloat16-34816/8-0.6-0.8-aime25-1-128-131072-32768

---> Starting run: seed=9 (10/16)
Skipping run, results found in /projects/bdrx/azhang14/SoberReasoningPlus/results/temp_0.6/Qwen-Qwen3-1.7B-bfloat16-34816/9-0.6-0.8-aime25-1-128-131072-32768

---> Starting run: seed=10 (11/16)
Skipping run, results found in /projects/bdrx/azhang14/SoberReasoningPlus/results/temp_0.6/Qwen-Qwen3-1.7B-bfloat16-34816/10-0.6-0.8-aime25-1-128-131072-32768

---> Starting run: seed=11 (12/16)
Skipping run, results found in /projects/bdrx/azhang14/SoberReasoningPlus/results/temp_0.6/Qwen-Qwen3-1.7B-bfloat16-34816/11-0.6-0.8-aime25-1-128-131072-32768

---> Starting run: seed=12 (13/16)
Skipping run, results found in /projects/bdrx/azhang14/SoberReasoningPlus/results/temp_0.6/Qwen-Qwen3-1.7B-bfloat16-34816/12-0.6-0.8-aime25-1-128-131072-32768

---> Starting run: seed=13 (14/16)
Skipping run, results found in /projects/bdrx/azhang14/SoberReasoningPlus/results/temp_0.6/Qwen-Qwen3-1.7B-bfloat16-34816/13-0.6-0.8-aime25-1-128-131072-32768

---> Starting run: seed=14 (15/16)
Skipping run, results found in /projects/bdrx/azhang14/SoberReasoningPlus/results/temp_0.6/Qwen-Qwen3-1.7B-bfloat16-34816/14-0.6-0.8-aime25-1-128-131072-32768

---> Starting run: seed=15 (16/16)
Skipping run, results found in /projects/bdrx/azhang14/SoberReasoningPlus/results/temp_0.6/Qwen-Qwen3-1.7B-bfloat16-34816/15-0.6-0.8-aime25-1-128-131072-32768
Running evaluation for task: custom|amc23|0|0, temperature: 0.6, top_p: 0.8, num_seeds: 16

---> Starting run: seed=0 (1/16)
Skipping run, results found in /projects/bdrx/azhang14/SoberReasoningPlus/results/temp_0.6/Qwen-Qwen3-1.7B-bfloat16-34816/0-0.6-0.8-amc23-1-128-131072-32768

---> Starting run: seed=1 (2/16)
Skipping run, results found in /projects/bdrx/azhang14/SoberReasoningPlus/results/temp_0.6/Qwen-Qwen3-1.7B-bfloat16-34816/1-0.6-0.8-amc23-1-128-131072-32768

---> Starting run: seed=2 (3/16)
Skipping run, results found in /projects/bdrx/azhang14/SoberReasoningPlus/results/temp_0.6/Qwen-Qwen3-1.7B-bfloat16-34816/2-0.6-0.8-amc23-1-128-131072-32768

---> Starting run: seed=3 (4/16)
Skipping run, results found in /projects/bdrx/azhang14/SoberReasoningPlus/results/temp_0.6/Qwen-Qwen3-1.7B-bfloat16-34816/3-0.6-0.8-amc23-1-128-131072-32768

---> Starting run: seed=4 (5/16)
Skipping run, results found in /projects/bdrx/azhang14/SoberReasoningPlus/results/temp_0.6/Qwen-Qwen3-1.7B-bfloat16-34816/4-0.6-0.8-amc23-1-128-131072-32768

---> Starting run: seed=5 (6/16)
Skipping run, results found in /projects/bdrx/azhang14/SoberReasoningPlus/results/temp_0.6/Qwen-Qwen3-1.7B-bfloat16-34816/5-0.6-0.8-amc23-1-128-131072-32768

---> Starting run: seed=6 (7/16)
Skipping run, results found in /projects/bdrx/azhang14/SoberReasoningPlus/results/temp_0.6/Qwen-Qwen3-1.7B-bfloat16-34816/6-0.6-0.8-amc23-1-128-131072-32768

---> Starting run: seed=7 (8/16)
Skipping run, results found in /projects/bdrx/azhang14/SoberReasoningPlus/results/temp_0.6/Qwen-Qwen3-1.7B-bfloat16-34816/7-0.6-0.8-amc23-1-128-131072-32768

---> Starting run: seed=8 (9/16)
Skipping run, results found in /projects/bdrx/azhang14/SoberReasoningPlus/results/temp_0.6/Qwen-Qwen3-1.7B-bfloat16-34816/8-0.6-0.8-amc23-1-128-131072-32768

---> Starting run: seed=9 (10/16)
Skipping run, results found in /projects/bdrx/azhang14/SoberReasoningPlus/results/temp_0.6/Qwen-Qwen3-1.7B-bfloat16-34816/9-0.6-0.8-amc23-1-128-131072-32768

---> Starting run: seed=10 (11/16)
Skipping run, results found in /projects/bdrx/azhang14/SoberReasoningPlus/results/temp_0.6/Qwen-Qwen3-1.7B-bfloat16-34816/10-0.6-0.8-amc23-1-128-131072-32768

---> Starting run: seed=11 (12/16)
Skipping run, results found in /projects/bdrx/azhang14/SoberReasoningPlus/results/temp_0.6/Qwen-Qwen3-1.7B-bfloat16-34816/11-0.6-0.8-amc23-1-128-131072-32768

---> Starting run: seed=12 (13/16)
Skipping run, results found in /projects/bdrx/azhang14/SoberReasoningPlus/results/temp_0.6/Qwen-Qwen3-1.7B-bfloat16-34816/12-0.6-0.8-amc23-1-128-131072-32768

---> Starting run: seed=13 (14/16)
Skipping run, results found in /projects/bdrx/azhang14/SoberReasoningPlus/results/temp_0.6/Qwen-Qwen3-1.7B-bfloat16-34816/13-0.6-0.8-amc23-1-128-131072-32768

---> Starting run: seed=14 (15/16)
Skipping run, results found in /projects/bdrx/azhang14/SoberReasoningPlus/results/temp_0.6/Qwen-Qwen3-1.7B-bfloat16-34816/14-0.6-0.8-amc23-1-128-131072-32768

---> Starting run: seed=15 (16/16)
Skipping run, results found in /projects/bdrx/azhang14/SoberReasoningPlus/results/temp_0.6/Qwen-Qwen3-1.7B-bfloat16-34816/15-0.6-0.8-amc23-1-128-131072-32768
Running evaluation for task: custom|math_500|0|0, temperature: 0.6, top_p: 0.8, num_seeds: 3

---> Starting run: seed=0 (1/3)
Skipping run, results found in /projects/bdrx/azhang14/SoberReasoningPlus/results/temp_0.6/Qwen-Qwen3-1.7B-bfloat16-34816/0-0.6-0.8-math_500-1-128-131072-32768

---> Starting run: seed=1 (2/3)
Skipping run, results found in /projects/bdrx/azhang14/SoberReasoningPlus/results/temp_0.6/Qwen-Qwen3-1.7B-bfloat16-34816/1-0.6-0.8-math_500-1-128-131072-32768

---> Starting run: seed=2 (3/3)
Skipping run, results found in /projects/bdrx/azhang14/SoberReasoningPlus/results/temp_0.6/Qwen-Qwen3-1.7B-bfloat16-34816/2-0.6-0.8-math_500-1-128-131072-32768
Running evaluation for task: custom|minerva|0|0, temperature: 0.6, top_p: 0.8, num_seeds: 3

---> Starting run: seed=0 (1/3)
Skipping run, results found in /projects/bdrx/azhang14/SoberReasoningPlus/results/temp_0.6/Qwen-Qwen3-1.7B-bfloat16-34816/0-0.6-0.8-minerva-1-128-131072-32768

---> Starting run: seed=1 (2/3)
Skipping run, results found in /projects/bdrx/azhang14/SoberReasoningPlus/results/temp_0.6/Qwen-Qwen3-1.7B-bfloat16-34816/1-0.6-0.8-minerva-1-128-131072-32768

---> Starting run: seed=2 (3/3)
Skipping run, results found in /projects/bdrx/azhang14/SoberReasoningPlus/results/temp_0.6/Qwen-Qwen3-1.7B-bfloat16-34816/2-0.6-0.8-minerva-1-128-131072-32768
Running evaluation for task: custom|olympiadbench|0|0, temperature: 0.6, top_p: 0.8, num_seeds: 3

---> Starting run: seed=0 (1/3)
Skipping run, results found in /projects/bdrx/azhang14/SoberReasoningPlus/results/temp_0.6/Qwen-Qwen3-1.7B-bfloat16-34816/0-0.6-0.8-olympiadbench-1-128-131072-32768

---> Starting run: seed=1 (2/3)
Skipping run, results found in /projects/bdrx/azhang14/SoberReasoningPlus/results/temp_0.6/Qwen-Qwen3-1.7B-bfloat16-34816/1-0.6-0.8-olympiadbench-1-128-131072-32768

---> Starting run: seed=2 (3/3)
Skipping run, results found in /projects/bdrx/azhang14/SoberReasoningPlus/results/temp_0.6/Qwen-Qwen3-1.7B-bfloat16-34816/2-0.6-0.8-olympiadbench-1-128-131072-32768
Running evaluation for task: custom|aime24|0|0, temperature: 0.6, top_p: 0.9, num_seeds: 16

---> Starting run: seed=0 (1/16)
Skipping run, results found in /projects/bdrx/azhang14/SoberReasoningPlus/results/temp_0.6/Qwen-Qwen3-1.7B-bfloat16-34816/0-0.6-0.9-aime24-1-128-131072-32768

---> Starting run: seed=1 (2/16)
Skipping run, results found in /projects/bdrx/azhang14/SoberReasoningPlus/results/temp_0.6/Qwen-Qwen3-1.7B-bfloat16-34816/1-0.6-0.9-aime24-1-128-131072-32768

---> Starting run: seed=2 (3/16)
Skipping run, results found in /projects/bdrx/azhang14/SoberReasoningPlus/results/temp_0.6/Qwen-Qwen3-1.7B-bfloat16-34816/2-0.6-0.9-aime24-1-128-131072-32768

---> Starting run: seed=3 (4/16)
Skipping run, results found in /projects/bdrx/azhang14/SoberReasoningPlus/results/temp_0.6/Qwen-Qwen3-1.7B-bfloat16-34816/3-0.6-0.9-aime24-1-128-131072-32768

---> Starting run: seed=4 (5/16)
Skipping run, results found in /projects/bdrx/azhang14/SoberReasoningPlus/results/temp_0.6/Qwen-Qwen3-1.7B-bfloat16-34816/4-0.6-0.9-aime24-1-128-131072-32768

---> Starting run: seed=5 (6/16)
Skipping run, results found in /projects/bdrx/azhang14/SoberReasoningPlus/results/temp_0.6/Qwen-Qwen3-1.7B-bfloat16-34816/5-0.6-0.9-aime24-1-128-131072-32768

---> Starting run: seed=6 (7/16)
Skipping run, results found in /projects/bdrx/azhang14/SoberReasoningPlus/results/temp_0.6/Qwen-Qwen3-1.7B-bfloat16-34816/6-0.6-0.9-aime24-1-128-131072-32768

---> Starting run: seed=7 (8/16)
Skipping run, results found in /projects/bdrx/azhang14/SoberReasoningPlus/results/temp_0.6/Qwen-Qwen3-1.7B-bfloat16-34816/7-0.6-0.9-aime24-1-128-131072-32768

---> Starting run: seed=8 (9/16)
Skipping run, results found in /projects/bdrx/azhang14/SoberReasoningPlus/results/temp_0.6/Qwen-Qwen3-1.7B-bfloat16-34816/8-0.6-0.9-aime24-1-128-131072-32768

---> Starting run: seed=9 (10/16)
Skipping run, results found in /projects/bdrx/azhang14/SoberReasoningPlus/results/temp_0.6/Qwen-Qwen3-1.7B-bfloat16-34816/9-0.6-0.9-aime24-1-128-131072-32768

---> Starting run: seed=10 (11/16)
Skipping run, results found in /projects/bdrx/azhang14/SoberReasoningPlus/results/temp_0.6/Qwen-Qwen3-1.7B-bfloat16-34816/10-0.6-0.9-aime24-1-128-131072-32768

---> Starting run: seed=11 (12/16)
Skipping run, results found in /projects/bdrx/azhang14/SoberReasoningPlus/results/temp_0.6/Qwen-Qwen3-1.7B-bfloat16-34816/11-0.6-0.9-aime24-1-128-131072-32768

---> Starting run: seed=12 (13/16)
Skipping run, results found in /projects/bdrx/azhang14/SoberReasoningPlus/results/temp_0.6/Qwen-Qwen3-1.7B-bfloat16-34816/12-0.6-0.9-aime24-1-128-131072-32768

---> Starting run: seed=13 (14/16)
Skipping run, results found in /projects/bdrx/azhang14/SoberReasoningPlus/results/temp_0.6/Qwen-Qwen3-1.7B-bfloat16-34816/13-0.6-0.9-aime24-1-128-131072-32768

---> Starting run: seed=14 (15/16)
Skipping run, results found in /projects/bdrx/azhang14/SoberReasoningPlus/results/temp_0.6/Qwen-Qwen3-1.7B-bfloat16-34816/14-0.6-0.9-aime24-1-128-131072-32768

---> Starting run: seed=15 (16/16)
Skipping run, results found in /projects/bdrx/azhang14/SoberReasoningPlus/results/temp_0.6/Qwen-Qwen3-1.7B-bfloat16-34816/15-0.6-0.9-aime24-1-128-131072-32768
Running evaluation for task: custom|aime25|0|0, temperature: 0.6, top_p: 0.9, num_seeds: 16

---> Starting run: seed=0 (1/16)
Skipping run, results found in /projects/bdrx/azhang14/SoberReasoningPlus/results/temp_0.6/Qwen-Qwen3-1.7B-bfloat16-34816/0-0.6-0.9-aime25-1-128-131072-32768

---> Starting run: seed=1 (2/16)
Skipping run, results found in /projects/bdrx/azhang14/SoberReasoningPlus/results/temp_0.6/Qwen-Qwen3-1.7B-bfloat16-34816/1-0.6-0.9-aime25-1-128-131072-32768

---> Starting run: seed=2 (3/16)
Skipping run, results found in /projects/bdrx/azhang14/SoberReasoningPlus/results/temp_0.6/Qwen-Qwen3-1.7B-bfloat16-34816/2-0.6-0.9-aime25-1-128-131072-32768

---> Starting run: seed=3 (4/16)
Skipping run, results found in /projects/bdrx/azhang14/SoberReasoningPlus/results/temp_0.6/Qwen-Qwen3-1.7B-bfloat16-34816/3-0.6-0.9-aime25-1-128-131072-32768

---> Starting run: seed=4 (5/16)
Skipping run, results found in /projects/bdrx/azhang14/SoberReasoningPlus/results/temp_0.6/Qwen-Qwen3-1.7B-bfloat16-34816/4-0.6-0.9-aime25-1-128-131072-32768

---> Starting run: seed=5 (6/16)
Skipping run, results found in /projects/bdrx/azhang14/SoberReasoningPlus/results/temp_0.6/Qwen-Qwen3-1.7B-bfloat16-34816/5-0.6-0.9-aime25-1-128-131072-32768

---> Starting run: seed=6 (7/16)
Skipping run, results found in /projects/bdrx/azhang14/SoberReasoningPlus/results/temp_0.6/Qwen-Qwen3-1.7B-bfloat16-34816/6-0.6-0.9-aime25-1-128-131072-32768

---> Starting run: seed=7 (8/16)
Skipping run, results found in /projects/bdrx/azhang14/SoberReasoningPlus/results/temp_0.6/Qwen-Qwen3-1.7B-bfloat16-34816/7-0.6-0.9-aime25-1-128-131072-32768

---> Starting run: seed=8 (9/16)
Skipping run, results found in /projects/bdrx/azhang14/SoberReasoningPlus/results/temp_0.6/Qwen-Qwen3-1.7B-bfloat16-34816/8-0.6-0.9-aime25-1-128-131072-32768

---> Starting run: seed=9 (10/16)
Skipping run, results found in /projects/bdrx/azhang14/SoberReasoningPlus/results/temp_0.6/Qwen-Qwen3-1.7B-bfloat16-34816/9-0.6-0.9-aime25-1-128-131072-32768

---> Starting run: seed=10 (11/16)
Skipping run, results found in /projects/bdrx/azhang14/SoberReasoningPlus/results/temp_0.6/Qwen-Qwen3-1.7B-bfloat16-34816/10-0.6-0.9-aime25-1-128-131072-32768

---> Starting run: seed=11 (12/16)
Skipping run, results found in /projects/bdrx/azhang14/SoberReasoningPlus/results/temp_0.6/Qwen-Qwen3-1.7B-bfloat16-34816/11-0.6-0.9-aime25-1-128-131072-32768

---> Starting run: seed=12 (13/16)
Skipping run, results found in /projects/bdrx/azhang14/SoberReasoningPlus/results/temp_0.6/Qwen-Qwen3-1.7B-bfloat16-34816/12-0.6-0.9-aime25-1-128-131072-32768

---> Starting run: seed=13 (14/16)
Skipping run, results found in /projects/bdrx/azhang14/SoberReasoningPlus/results/temp_0.6/Qwen-Qwen3-1.7B-bfloat16-34816/13-0.6-0.9-aime25-1-128-131072-32768

---> Starting run: seed=14 (15/16)
Skipping run, results found in /projects/bdrx/azhang14/SoberReasoningPlus/results/temp_0.6/Qwen-Qwen3-1.7B-bfloat16-34816/14-0.6-0.9-aime25-1-128-131072-32768

---> Starting run: seed=15 (16/16)
Skipping run, results found in /projects/bdrx/azhang14/SoberReasoningPlus/results/temp_0.6/Qwen-Qwen3-1.7B-bfloat16-34816/15-0.6-0.9-aime25-1-128-131072-32768
Running evaluation for task: custom|amc23|0|0, temperature: 0.6, top_p: 0.9, num_seeds: 16

---> Starting run: seed=0 (1/16)
Skipping run, results found in /projects/bdrx/azhang14/SoberReasoningPlus/results/temp_0.6/Qwen-Qwen3-1.7B-bfloat16-34816/0-0.6-0.9-amc23-1-128-131072-32768

---> Starting run: seed=1 (2/16)
Skipping run, results found in /projects/bdrx/azhang14/SoberReasoningPlus/results/temp_0.6/Qwen-Qwen3-1.7B-bfloat16-34816/1-0.6-0.9-amc23-1-128-131072-32768

---> Starting run: seed=2 (3/16)
Skipping run, results found in /projects/bdrx/azhang14/SoberReasoningPlus/results/temp_0.6/Qwen-Qwen3-1.7B-bfloat16-34816/2-0.6-0.9-amc23-1-128-131072-32768

---> Starting run: seed=3 (4/16)
Skipping run, results found in /projects/bdrx/azhang14/SoberReasoningPlus/results/temp_0.6/Qwen-Qwen3-1.7B-bfloat16-34816/3-0.6-0.9-amc23-1-128-131072-32768

---> Starting run: seed=4 (5/16)
Skipping run, results found in /projects/bdrx/azhang14/SoberReasoningPlus/results/temp_0.6/Qwen-Qwen3-1.7B-bfloat16-34816/4-0.6-0.9-amc23-1-128-131072-32768

---> Starting run: seed=5 (6/16)
Skipping run, results found in /projects/bdrx/azhang14/SoberReasoningPlus/results/temp_0.6/Qwen-Qwen3-1.7B-bfloat16-34816/5-0.6-0.9-amc23-1-128-131072-32768

---> Starting run: seed=6 (7/16)
Skipping run, results found in /projects/bdrx/azhang14/SoberReasoningPlus/results/temp_0.6/Qwen-Qwen3-1.7B-bfloat16-34816/6-0.6-0.9-amc23-1-128-131072-32768

---> Starting run: seed=7 (8/16)
Skipping run, results found in /projects/bdrx/azhang14/SoberReasoningPlus/results/temp_0.6/Qwen-Qwen3-1.7B-bfloat16-34816/7-0.6-0.9-amc23-1-128-131072-32768

---> Starting run: seed=8 (9/16)
Skipping run, results found in /projects/bdrx/azhang14/SoberReasoningPlus/results/temp_0.6/Qwen-Qwen3-1.7B-bfloat16-34816/8-0.6-0.9-amc23-1-128-131072-32768

---> Starting run: seed=9 (10/16)
Skipping run, results found in /projects/bdrx/azhang14/SoberReasoningPlus/results/temp_0.6/Qwen-Qwen3-1.7B-bfloat16-34816/9-0.6-0.9-amc23-1-128-131072-32768

---> Starting run: seed=10 (11/16)
Skipping run, results found in /projects/bdrx/azhang14/SoberReasoningPlus/results/temp_0.6/Qwen-Qwen3-1.7B-bfloat16-34816/10-0.6-0.9-amc23-1-128-131072-32768

---> Starting run: seed=11 (12/16)
Skipping run, results found in /projects/bdrx/azhang14/SoberReasoningPlus/results/temp_0.6/Qwen-Qwen3-1.7B-bfloat16-34816/11-0.6-0.9-amc23-1-128-131072-32768

---> Starting run: seed=12 (13/16)
Skipping run, results found in /projects/bdrx/azhang14/SoberReasoningPlus/results/temp_0.6/Qwen-Qwen3-1.7B-bfloat16-34816/12-0.6-0.9-amc23-1-128-131072-32768

---> Starting run: seed=13 (14/16)
Skipping run, results found in /projects/bdrx/azhang14/SoberReasoningPlus/results/temp_0.6/Qwen-Qwen3-1.7B-bfloat16-34816/13-0.6-0.9-amc23-1-128-131072-32768

---> Starting run: seed=14 (15/16)
Skipping run, results found in /projects/bdrx/azhang14/SoberReasoningPlus/results/temp_0.6/Qwen-Qwen3-1.7B-bfloat16-34816/14-0.6-0.9-amc23-1-128-131072-32768

---> Starting run: seed=15 (16/16)
Skipping run, results found in /projects/bdrx/azhang14/SoberReasoningPlus/results/temp_0.6/Qwen-Qwen3-1.7B-bfloat16-34816/15-0.6-0.9-amc23-1-128-131072-32768
Running evaluation for task: custom|math_500|0|0, temperature: 0.6, top_p: 0.9, num_seeds: 3

---> Starting run: seed=0 (1/3)
Skipping run, results found in /projects/bdrx/azhang14/SoberReasoningPlus/results/temp_0.6/Qwen-Qwen3-1.7B-bfloat16-34816/0-0.6-0.9-math_500-1-128-131072-32768

---> Starting run: seed=1 (2/3)
Skipping run, results found in /projects/bdrx/azhang14/SoberReasoningPlus/results/temp_0.6/Qwen-Qwen3-1.7B-bfloat16-34816/1-0.6-0.9-math_500-1-128-131072-32768

---> Starting run: seed=2 (3/3)
Skipping run, results found in /projects/bdrx/azhang14/SoberReasoningPlus/results/temp_0.6/Qwen-Qwen3-1.7B-bfloat16-34816/2-0.6-0.9-math_500-1-128-131072-32768
Running evaluation for task: custom|minerva|0|0, temperature: 0.6, top_p: 0.9, num_seeds: 3

---> Starting run: seed=0 (1/3)
Skipping run, results found in /projects/bdrx/azhang14/SoberReasoningPlus/results/temp_0.6/Qwen-Qwen3-1.7B-bfloat16-34816/0-0.6-0.9-minerva-1-128-131072-32768

---> Starting run: seed=1 (2/3)
Skipping run, results found in /projects/bdrx/azhang14/SoberReasoningPlus/results/temp_0.6/Qwen-Qwen3-1.7B-bfloat16-34816/1-0.6-0.9-minerva-1-128-131072-32768

---> Starting run: seed=2 (3/3)
Skipping run, results found in /projects/bdrx/azhang14/SoberReasoningPlus/results/temp_0.6/Qwen-Qwen3-1.7B-bfloat16-34816/2-0.6-0.9-minerva-1-128-131072-32768
Running evaluation for task: custom|olympiadbench|0|0, temperature: 0.6, top_p: 0.9, num_seeds: 3

---> Starting run: seed=0 (1/3)
Skipping run, results found in /projects/bdrx/azhang14/SoberReasoningPlus/results/temp_0.6/Qwen-Qwen3-1.7B-bfloat16-34816/0-0.6-0.9-olympiadbench-1-128-131072-32768

---> Starting run: seed=1 (2/3)
Skipping run, results found in /projects/bdrx/azhang14/SoberReasoningPlus/results/temp_0.6/Qwen-Qwen3-1.7B-bfloat16-34816/1-0.6-0.9-olympiadbench-1-128-131072-32768

---> Starting run: seed=2 (3/3)
Skipping run, results found in /projects/bdrx/azhang14/SoberReasoningPlus/results/temp_0.6/Qwen-Qwen3-1.7B-bfloat16-34816/2-0.6-0.9-olympiadbench-1-128-131072-32768
Running evaluation for task: custom|aime24|0|0, temperature: 0.6, top_p: 0.95, num_seeds: 16

---> Starting run: seed=0 (1/16)
Skipping run, results found in /projects/bdrx/azhang14/SoberReasoningPlus/results/temp_0.6/Qwen-Qwen3-1.7B-bfloat16-34816/0-0.6-0.95-aime24-1-128-131072-32768

---> Starting run: seed=1 (2/16)
Skipping run, results found in /projects/bdrx/azhang14/SoberReasoningPlus/results/temp_0.6/Qwen-Qwen3-1.7B-bfloat16-34816/1-0.6-0.95-aime24-1-128-131072-32768

---> Starting run: seed=2 (3/16)
Skipping run, results found in /projects/bdrx/azhang14/SoberReasoningPlus/results/temp_0.6/Qwen-Qwen3-1.7B-bfloat16-34816/2-0.6-0.95-aime24-1-128-131072-32768

---> Starting run: seed=3 (4/16)
Skipping run, results found in /projects/bdrx/azhang14/SoberReasoningPlus/results/temp_0.6/Qwen-Qwen3-1.7B-bfloat16-34816/3-0.6-0.95-aime24-1-128-131072-32768

---> Starting run: seed=4 (5/16)
Skipping run, results found in /projects/bdrx/azhang14/SoberReasoningPlus/results/temp_0.6/Qwen-Qwen3-1.7B-bfloat16-34816/4-0.6-0.95-aime24-1-128-131072-32768

---> Starting run: seed=5 (6/16)
Skipping run, results found in /projects/bdrx/azhang14/SoberReasoningPlus/results/temp_0.6/Qwen-Qwen3-1.7B-bfloat16-34816/5-0.6-0.95-aime24-1-128-131072-32768

---> Starting run: seed=6 (7/16)
Skipping run, results found in /projects/bdrx/azhang14/SoberReasoningPlus/results/temp_0.6/Qwen-Qwen3-1.7B-bfloat16-34816/6-0.6-0.95-aime24-1-128-131072-32768

---> Starting run: seed=7 (8/16)
Skipping run, results found in /projects/bdrx/azhang14/SoberReasoningPlus/results/temp_0.6/Qwen-Qwen3-1.7B-bfloat16-34816/7-0.6-0.95-aime24-1-128-131072-32768

---> Starting run: seed=8 (9/16)
Skipping run, results found in /projects/bdrx/azhang14/SoberReasoningPlus/results/temp_0.6/Qwen-Qwen3-1.7B-bfloat16-34816/8-0.6-0.95-aime24-1-128-131072-32768

---> Starting run: seed=9 (10/16)
Skipping run, results found in /projects/bdrx/azhang14/SoberReasoningPlus/results/temp_0.6/Qwen-Qwen3-1.7B-bfloat16-34816/9-0.6-0.95-aime24-1-128-131072-32768

---> Starting run: seed=10 (11/16)
Skipping run, results found in /projects/bdrx/azhang14/SoberReasoningPlus/results/temp_0.6/Qwen-Qwen3-1.7B-bfloat16-34816/10-0.6-0.95-aime24-1-128-131072-32768

---> Starting run: seed=11 (12/16)
Skipping run, results found in /projects/bdrx/azhang14/SoberReasoningPlus/results/temp_0.6/Qwen-Qwen3-1.7B-bfloat16-34816/11-0.6-0.95-aime24-1-128-131072-32768

---> Starting run: seed=12 (13/16)
Skipping run, results found in /projects/bdrx/azhang14/SoberReasoningPlus/results/temp_0.6/Qwen-Qwen3-1.7B-bfloat16-34816/12-0.6-0.95-aime24-1-128-131072-32768

---> Starting run: seed=13 (14/16)
Skipping run, results found in /projects/bdrx/azhang14/SoberReasoningPlus/results/temp_0.6/Qwen-Qwen3-1.7B-bfloat16-34816/13-0.6-0.95-aime24-1-128-131072-32768

---> Starting run: seed=14 (15/16)
Skipping run, results found in /projects/bdrx/azhang14/SoberReasoningPlus/results/temp_0.6/Qwen-Qwen3-1.7B-bfloat16-34816/14-0.6-0.95-aime24-1-128-131072-32768

---> Starting run: seed=15 (16/16)
Skipping run, results found in /projects/bdrx/azhang14/SoberReasoningPlus/results/temp_0.6/Qwen-Qwen3-1.7B-bfloat16-34816/15-0.6-0.95-aime24-1-128-131072-32768
Running evaluation for task: custom|aime25|0|0, temperature: 0.6, top_p: 0.95, num_seeds: 16

---> Starting run: seed=0 (1/16)
Skipping run, results found in /projects/bdrx/azhang14/SoberReasoningPlus/results/temp_0.6/Qwen-Qwen3-1.7B-bfloat16-34816/0-0.6-0.95-aime25-1-128-131072-32768

---> Starting run: seed=1 (2/16)
Skipping run, results found in /projects/bdrx/azhang14/SoberReasoningPlus/results/temp_0.6/Qwen-Qwen3-1.7B-bfloat16-34816/1-0.6-0.95-aime25-1-128-131072-32768

---> Starting run: seed=2 (3/16)
Skipping run, results found in /projects/bdrx/azhang14/SoberReasoningPlus/results/temp_0.6/Qwen-Qwen3-1.7B-bfloat16-34816/2-0.6-0.95-aime25-1-128-131072-32768

---> Starting run: seed=3 (4/16)
Skipping run, results found in /projects/bdrx/azhang14/SoberReasoningPlus/results/temp_0.6/Qwen-Qwen3-1.7B-bfloat16-34816/3-0.6-0.95-aime25-1-128-131072-32768

---> Starting run: seed=4 (5/16)
Skipping run, results found in /projects/bdrx/azhang14/SoberReasoningPlus/results/temp_0.6/Qwen-Qwen3-1.7B-bfloat16-34816/4-0.6-0.95-aime25-1-128-131072-32768

---> Starting run: seed=5 (6/16)
Skipping run, results found in /projects/bdrx/azhang14/SoberReasoningPlus/results/temp_0.6/Qwen-Qwen3-1.7B-bfloat16-34816/5-0.6-0.95-aime25-1-128-131072-32768

---> Starting run: seed=6 (7/16)
Skipping run, results found in /projects/bdrx/azhang14/SoberReasoningPlus/results/temp_0.6/Qwen-Qwen3-1.7B-bfloat16-34816/6-0.6-0.95-aime25-1-128-131072-32768

---> Starting run: seed=7 (8/16)
Skipping run, results found in /projects/bdrx/azhang14/SoberReasoningPlus/results/temp_0.6/Qwen-Qwen3-1.7B-bfloat16-34816/7-0.6-0.95-aime25-1-128-131072-32768

---> Starting run: seed=8 (9/16)
Skipping run, results found in /projects/bdrx/azhang14/SoberReasoningPlus/results/temp_0.6/Qwen-Qwen3-1.7B-bfloat16-34816/8-0.6-0.95-aime25-1-128-131072-32768

---> Starting run: seed=9 (10/16)
Skipping run, results found in /projects/bdrx/azhang14/SoberReasoningPlus/results/temp_0.6/Qwen-Qwen3-1.7B-bfloat16-34816/9-0.6-0.95-aime25-1-128-131072-32768

---> Starting run: seed=10 (11/16)
Skipping run, results found in /projects/bdrx/azhang14/SoberReasoningPlus/results/temp_0.6/Qwen-Qwen3-1.7B-bfloat16-34816/10-0.6-0.95-aime25-1-128-131072-32768

---> Starting run: seed=11 (12/16)
Skipping run, results found in /projects/bdrx/azhang14/SoberReasoningPlus/results/temp_0.6/Qwen-Qwen3-1.7B-bfloat16-34816/11-0.6-0.95-aime25-1-128-131072-32768

---> Starting run: seed=12 (13/16)
Skipping run, results found in /projects/bdrx/azhang14/SoberReasoningPlus/results/temp_0.6/Qwen-Qwen3-1.7B-bfloat16-34816/12-0.6-0.95-aime25-1-128-131072-32768

---> Starting run: seed=13 (14/16)
Skipping run, results found in /projects/bdrx/azhang14/SoberReasoningPlus/results/temp_0.6/Qwen-Qwen3-1.7B-bfloat16-34816/13-0.6-0.95-aime25-1-128-131072-32768

---> Starting run: seed=14 (15/16)
Skipping run, results found in /projects/bdrx/azhang14/SoberReasoningPlus/results/temp_0.6/Qwen-Qwen3-1.7B-bfloat16-34816/14-0.6-0.95-aime25-1-128-131072-32768

---> Starting run: seed=15 (16/16)
Skipping run, results found in /projects/bdrx/azhang14/SoberReasoningPlus/results/temp_0.6/Qwen-Qwen3-1.7B-bfloat16-34816/15-0.6-0.95-aime25-1-128-131072-32768
Running evaluation for task: custom|amc23|0|0, temperature: 0.6, top_p: 0.95, num_seeds: 16

---> Starting run: seed=0 (1/16)
Skipping run, results found in /projects/bdrx/azhang14/SoberReasoningPlus/results/temp_0.6/Qwen-Qwen3-1.7B-bfloat16-34816/0-0.6-0.95-amc23-1-128-131072-32768

---> Starting run: seed=1 (2/16)
Skipping run, results found in /projects/bdrx/azhang14/SoberReasoningPlus/results/temp_0.6/Qwen-Qwen3-1.7B-bfloat16-34816/1-0.6-0.95-amc23-1-128-131072-32768

---> Starting run: seed=2 (3/16)
Skipping run, results found in /projects/bdrx/azhang14/SoberReasoningPlus/results/temp_0.6/Qwen-Qwen3-1.7B-bfloat16-34816/2-0.6-0.95-amc23-1-128-131072-32768

---> Starting run: seed=3 (4/16)
Skipping run, results found in /projects/bdrx/azhang14/SoberReasoningPlus/results/temp_0.6/Qwen-Qwen3-1.7B-bfloat16-34816/3-0.6-0.95-amc23-1-128-131072-32768

---> Starting run: seed=4 (5/16)
Skipping run, results found in /projects/bdrx/azhang14/SoberReasoningPlus/results/temp_0.6/Qwen-Qwen3-1.7B-bfloat16-34816/4-0.6-0.95-amc23-1-128-131072-32768

---> Starting run: seed=5 (6/16)
Skipping run, results found in /projects/bdrx/azhang14/SoberReasoningPlus/results/temp_0.6/Qwen-Qwen3-1.7B-bfloat16-34816/5-0.6-0.95-amc23-1-128-131072-32768

---> Starting run: seed=6 (7/16)
Skipping run, results found in /projects/bdrx/azhang14/SoberReasoningPlus/results/temp_0.6/Qwen-Qwen3-1.7B-bfloat16-34816/6-0.6-0.95-amc23-1-128-131072-32768

---> Starting run: seed=7 (8/16)
Skipping run, results found in /projects/bdrx/azhang14/SoberReasoningPlus/results/temp_0.6/Qwen-Qwen3-1.7B-bfloat16-34816/7-0.6-0.95-amc23-1-128-131072-32768

---> Starting run: seed=8 (9/16)
Skipping run, results found in /projects/bdrx/azhang14/SoberReasoningPlus/results/temp_0.6/Qwen-Qwen3-1.7B-bfloat16-34816/8-0.6-0.95-amc23-1-128-131072-32768

---> Starting run: seed=9 (10/16)
Skipping run, results found in /projects/bdrx/azhang14/SoberReasoningPlus/results/temp_0.6/Qwen-Qwen3-1.7B-bfloat16-34816/9-0.6-0.95-amc23-1-128-131072-32768

---> Starting run: seed=10 (11/16)
Skipping run, results found in /projects/bdrx/azhang14/SoberReasoningPlus/results/temp_0.6/Qwen-Qwen3-1.7B-bfloat16-34816/10-0.6-0.95-amc23-1-128-131072-32768

---> Starting run: seed=11 (12/16)
Skipping run, results found in /projects/bdrx/azhang14/SoberReasoningPlus/results/temp_0.6/Qwen-Qwen3-1.7B-bfloat16-34816/11-0.6-0.95-amc23-1-128-131072-32768

---> Starting run: seed=12 (13/16)
Skipping run, results found in /projects/bdrx/azhang14/SoberReasoningPlus/results/temp_0.6/Qwen-Qwen3-1.7B-bfloat16-34816/12-0.6-0.95-amc23-1-128-131072-32768

---> Starting run: seed=13 (14/16)
Skipping run, results found in /projects/bdrx/azhang14/SoberReasoningPlus/results/temp_0.6/Qwen-Qwen3-1.7B-bfloat16-34816/13-0.6-0.95-amc23-1-128-131072-32768

---> Starting run: seed=14 (15/16)
Skipping run, results found in /projects/bdrx/azhang14/SoberReasoningPlus/results/temp_0.6/Qwen-Qwen3-1.7B-bfloat16-34816/14-0.6-0.95-amc23-1-128-131072-32768

---> Starting run: seed=15 (16/16)
Skipping run, results found in /projects/bdrx/azhang14/SoberReasoningPlus/results/temp_0.6/Qwen-Qwen3-1.7B-bfloat16-34816/15-0.6-0.95-amc23-1-128-131072-32768
Running evaluation for task: custom|math_500|0|0, temperature: 0.6, top_p: 0.95, num_seeds: 3

---> Starting run: seed=0 (1/3)
Skipping run, results found in /projects/bdrx/azhang14/SoberReasoningPlus/results/temp_0.6/Qwen-Qwen3-1.7B-bfloat16-34816/0-0.6-0.95-math_500-1-128-131072-32768

---> Starting run: seed=1 (2/3)
Skipping run, results found in /projects/bdrx/azhang14/SoberReasoningPlus/results/temp_0.6/Qwen-Qwen3-1.7B-bfloat16-34816/1-0.6-0.95-math_500-1-128-131072-32768

---> Starting run: seed=2 (3/3)
Skipping run, results found in /projects/bdrx/azhang14/SoberReasoningPlus/results/temp_0.6/Qwen-Qwen3-1.7B-bfloat16-34816/2-0.6-0.95-math_500-1-128-131072-32768
Running evaluation for task: custom|minerva|0|0, temperature: 0.6, top_p: 0.95, num_seeds: 3

---> Starting run: seed=0 (1/3)
Skipping run, results found in /projects/bdrx/azhang14/SoberReasoningPlus/results/temp_0.6/Qwen-Qwen3-1.7B-bfloat16-34816/0-0.6-0.95-minerva-1-128-131072-32768

---> Starting run: seed=1 (2/3)
Skipping run, results found in /projects/bdrx/azhang14/SoberReasoningPlus/results/temp_0.6/Qwen-Qwen3-1.7B-bfloat16-34816/1-0.6-0.95-minerva-1-128-131072-32768

---> Starting run: seed=2 (3/3)
Skipping run, results found in /projects/bdrx/azhang14/SoberReasoningPlus/results/temp_0.6/Qwen-Qwen3-1.7B-bfloat16-34816/2-0.6-0.95-minerva-1-128-131072-32768
Running evaluation for task: custom|olympiadbench|0|0, temperature: 0.6, top_p: 0.95, num_seeds: 3

---> Starting run: seed=0 (1/3)
Skipping run, results found in /projects/bdrx/azhang14/SoberReasoningPlus/results/temp_0.6/Qwen-Qwen3-1.7B-bfloat16-34816/0-0.6-0.95-olympiadbench-1-128-131072-32768

---> Starting run: seed=1 (2/3)
Skipping run, results found in /projects/bdrx/azhang14/SoberReasoningPlus/results/temp_0.6/Qwen-Qwen3-1.7B-bfloat16-34816/1-0.6-0.95-olympiadbench-1-128-131072-32768

---> Starting run: seed=2 (3/3)
Skipping run, results found in /projects/bdrx/azhang14/SoberReasoningPlus/results/temp_0.6/Qwen-Qwen3-1.7B-bfloat16-34816/2-0.6-0.95-olympiadbench-1-128-131072-32768
Running evaluation for task: custom|aime24|0|0, temperature: 0.6, top_p: 1.0, num_seeds: 16

---> Starting run: seed=0 (1/16)
Skipping run, results found in /projects/bdrx/azhang14/SoberReasoningPlus/results/temp_0.6/Qwen-Qwen3-1.7B-bfloat16-34816/0-0.6-1.0-aime24-1-128-131072-32768

---> Starting run: seed=1 (2/16)
Skipping run, results found in /projects/bdrx/azhang14/SoberReasoningPlus/results/temp_0.6/Qwen-Qwen3-1.7B-bfloat16-34816/1-0.6-1.0-aime24-1-128-131072-32768

---> Starting run: seed=2 (3/16)
Skipping run, results found in /projects/bdrx/azhang14/SoberReasoningPlus/results/temp_0.6/Qwen-Qwen3-1.7B-bfloat16-34816/2-0.6-1.0-aime24-1-128-131072-32768

---> Starting run: seed=3 (4/16)
Skipping run, results found in /projects/bdrx/azhang14/SoberReasoningPlus/results/temp_0.6/Qwen-Qwen3-1.7B-bfloat16-34816/3-0.6-1.0-aime24-1-128-131072-32768

---> Starting run: seed=4 (5/16)
Skipping run, results found in /projects/bdrx/azhang14/SoberReasoningPlus/results/temp_0.6/Qwen-Qwen3-1.7B-bfloat16-34816/4-0.6-1.0-aime24-1-128-131072-32768

---> Starting run: seed=5 (6/16)
Skipping run, results found in /projects/bdrx/azhang14/SoberReasoningPlus/results/temp_0.6/Qwen-Qwen3-1.7B-bfloat16-34816/5-0.6-1.0-aime24-1-128-131072-32768

---> Starting run: seed=6 (7/16)
Skipping run, results found in /projects/bdrx/azhang14/SoberReasoningPlus/results/temp_0.6/Qwen-Qwen3-1.7B-bfloat16-34816/6-0.6-1.0-aime24-1-128-131072-32768

---> Starting run: seed=7 (8/16)
Skipping run, results found in /projects/bdrx/azhang14/SoberReasoningPlus/results/temp_0.6/Qwen-Qwen3-1.7B-bfloat16-34816/7-0.6-1.0-aime24-1-128-131072-32768

---> Starting run: seed=8 (9/16)
Skipping run, results found in /projects/bdrx/azhang14/SoberReasoningPlus/results/temp_0.6/Qwen-Qwen3-1.7B-bfloat16-34816/8-0.6-1.0-aime24-1-128-131072-32768

---> Starting run: seed=9 (10/16)
Skipping run, results found in /projects/bdrx/azhang14/SoberReasoningPlus/results/temp_0.6/Qwen-Qwen3-1.7B-bfloat16-34816/9-0.6-1.0-aime24-1-128-131072-32768

---> Starting run: seed=10 (11/16)
Skipping run, results found in /projects/bdrx/azhang14/SoberReasoningPlus/results/temp_0.6/Qwen-Qwen3-1.7B-bfloat16-34816/10-0.6-1.0-aime24-1-128-131072-32768

---> Starting run: seed=11 (12/16)
Skipping run, results found in /projects/bdrx/azhang14/SoberReasoningPlus/results/temp_0.6/Qwen-Qwen3-1.7B-bfloat16-34816/11-0.6-1.0-aime24-1-128-131072-32768

---> Starting run: seed=12 (13/16)
Skipping run, results found in /projects/bdrx/azhang14/SoberReasoningPlus/results/temp_0.6/Qwen-Qwen3-1.7B-bfloat16-34816/12-0.6-1.0-aime24-1-128-131072-32768

---> Starting run: seed=13 (14/16)
Skipping run, results found in /projects/bdrx/azhang14/SoberReasoningPlus/results/temp_0.6/Qwen-Qwen3-1.7B-bfloat16-34816/13-0.6-1.0-aime24-1-128-131072-32768

---> Starting run: seed=14 (15/16)
Skipping run, results found in /projects/bdrx/azhang14/SoberReasoningPlus/results/temp_0.6/Qwen-Qwen3-1.7B-bfloat16-34816/14-0.6-1.0-aime24-1-128-131072-32768

---> Starting run: seed=15 (16/16)
Skipping run, results found in /projects/bdrx/azhang14/SoberReasoningPlus/results/temp_0.6/Qwen-Qwen3-1.7B-bfloat16-34816/15-0.6-1.0-aime24-1-128-131072-32768
Running evaluation for task: custom|aime25|0|0, temperature: 0.6, top_p: 1.0, num_seeds: 16

---> Starting run: seed=0 (1/16)
Skipping run, results found in /projects/bdrx/azhang14/SoberReasoningPlus/results/temp_0.6/Qwen-Qwen3-1.7B-bfloat16-34816/0-0.6-1.0-aime25-1-128-131072-32768

---> Starting run: seed=1 (2/16)
Skipping run, results found in /projects/bdrx/azhang14/SoberReasoningPlus/results/temp_0.6/Qwen-Qwen3-1.7B-bfloat16-34816/1-0.6-1.0-aime25-1-128-131072-32768

---> Starting run: seed=2 (3/16)
Skipping run, results found in /projects/bdrx/azhang14/SoberReasoningPlus/results/temp_0.6/Qwen-Qwen3-1.7B-bfloat16-34816/2-0.6-1.0-aime25-1-128-131072-32768

---> Starting run: seed=3 (4/16)
Skipping run, results found in /projects/bdrx/azhang14/SoberReasoningPlus/results/temp_0.6/Qwen-Qwen3-1.7B-bfloat16-34816/3-0.6-1.0-aime25-1-128-131072-32768

---> Starting run: seed=4 (5/16)
Skipping run, results found in /projects/bdrx/azhang14/SoberReasoningPlus/results/temp_0.6/Qwen-Qwen3-1.7B-bfloat16-34816/4-0.6-1.0-aime25-1-128-131072-32768

---> Starting run: seed=5 (6/16)
Skipping run, results found in /projects/bdrx/azhang14/SoberReasoningPlus/results/temp_0.6/Qwen-Qwen3-1.7B-bfloat16-34816/5-0.6-1.0-aime25-1-128-131072-32768

---> Starting run: seed=6 (7/16)
Skipping run, results found in /projects/bdrx/azhang14/SoberReasoningPlus/results/temp_0.6/Qwen-Qwen3-1.7B-bfloat16-34816/6-0.6-1.0-aime25-1-128-131072-32768

---> Starting run: seed=7 (8/16)
Skipping run, results found in /projects/bdrx/azhang14/SoberReasoningPlus/results/temp_0.6/Qwen-Qwen3-1.7B-bfloat16-34816/7-0.6-1.0-aime25-1-128-131072-32768

---> Starting run: seed=8 (9/16)
Skipping run, results found in /projects/bdrx/azhang14/SoberReasoningPlus/results/temp_0.6/Qwen-Qwen3-1.7B-bfloat16-34816/8-0.6-1.0-aime25-1-128-131072-32768

---> Starting run: seed=9 (10/16)
Skipping run, results found in /projects/bdrx/azhang14/SoberReasoningPlus/results/temp_0.6/Qwen-Qwen3-1.7B-bfloat16-34816/9-0.6-1.0-aime25-1-128-131072-32768

---> Starting run: seed=10 (11/16)
Skipping run, results found in /projects/bdrx/azhang14/SoberReasoningPlus/results/temp_0.6/Qwen-Qwen3-1.7B-bfloat16-34816/10-0.6-1.0-aime25-1-128-131072-32768

---> Starting run: seed=11 (12/16)
Skipping run, results found in /projects/bdrx/azhang14/SoberReasoningPlus/results/temp_0.6/Qwen-Qwen3-1.7B-bfloat16-34816/11-0.6-1.0-aime25-1-128-131072-32768

---> Starting run: seed=12 (13/16)
Skipping run, results found in /projects/bdrx/azhang14/SoberReasoningPlus/results/temp_0.6/Qwen-Qwen3-1.7B-bfloat16-34816/12-0.6-1.0-aime25-1-128-131072-32768

---> Starting run: seed=13 (14/16)
Skipping run, results found in /projects/bdrx/azhang14/SoberReasoningPlus/results/temp_0.6/Qwen-Qwen3-1.7B-bfloat16-34816/13-0.6-1.0-aime25-1-128-131072-32768

---> Starting run: seed=14 (15/16)
Skipping run, results found in /projects/bdrx/azhang14/SoberReasoningPlus/results/temp_0.6/Qwen-Qwen3-1.7B-bfloat16-34816/14-0.6-1.0-aime25-1-128-131072-32768

---> Starting run: seed=15 (16/16)
Skipping run, results found in /projects/bdrx/azhang14/SoberReasoningPlus/results/temp_0.6/Qwen-Qwen3-1.7B-bfloat16-34816/15-0.6-1.0-aime25-1-128-131072-32768
Running evaluation for task: custom|amc23|0|0, temperature: 0.6, top_p: 1.0, num_seeds: 16

---> Starting run: seed=0 (1/16)
Skipping run, results found in /projects/bdrx/azhang14/SoberReasoningPlus/results/temp_0.6/Qwen-Qwen3-1.7B-bfloat16-34816/0-0.6-1.0-amc23-1-128-131072-32768

---> Starting run: seed=1 (2/16)
Skipping run, results found in /projects/bdrx/azhang14/SoberReasoningPlus/results/temp_0.6/Qwen-Qwen3-1.7B-bfloat16-34816/1-0.6-1.0-amc23-1-128-131072-32768

---> Starting run: seed=2 (3/16)
Skipping run, results found in /projects/bdrx/azhang14/SoberReasoningPlus/results/temp_0.6/Qwen-Qwen3-1.7B-bfloat16-34816/2-0.6-1.0-amc23-1-128-131072-32768

---> Starting run: seed=3 (4/16)
Skipping run, results found in /projects/bdrx/azhang14/SoberReasoningPlus/results/temp_0.6/Qwen-Qwen3-1.7B-bfloat16-34816/3-0.6-1.0-amc23-1-128-131072-32768

---> Starting run: seed=4 (5/16)
Skipping run, results found in /projects/bdrx/azhang14/SoberReasoningPlus/results/temp_0.6/Qwen-Qwen3-1.7B-bfloat16-34816/4-0.6-1.0-amc23-1-128-131072-32768

---> Starting run: seed=5 (6/16)
Skipping run, results found in /projects/bdrx/azhang14/SoberReasoningPlus/results/temp_0.6/Qwen-Qwen3-1.7B-bfloat16-34816/5-0.6-1.0-amc23-1-128-131072-32768

---> Starting run: seed=6 (7/16)
Skipping run, results found in /projects/bdrx/azhang14/SoberReasoningPlus/results/temp_0.6/Qwen-Qwen3-1.7B-bfloat16-34816/6-0.6-1.0-amc23-1-128-131072-32768

---> Starting run: seed=7 (8/16)
Skipping run, results found in /projects/bdrx/azhang14/SoberReasoningPlus/results/temp_0.6/Qwen-Qwen3-1.7B-bfloat16-34816/7-0.6-1.0-amc23-1-128-131072-32768

---> Starting run: seed=8 (9/16)
Skipping run, results found in /projects/bdrx/azhang14/SoberReasoningPlus/results/temp_0.6/Qwen-Qwen3-1.7B-bfloat16-34816/8-0.6-1.0-amc23-1-128-131072-32768

---> Starting run: seed=9 (10/16)
Skipping run, results found in /projects/bdrx/azhang14/SoberReasoningPlus/results/temp_0.6/Qwen-Qwen3-1.7B-bfloat16-34816/9-0.6-1.0-amc23-1-128-131072-32768

---> Starting run: seed=10 (11/16)
Skipping run, results found in /projects/bdrx/azhang14/SoberReasoningPlus/results/temp_0.6/Qwen-Qwen3-1.7B-bfloat16-34816/10-0.6-1.0-amc23-1-128-131072-32768

---> Starting run: seed=11 (12/16)
Skipping run, results found in /projects/bdrx/azhang14/SoberReasoningPlus/results/temp_0.6/Qwen-Qwen3-1.7B-bfloat16-34816/11-0.6-1.0-amc23-1-128-131072-32768

---> Starting run: seed=12 (13/16)
Skipping run, results found in /projects/bdrx/azhang14/SoberReasoningPlus/results/temp_0.6/Qwen-Qwen3-1.7B-bfloat16-34816/12-0.6-1.0-amc23-1-128-131072-32768

---> Starting run: seed=13 (14/16)
Skipping run, results found in /projects/bdrx/azhang14/SoberReasoningPlus/results/temp_0.6/Qwen-Qwen3-1.7B-bfloat16-34816/13-0.6-1.0-amc23-1-128-131072-32768

---> Starting run: seed=14 (15/16)
Skipping run, results found in /projects/bdrx/azhang14/SoberReasoningPlus/results/temp_0.6/Qwen-Qwen3-1.7B-bfloat16-34816/14-0.6-1.0-amc23-1-128-131072-32768

---> Starting run: seed=15 (16/16)
Skipping run, results found in /projects/bdrx/azhang14/SoberReasoningPlus/results/temp_0.6/Qwen-Qwen3-1.7B-bfloat16-34816/15-0.6-1.0-amc23-1-128-131072-32768
Running evaluation for task: custom|math_500|0|0, temperature: 0.6, top_p: 1.0, num_seeds: 3

---> Starting run: seed=0 (1/3)
Skipping run, results found in /projects/bdrx/azhang14/SoberReasoningPlus/results/temp_0.6/Qwen-Qwen3-1.7B-bfloat16-34816/0-0.6-1.0-math_500-1-128-131072-32768

---> Starting run: seed=1 (2/3)
Skipping run, results found in /projects/bdrx/azhang14/SoberReasoningPlus/results/temp_0.6/Qwen-Qwen3-1.7B-bfloat16-34816/1-0.6-1.0-math_500-1-128-131072-32768

---> Starting run: seed=2 (3/3)
Skipping run, results found in /projects/bdrx/azhang14/SoberReasoningPlus/results/temp_0.6/Qwen-Qwen3-1.7B-bfloat16-34816/2-0.6-1.0-math_500-1-128-131072-32768
Running evaluation for task: custom|minerva|0|0, temperature: 0.6, top_p: 1.0, num_seeds: 3

---> Starting run: seed=0 (1/3)
Skipping run, results found in /projects/bdrx/azhang14/SoberReasoningPlus/results/temp_0.6/Qwen-Qwen3-1.7B-bfloat16-34816/0-0.6-1.0-minerva-1-128-131072-32768

---> Starting run: seed=1 (2/3)
Skipping run, results found in /projects/bdrx/azhang14/SoberReasoningPlus/results/temp_0.6/Qwen-Qwen3-1.7B-bfloat16-34816/1-0.6-1.0-minerva-1-128-131072-32768

---> Starting run: seed=2 (3/3)
Skipping run, results found in /projects/bdrx/azhang14/SoberReasoningPlus/results/temp_0.6/Qwen-Qwen3-1.7B-bfloat16-34816/2-0.6-1.0-minerva-1-128-131072-32768
Running evaluation for task: custom|olympiadbench|0|0, temperature: 0.6, top_p: 1.0, num_seeds: 3

---> Starting run: seed=0 (1/3)
Skipping run, results found in /projects/bdrx/azhang14/SoberReasoningPlus/results/temp_0.6/Qwen-Qwen3-1.7B-bfloat16-34816/0-0.6-1.0-olympiadbench-1-128-131072-32768

---> Starting run: seed=1 (2/3)
Skipping run, results found in /projects/bdrx/azhang14/SoberReasoningPlus/results/temp_0.6/Qwen-Qwen3-1.7B-bfloat16-34816/1-0.6-1.0-olympiadbench-1-128-131072-32768

---> Starting run: seed=2 (3/3)
Skipping run, results found in /projects/bdrx/azhang14/SoberReasoningPlus/results/temp_0.6/Qwen-Qwen3-1.7B-bfloat16-34816/2-0.6-1.0-olympiadbench-1-128-131072-32768
Total execution time: 0:03:30.559013
|      Task      |Version|     Metric     |Value|   |Stderr|
|----------------|------:|----------------|----:|---|-----:|
|all             |       |extractive_match|0.364|±  |0.0292|
|custom:minerva:0|      1|extractive_match|0.364|±  |0.0292|

Finished run for all seeds

---> Starting run: seed=1 (2/3)
Results will be saved
EvaluationTracker initialized with output directory
PipelineParameters set
Pipeline initialized
|      Task      |Version|     Metric     |Value |   |Stderr|
|----------------|------:|----------------|-----:|---|-----:|
|all             |       |extractive_match|0.3676|±  |0.0293|
|custom:minerva:0|      1|extractive_match|0.3676|±  |0.0293|

Finished run for all seeds

---> Starting run: seed=2 (3/3)
Results will be saved
EvaluationTracker initialized with output directory
PipelineParameters set
Pipeline initialized
|      Task      |Version|     Metric     |Value |   |Stderr|
|----------------|------:|----------------|-----:|---|-----:|
|all             |       |extractive_match|0.3713|±  |0.0293|
|custom:minerva:0|      1|extractive_match|0.3713|±  |0.0293|

Finished run for all seeds
Running evaluation for task: custom|olympiadbench|0|0, temperature: 0.2, top_p: 0.7, num_seeds: 3

---> Starting run: seed=0 (1/3)
Results will be saved
EvaluationTracker initialized with output directory
PipelineParameters set
Pipeline initialized
|         Task         |Version|     Metric     |Value |   |Stderr|
|----------------------|------:|----------------|-----:|---|-----:|
|all                   |       |extractive_match|0.6178|±  |0.0187|
|custom:olympiadbench:0|      1|extractive_match|0.6178|±  |0.0187|

Finished run for all seeds

---> Starting run: seed=1 (2/3)
Results will be saved
EvaluationTracker initialized with output directory
PipelineParameters set
Pipeline initialized
|         Task         |Version|     Metric     |Value |   |Stderr|
|----------------------|------:|----------------|-----:|---|-----:|
|all                   |       |extractive_match|0.6296|±  |0.0186|
|custom:olympiadbench:0|      1|extractive_match|0.6296|±  |0.0186|

Finished run for all seeds

---> Starting run: seed=2 (3/3)
Results will be saved
EvaluationTracker initialized with output directory
PipelineParameters set
Pipeline initialized
